user_id,country,device,language,age_group,signup_date
d1a10472-b145-4e37-8e2f-fb09dd8640ea,France,web,Chinese,25-34,2025-09-13
0d044152-4e85-42c2-b2af-2ad08bb98503,Mexico,ios,Russian,45+,2025-11-19
569f0fb4-7d2d-430b-97b9-723cb66886b8,Spain,web,Korean,45+,2025-11-30
bf82553b-18cb-448e-b1e6-45a292ba2e46,UK,android,Spanish,<18,2025-08-31
c633081f-6993-4bcb-b4c4-85b0c3817a8b,France,ios,German,18-24,2025-10-29
959d4a22-d640-4ae8-9a84-e5a07b975b89,Philippines,web,Japanese,25-34,2025-11-02
5690e2a7-d39a-424f-a09e-94fa2baea307,Brazil,web,Hindi,45+,2025-11-05
8cec0b90-b2a0-455f-911d-f873916e2ba1,France,ios,Portuguese,18-24,2025-11-16
27163b15-0ab5-4064-8bc3-31ae818d649a,Spain,web,Russian,45+,2025-08-31
9f05b65c-7bcd-4d65-a5db-cf2c86872112,UK,web,Russian,45+,2025-11-20
720d6601-426a-48cc-87a3-800c354cb9a8,Mexico,android,Spanish,18-24,2025-09-08
ac3da9a8-091c-468f-8b39-1ece1cb5bc36,Spain,android,Japanese,<18,2025-08-31
8f09c763-4ec4-46e5-a1e0-2dfe1e0f4bd8,Spain,android,Portuguese,25-34,2025-08-11
eb051539-be50-4b4b-ba00-6197ed08fae0,Brazil,android,German,18-24,2025-09-25
ccc6a0ef-695d-48b6-96d3-2cebc1499781,Germany,android,French,18-24,2025-11-22
22ecf4bc-955e-4c45-8891-74fde0a48bd0,UK,android,French,45+,2025-09-19
3e1e89b7-89df-47cb-ac3a-9016b980b3a2,United States,ios,Russian,18-24,2025-10-10
b0ba1d08-859b-4a3b-8c9c-fef107a960ac,Spain,android,Japanese,25-34,2025-11-29
21d2b5c3-c22a-49a1-9f0c-2071dd64f7d6,Germany,web,Spanish,<18,2025-11-30
23d22621-e411-4648-bab4-8a5100fdc64e,United States,ios,Russian,<18,2025-11-22
dd191e49-14f1-4bb3-9d5d-1be0fc4db37e,UK,web,French,<18,2025-11-06
99ed815a-311c-44b9-8bb7-f3a907deec4e,India,android,Russian,25-34,2025-11-04
8007e194-d394-4eb2-8fb0-835ea86fc42f,Philippines,android,French,45+,2025-09-30
9af4b668-c5b9-41da-910d-9e61a6073ddc,Germany,web,Japanese,25-34,2025-09-17
077affac-b595-4d22-ad47-9bca4040ceac,Indonesia,web,Japanese,18-24,2025-11-30
f5c41794-50c5-484e-be2c-63d2959a8e3e,India,web,Spanish,35-44,2025-09-23
d0f5b9a8-88c6-4a62-96c2-9db5f5c6bbb5,Philippines,ios,Hindi,35-44,2025-11-08
82cbe59d-f028-4c38-9c54-76ef20610d01,Brazil,android,Hindi,35-44,2025-09-03
bc3ee45e-0817-41f0-a516-3b6e98735b35,France,web,Russian,<18,2025-09-11
511650c1-d69d-4605-ba55-ebd9a52354d0,Mexico,android,Russian,25-34,2025-09-05
f3c0449e-a187-45a0-a9d4-02d5ad3ec78e,Indonesia,web,Russian,25-34,2025-09-25
9aca1aac-ace3-4d8b-9d36-11ef67683db6,Brazil,android,Spanish,<18,2025-10-11
458f3f02-64b8-4d1e-b12c-a9895ac19226,UK,ios,Chinese,18-24,2025-11-05
75e64ab8-2be3-4291-9d63-e8c5d69c11f6,Brazil,android,Russian,35-44,2025-10-07
73d5e923-cae7-413f-834e-bd8fc97e5dc4,France,web,Hindi,35-44,2025-09-19
8daa2c6a-1fa7-4dbe-9344-fd7563b7587b,UK,android,Hindi,<18,2025-10-29
82fddf8d-78b2-4d3f-a969-fb8f48761602,Indonesia,ios,Portuguese,35-44,2025-08-22
b9d8add7-b9fd-427d-bdbc-58652ec854b0,France,ios,Japanese,45+,2025-08-14
da1fac1a-45b8-4651-bf38-db825cc3fcfc,United States,android,Chinese,25-34,2025-12-03
a176ad0e-50ff-4efe-875d-4a39aee972cf,Mexico,web,French,35-44,2025-08-28
0ac0e89f-09d7-4d62-b18b-972d757779fc,Indonesia,ios,Hindi,35-44,2025-08-22
85866c20-26f4-46ac-839d-a00a6cb171d9,United States,ios,German,45+,2025-11-13
c279c376-2ac2-4039-ac75-1fd20bd44471,Philippines,android,German,18-24,2025-09-05
e7225c3a-12b9-4596-9b34-494a598fb63f,Indonesia,ios,Hindi,18-24,2025-10-10
8f884b75-908b-4c9a-b6cd-1d75354aa39b,Philippines,ios,German,45+,2025-10-21
da4567bf-9011-4cce-a71a-b74bc7fe4ab5,UK,web,Italian,18-24,2025-10-29
9c9da1a5-5241-439d-9a18-362f93e073d0,United States,web,Chinese,<18,2025-11-14
edcf1683-a14e-4342-8677-0d2a3cf2311f,Mexico,web,Japanese,45+,2025-11-06
3ffcad3e-4398-4e1e-b2f5-be109a24c8a8,France,android,Hindi,25-34,2025-08-28
572cc919-1dc7-490b-a2b4-55d9d89e4144,Spain,ios,Hindi,25-34,2025-10-21
f04f6287-5763-49c8-9065-978e4e64ec6e,Brazil,android,French,25-34,2025-11-20
288e62bd-de95-4ed2-a2c0-724090534cdd,India,ios,Chinese,35-44,2025-11-22
6e4382c2-5fd6-4805-9b32-256c3b1b3963,Mexico,ios,Russian,45+,2025-10-16
c760a0d1-4892-429d-a5b0-74ed000a7e3c,United States,ios,Russian,45+,2025-11-21
484a9ce3-bc06-4d6b-96ef-86d365ddce19,Spain,web,Korean,18-24,2025-10-19
73d0ae40-22b6-4d5a-b027-f96778b7ae27,Mexico,android,Portuguese,45+,2025-08-17
598000f5-7fa7-47f3-bd1a-95425ebe1dca,United States,android,Italian,45+,2025-10-20
905eaed2-606a-4455-a0f5-7d9ae815d22c,Germany,ios,Spanish,18-24,2025-09-17
7931e2b1-d78e-46a0-929a-3dce78ab0faf,Germany,android,Spanish,45+,2025-10-31
0536fee4-246d-4d1f-98f4-6c4c7f219bcb,Philippines,web,Korean,45+,2025-08-22
fdf4a62f-ccb0-4a8c-8f47-abc35a784b5f,Mexico,android,Japanese,<18,2025-11-28
601e40ed-206c-4c4b-b981-42b3c649bae8,Germany,ios,Spanish,18-24,2025-09-01
bff5168e-0556-405c-a9b6-91c90bebe656,United States,web,Russian,<18,2025-10-06
47bf1af5-c50c-495d-9632-8e1362ab1346,Philippines,web,German,35-44,2025-09-26
a2c56c49-a8b9-45d1-929c-ae08fa8d64c9,United States,ios,Portuguese,18-24,2025-11-18
b94b8b13-e265-4761-a133-81c7f8ab2804,Philippines,android,Chinese,45+,2025-08-07
e49a8a96-1f9f-4baa-b920-d5d01de11821,Mexico,ios,Russian,45+,2025-10-16
0614a769-ee68-42e5-a260-e33c6abf2432,Spain,android,French,<18,2025-11-23
ef90f86c-ae7d-4f3b-a1bd-051a9e188f0c,France,android,Chinese,<18,2025-09-24
7abb3bd8-7917-4312-8fce-dd9345bdc71c,Indonesia,web,Spanish,35-44,2025-10-27
00a26d80-2814-42c4-b966-75a189806fe9,Spain,ios,French,35-44,2025-08-19
26099ae9-c7e5-48fe-adb5-c861fa0f3173,UK,web,Chinese,45+,2025-09-14
133cd3e8-870d-48f9-a8a7-2b0e40422ac0,United States,ios,Hindi,25-34,2025-09-15
fdb3d43e-b49f-420a-981d-0a643ba48917,UK,ios,Italian,35-44,2025-08-12
baa6abbc-4710-4471-8440-cb58d213d44a,Spain,web,Russian,45+,2025-08-15
f49e2f83-8343-4aea-905c-fcf954b7cbf8,Philippines,ios,French,35-44,2025-10-18
d29ea40c-7669-420b-9f58-22da3ed49e61,Indonesia,ios,Korean,18-24,2025-09-21
e11e616c-9f25-40fb-bfac-b81930a24622,Indonesia,android,Italian,<18,2025-11-09
5c0c7da7-1bee-4d7b-a85f-2e4dd04a3d81,India,ios,Chinese,45+,2025-09-04
43033376-4bd5-41d2-8f90-c58734cf19d3,Indonesia,ios,Japanese,35-44,2025-11-25
d7847155-68fb-4a16-9375-6ad05c12f118,France,web,Korean,<18,2025-11-28
b9807617-5f4e-4a19-881b-34fcaa2c42f0,Indonesia,web,Russian,25-34,2025-09-10
d4aacb52-7ba4-4bdd-af74-d21bfd737a66,Spain,ios,Hindi,35-44,2025-11-04
0dc06afa-9c3e-4319-9f57-e70c79f447d2,India,android,French,45+,2025-08-27
a88a68b6-0a9e-48cd-8b8b-d4248b62abc7,Spain,android,German,18-24,2025-10-27
8366072a-850f-4bc8-98f2-a00172505b9f,Spain,web,French,<18,2025-11-23
021a185e-03c2-420c-88e0-90ca9a872c39,Brazil,ios,Italian,<18,2025-08-16
3e0e75cf-e7fb-4d13-aa63-d30485199474,India,ios,French,18-24,2025-11-04
1b1585a5-c000-44f0-851a-77c559278b7c,Spain,android,Italian,45+,2025-08-15
56855ad6-cca6-4874-bd60-98a7f10b163a,Brazil,android,Korean,25-34,2025-11-21
a9e57f34-9d2a-4756-ba48-29e658c3f594,Brazil,android,French,18-24,2025-10-16
a0f991a2-0a10-43cb-b927-cae3816a7b64,India,web,Korean,25-34,2025-10-29
af8c6ef6-26dc-43bb-8b5c-85c90d3a383b,UK,ios,Hindi,45+,2025-10-06
e47688b4-3aa3-436f-b236-21206e49b7d2,Philippines,web,Hindi,35-44,2025-09-13
c1e7d819-6e9a-40c4-9768-9560e079aae6,France,ios,Italian,35-44,2025-08-19
5199d364-a4ec-4420-b1fe-897064fd9c8d,Philippines,web,Chinese,45+,2025-10-18
80fa9657-70fc-4b2f-852e-fd97ab868d42,Indonesia,ios,Hindi,25-34,2025-11-13
31d241f5-eb9c-43b7-a674-680d96e64a4b,France,android,Portuguese,18-24,2025-10-17
4aec4709-d0f2-4705-b787-9b59699c1cc7,Indonesia,android,French,45+,2025-10-19
00bc3e88-0b8f-4ee5-ab53-3a4ad444b9bc,Spain,android,Portuguese,45+,2025-11-07
ff6f9b1b-7f06-4866-a2aa-5215e79794be,United States,web,French,35-44,2025-09-09
ae1aaa56-4338-4437-ad12-75959a4b092b,India,android,Spanish,18-24,2025-10-30
4eeca088-5b50-46e8-b729-7577cd4b501c,France,ios,Korean,35-44,2025-09-05
c09c1652-b5f5-4b0a-ba9c-ca123269b972,France,web,Italian,25-34,2025-08-06
2863dcc0-3598-45c7-8bdb-f1ee47d3e365,Spain,ios,Russian,25-34,2025-09-07
3bd9b234-2a41-45e3-ae73-e0919522523b,UK,web,Russian,<18,2025-09-12
a9f391ae-3ce2-46ea-8c07-893c9c3d30a4,Brazil,ios,Japanese,45+,2025-11-24
ac73a4da-8558-4a6c-91fb-fa222872865e,Spain,ios,Chinese,18-24,2025-09-17
f62a2385-8693-43bf-8e6a-1e1071cdb79a,Germany,web,Italian,18-24,2025-09-13
e9293ceb-0177-428d-928b-74da7bf7298d,Brazil,web,Hindi,35-44,2025-11-12
cec9549b-37fb-41bc-a037-25a05a769d08,India,android,German,35-44,2025-09-26
07a5879f-34d7-4d1f-84df-6ca83acf8e94,Brazil,android,Chinese,18-24,2025-09-01
eba7f340-5a05-4bda-8162-10b0f8d99bec,UK,ios,Chinese,35-44,2025-11-02
9de95b9d-4747-4a2c-8a4d-4baa15ea2467,Brazil,ios,German,<18,2025-11-13
a4bd7010-eeb1-4f62-b05a-467f37ac7c42,India,ios,Korean,45+,2025-10-05
3a61f84c-8f5c-4e4c-a873-b4d45e0b4ac2,UK,web,Chinese,<18,2025-10-16
04216a1e-5b02-4223-9bc6-454fba9fa340,Philippines,web,Spanish,25-34,2025-10-30
9df6e185-e6d3-459b-8820-6ce3911335fe,France,android,Chinese,18-24,2025-08-07
3c260470-7fce-4d0f-af45-f80b5961c107,France,ios,Japanese,<18,2025-09-13
4f8f264e-8079-4a34-9823-7ebca4dab993,Indonesia,android,Portuguese,<18,2025-09-06
4ff0120a-61ef-42d9-89d8-402466a2c821,Philippines,web,Russian,35-44,2025-09-23
642e37a9-5e8f-497d-872c-1ce438436db3,Philippines,web,Korean,35-44,2025-11-05
60b4fa12-75b9-43bd-91be-fbe557035684,Brazil,web,Italian,35-44,2025-09-07
cd18c3dd-bb8a-4e9d-b9e3-6116f546765e,France,android,Hindi,25-34,2025-10-23
89309e9d-feb3-443e-ab84-249762189261,India,web,Spanish,<18,2025-08-18
4a8dd689-6c8b-4d6d-a433-e2296c61dd4d,Mexico,ios,Korean,45+,2025-08-27
e1d19f1c-2d90-46f1-a6be-bad75ecee3a6,Mexico,android,Portuguese,35-44,2025-08-26
1af21394-38db-4476-be15-dd8f5b1a2eb7,UK,web,Japanese,25-34,2025-11-26
f410dd97-c41c-4a4d-ba04-7cc63b6c84b6,France,android,Portuguese,25-34,2025-11-04
944e37fc-d2f1-4530-b801-06eaaac6f950,France,android,Italian,35-44,2025-08-20
4a19f373-ba1d-49e4-b822-ba97a16a44a8,Mexico,web,German,18-24,2025-11-29
7e1e0231-32bf-40d1-aa02-1e63a3436003,France,web,Hindi,<18,2025-08-22
9e885221-3ba1-4de4-abd8-09b63ef77eac,Brazil,android,German,35-44,2025-10-24
8c01adcb-7d7d-426e-ac22-9e5e2a48852e,Germany,android,French,45+,2025-10-13
388435af-ac31-4e9d-84d0-bf2aefdf073f,United States,web,Japanese,<18,2025-10-30
6b66753e-bad2-4d22-9c19-0b5ca8a3d2ab,Philippines,ios,Hindi,25-34,2025-11-25
cbc48f38-68b6-48a7-87a9-d6ede51fe55d,Indonesia,android,Italian,45+,2025-11-06
7dc8b8b5-54df-4b09-9c01-d04c38e9f0c4,UK,android,Korean,<18,2025-08-09
72d8d33b-9f8f-46ac-bda1-34979e329a27,Germany,ios,Russian,45+,2025-08-05
febf7c91-15d9-4f80-b0b3-198433525abf,Mexico,web,Hindi,25-34,2025-09-22
71928fae-5e84-4997-8335-41da211adbf9,Philippines,web,Korean,35-44,2025-08-13
1981c919-d6ad-43ff-82b4-3cc945c41127,France,ios,Korean,45+,2025-09-03
6411e1dd-c6b9-4156-b46f-06b7013e3454,Indonesia,web,French,35-44,2025-10-24
61fd54dc-5db7-4012-bdf0-6df9b6313aa4,France,web,Spanish,25-34,2025-11-06
f83a6904-ef48-441a-ba16-38bf7bbaa495,India,android,Japanese,25-34,2025-09-11
4b988056-3863-44e7-84a5-2bd0463f35c0,India,android,Japanese,45+,2025-10-01
08a2b066-eb5d-4a82-81a3-a743551d801c,Indonesia,android,French,45+,2025-10-14
07f03261-034d-45a2-b016-a6412c863350,Indonesia,ios,German,25-34,2025-08-12
a7352983-88a7-44e4-9f70-30c573cdc0bf,Mexico,web,German,45+,2025-08-08
ffcb7c29-9201-4336-873e-05c07fe4f7fb,Indonesia,web,Italian,45+,2025-09-12
1d749bb2-c9e1-4554-9fbf-98f33205a6cf,Brazil,android,Spanish,45+,2025-10-06
283c1564-6f52-45fe-b621-66dbc6421173,France,android,Korean,45+,2025-11-15
7ffaac50-d9a0-48d0-b09e-b725386b235e,Germany,ios,Chinese,<18,2025-10-31
b28bbecb-8ca0-446e-acbf-d2c4f39e0e95,Spain,web,Chinese,25-34,2025-11-16
bfe13d05-26bc-4cf8-8988-afcd52c95ccc,Indonesia,ios,German,25-34,2025-11-02
223414f7-92e0-45b5-baa9-62f52920b1f9,UK,web,French,18-24,2025-08-30
620cef1c-72d9-417b-a3ac-408a010b915d,India,ios,Spanish,35-44,2025-09-23
4b291b11-fa42-40c5-9ab0-65887820bf52,Brazil,android,Portuguese,18-24,2025-09-26
c276eb66-52e9-4673-a594-af786a8d13a7,Philippines,ios,Russian,45+,2025-10-31
75865e23-ad40-4749-9907-f6a0afaf48f0,Spain,ios,Spanish,45+,2025-08-30
a51e639a-c048-437a-b71c-2c791aa828bb,Germany,android,Italian,<18,2025-09-20
8b3a946f-6b86-49b1-9a3e-147f78234f97,Spain,web,Korean,<18,2025-10-10
54b82da7-3e65-4fb3-828e-04b701a61723,Indonesia,web,Korean,<18,2025-08-11
a3b03774-501b-4de2-92af-dd3214435da8,Mexico,android,Japanese,<18,2025-09-20
b3bcd4ac-4fe6-4e03-aa51-9cc974a46575,India,ios,Hindi,<18,2025-10-13
3978253f-b0dd-48ce-902a-a11570919df1,India,ios,Hindi,<18,2025-10-18
d161d273-d1cd-41d6-a892-be51291a0ae8,Philippines,ios,Japanese,<18,2025-11-05
de051c99-4b48-40cb-b5eb-b8e71e4ce8f1,Mexico,web,Italian,<18,2025-11-16
fd23f841-d51b-4d49-901c-9902b46e7492,France,ios,Korean,<18,2025-09-29
fb083842-9890-426b-89dc-6f40707afa90,United States,web,Hindi,25-34,2025-10-01
a155d8f6-d674-40be-b726-c3298b00fce6,Brazil,ios,Hindi,<18,2025-11-22
3db51040-da5c-4a04-a048-c61994010a5b,India,android,Russian,35-44,2025-08-29
4fa06937-e0b5-4d57-93b6-3ee389ae5f39,UK,android,Hindi,<18,2025-11-27
7ebc2aa0-5005-4dfe-8799-bbe0d77ecd09,India,web,Korean,45+,2025-08-15
f5fcef65-bf59-4396-928c-f82efe54c765,Spain,web,Italian,45+,2025-11-19
5e497b8c-80e4-4144-abbf-609d6a3e6051,India,android,Portuguese,<18,2025-11-14
bf7b8b99-ba30-4cc5-84dc-e3679b4eca42,India,android,German,<18,2025-09-14
2d5055db-cf18-4d8e-b4cd-ff4fb785a19b,United States,ios,Spanish,45+,2025-11-13
3e6cf015-692d-4fc1-a192-8cc23228278d,United States,android,French,35-44,2025-08-24
998ecae7-191e-4967-8899-ba02a53a5d41,Germany,web,Chinese,18-24,2025-09-07
1be95397-20e9-44e6-8bf2-c14f07bcbdb8,France,android,Spanish,25-34,2025-10-10
28770d4e-65a7-4925-ace6-083bcee45d21,UK,web,Russian,45+,2025-09-18
b7da32a5-6320-40cc-a918-4d5a23246ddf,India,web,Hindi,<18,2025-11-25
919b92d2-64cf-48e1-8854-7c22709671f6,India,ios,Italian,25-34,2025-10-15
f0738e20-8f6f-4c03-891a-dfe50cffcf7e,Brazil,ios,Portuguese,<18,2025-10-16
9560044c-bd7c-4d6d-b278-55f0ab0be462,United States,ios,Chinese,18-24,2025-09-18
1387d943-6967-414d-bf31-5cb90ef44347,UK,ios,Japanese,18-24,2025-10-05
dfba791b-fc42-4470-a80d-af8cac83dcaf,Philippines,android,Portuguese,45+,2025-09-27
6b4a8c25-a6a6-47b4-a45e-0ad21c974840,Germany,ios,German,25-34,2025-11-01
8ca23034-cf05-4ecf-a612-a9f2f6efb55c,France,android,Hindi,25-34,2025-09-24
3c65a6de-adfc-43e4-aedd-fd5f439d4ccf,Mexico,ios,French,18-24,2025-08-15
60832817-d08e-4c43-b1b5-1009ee231fe7,France,ios,Chinese,<18,2025-08-05
1b0c9a09-c4c8-411f-8e19-b7ff82faa2bf,Spain,web,Hindi,45+,2025-12-02
c21c3ac3-0319-4746-9810-3e99fd1003a6,India,android,Chinese,35-44,2025-09-07
67b44292-56fe-47d0-a3e4-bbc03e77736d,Germany,web,French,18-24,2025-09-02
8d864476-846c-40d2-bb0f-4c3c1e9dd46a,Spain,ios,German,18-24,2025-11-19
b46ed1d9-6f63-4e8f-8bcd-f46a94d51bba,UK,android,Japanese,45+,2025-09-07
1bb15bb6-d1f1-4a67-84ce-1737f3cc96a2,Mexico,ios,Korean,<18,2025-08-12
f4ace68e-843a-4339-9f4c-cce5aeb7966e,United States,web,Italian,25-34,2025-09-26
85eec295-fbbb-43b8-ba09-a74ae8ed4d2d,Germany,android,Portuguese,18-24,2025-08-29
b6cee4e1-77e8-411f-ba34-7efe98adf007,Germany,web,Spanish,45+,2025-10-30
b937e398-17f1-4860-b22a-f5a926ec1fc7,India,ios,Japanese,45+,2025-08-27
b5c9e657-2661-4aaf-a207-b7ab1b32d239,Indonesia,ios,Japanese,45+,2025-09-12
2b5ecd0d-8477-4648-80c9-8359820ffbbd,Germany,ios,Russian,25-34,2025-10-21
b6768c05-15da-430a-945b-255581f7c814,Brazil,android,Chinese,18-24,2025-11-19
74df38b3-e9b9-4b94-b0d6-c4289a8c3530,Mexico,web,Chinese,45+,2025-10-27
ed3af8ea-eddc-456d-90f5-f13af3e40946,Mexico,web,Russian,25-34,2025-10-09
c3691d07-7b41-457c-92e6-fcc947229d08,Brazil,ios,Portuguese,<18,2025-11-13
f089c0f2-e131-4668-b4a3-95d340007e5f,Philippines,web,Chinese,35-44,2025-10-06
1c1fbcae-5256-4870-94d7-443088ca1772,Brazil,android,Korean,18-24,2025-12-03
69a13ae0-6a45-4147-b29d-173d87494dbb,Brazil,ios,Italian,25-34,2025-09-02
41047d93-7aaf-49f6-848d-2a60f677fdb7,Mexico,ios,Spanish,35-44,2025-08-13
f0cd0b38-1448-48ed-8787-43712710fa78,France,ios,Spanish,35-44,2025-09-02
4b2f3610-752f-4449-b17a-c9668c7b9eef,Mexico,android,French,25-34,2025-10-31
b68c526c-eff2-4075-a9e6-0e6c6a2aa5d9,Indonesia,ios,French,25-34,2025-09-30
4f7a2833-3d35-4d34-b2fe-e44ba4bd5a7f,India,ios,Italian,25-34,2025-08-28
2767bd96-0c1e-4206-98e9-45725ffa5af9,Spain,ios,Hindi,45+,2025-11-11
50783fc3-3fa9-4bd2-bd08-ed95f0992f9c,France,ios,Hindi,<18,2025-09-30
3fb22df9-7f0b-41ff-8822-2254adbb5de1,United States,web,Japanese,45+,2025-08-09
82e60ebb-59bf-4d7c-b6e6-ceb6bd5673fd,Spain,ios,Japanese,35-44,2025-11-20
c66f3d09-6f1f-495e-83b4-9dc7e28bdf3f,India,android,Russian,35-44,2025-08-14
e4380c67-f613-49aa-9d46-7f41cef6132b,Indonesia,ios,German,35-44,2025-09-14
ae12053d-533e-4819-921e-554e1879f294,Indonesia,ios,French,25-34,2025-10-26
978a34ba-0f54-4a4b-abb9-34f8eb54e827,United States,web,German,18-24,2025-08-18
f9aae0f5-3b37-48a9-bb76-8438782f244a,France,ios,Chinese,45+,2025-09-13
57a6d5d6-03e1-47f2-8aa0-f97da0c50bb9,Philippines,web,Spanish,18-24,2025-09-30
13d40382-08c9-4801-8648-78e7fd52e193,Brazil,android,Japanese,<18,2025-09-17
bb880d1b-66ab-4513-adaf-303a389fd043,France,web,Hindi,<18,2025-11-08
4640f9bc-fea0-4dc2-acec-27e517118af6,Philippines,ios,Italian,45+,2025-11-14
32f0e883-0f91-4de9-a3b1-61b930e37cc5,Indonesia,android,French,35-44,2025-10-17
5ae44823-7ca3-4723-8a2f-3f3cf328f8c5,Mexico,ios,Spanish,<18,2025-08-28
6cce6669-a5d5-4a62-bee8-eb23c8ac62a0,India,web,Portuguese,18-24,2025-11-13
2cde6c18-10cc-43b4-8127-b3e82ddf1852,United States,android,Italian,18-24,2025-09-25
e2312fe5-b4bd-4e91-9c9c-12ee7b27f0e1,India,android,German,25-34,2025-08-26
6e25fe09-0422-4c21-b6c5-e391aa1b6654,UK,web,Korean,35-44,2025-08-07
4125af01-e125-40bb-8fad-a25a48248179,UK,web,German,25-34,2025-09-27
2a12e0f6-ddce-4d5b-aa3e-e8230b3d0682,France,android,French,45+,2025-08-08
a8358ad4-0248-4666-a200-346e730dab4f,Indonesia,android,Italian,<18,2025-12-03
94bd6bbd-6cf0-47b5-a6e2-83a3474c3eeb,Indonesia,web,Korean,25-34,2025-09-18
a1d4a293-c5ca-4d67-80b3-8535371fdcb8,Brazil,ios,Chinese,25-34,2025-10-23
0f944846-80d8-4254-bbf1-a52080f490d2,Brazil,android,Portuguese,45+,2025-10-02
8fed51d3-5746-4f5a-afa6-735493acac91,Brazil,web,German,18-24,2025-12-01
f4b153f0-677d-49e2-a2ff-f33b8e00d279,Mexico,ios,Portuguese,18-24,2025-11-19
354b6e19-697f-47d5-8dd1-0a27b1e1f3f5,Spain,android,Italian,45+,2025-08-07
df771bbf-2b05-4f19-8dcd-eeeb4804a4cc,Germany,android,Spanish,18-24,2025-10-18
4c1aa2d2-ef9e-4abe-b7e8-ba19490718e0,Spain,web,Italian,45+,2025-08-13
31fd461f-f6a8-4559-931e-207a8372aeb8,India,ios,Hindi,18-24,2025-08-19
e9a37235-508c-425a-bc68-1f960bf0594d,Spain,android,Korean,45+,2025-08-22
41653bfc-86b5-47af-a1ff-83826ca14104,Mexico,ios,Spanish,18-24,2025-10-25
a40a9c36-8839-4231-9735-ebb33e1f04a6,India,ios,German,25-34,2025-11-03
8debca6b-7aaf-4eb6-b945-ee9ed3c341fa,Spain,android,Chinese,25-34,2025-11-26
127ec29f-dafa-44c9-92d5-3aea27cb0133,Mexico,ios,Portuguese,18-24,2025-11-03
61f30461-d999-4ca6-9485-a7fbb26d4c2e,Germany,android,Italian,45+,2025-08-13
aa16c166-d681-4486-b422-51aca89275cf,Spain,ios,Russian,25-34,2025-09-22
662a777d-0e50-4459-93e7-ad5246d6d381,Mexico,android,French,<18,2025-11-23
068eb750-c7b3-4eaa-aad7-39f521dcdc66,Brazil,web,German,18-24,2025-11-23
d81e356d-4b71-4e06-bac6-09b19a7a68a9,Indonesia,android,French,<18,2025-09-01
86b4aaa5-95af-429e-b3d2-3343b525f65e,Brazil,android,Spanish,<18,2025-10-02
d33e96f0-e325-48f3-91a7-316d12f46769,Indonesia,android,Hindi,35-44,2025-08-21
8b3a2df7-7d89-4e57-ac1b-0e9bcc066681,United States,ios,German,<18,2025-11-25
294e66ec-88d6-4ca6-a49c-43bef2d59968,United States,web,Hindi,<18,2025-08-28
f39f1019-9882-41af-b249-23ebaf5c26ca,United States,ios,Hindi,35-44,2025-09-26
4db465f8-476c-4023-96e9-fce4390cabdf,Germany,ios,Chinese,35-44,2025-08-27
b320f644-de1d-4d4e-8ed2-197546fe2b2c,Brazil,android,Spanish,35-44,2025-11-17
21b39c4b-e63c-4307-bef3-402128ba7b2f,Indonesia,ios,Italian,45+,2025-11-17
92d3bde8-d310-458f-a936-8e3a78faac63,Mexico,android,Russian,35-44,2025-09-10
330d2de0-b124-49bd-9159-206aff2b67f2,India,web,Korean,45+,2025-10-04
ffaffc21-83cb-4021-8a16-99117ebfc47d,Mexico,ios,Hindi,18-24,2025-09-24
1ca21132-426a-464f-b60d-934c9dde484e,India,ios,Spanish,45+,2025-11-12
860f2725-05e3-4f9c-81c1-81c0de001403,UK,ios,Chinese,18-24,2025-10-31
f8bc3168-1a72-4f06-9125-af26ecffd1a9,Mexico,android,German,35-44,2025-09-27
e6a29c27-3e18-418a-8685-79631f28ff89,Spain,android,Japanese,35-44,2025-08-14
7d6e9944-db3d-4905-90ea-038f4ac2124b,Spain,ios,Japanese,18-24,2025-09-17
6a54fe23-c52b-4f40-9083-0318cfc1a26b,France,ios,Russian,25-34,2025-10-10
70eae1fc-9523-400a-a4ce-be6c65ce875d,Brazil,web,Chinese,45+,2025-11-06
6467b503-bff7-4b6b-9b5f-cfefe883a9e0,India,web,Spanish,<18,2025-08-07
f2ff967b-f217-4ef8-b3d5-c7e4f25e31cb,India,web,Chinese,35-44,2025-09-25
b7e7e7cc-1431-4e1a-baf9-1d84ddec40eb,Brazil,web,Korean,45+,2025-08-29
60303745-e569-4d70-a13e-eb91095eb0de,Germany,web,Korean,45+,2025-09-01
b798add2-2c76-43c7-bfa8-fe8dfa237ad3,France,android,Italian,35-44,2025-09-06
2701c3c0-ae93-49df-b4ce-f290dc4611e2,Germany,web,Japanese,18-24,2025-11-08
4cff9a65-1e7e-4855-8183-25c643addd99,Germany,web,Japanese,35-44,2025-09-03
cb3b801e-b860-4c45-a385-54a9ebf4ee33,Germany,ios,Korean,45+,2025-10-25
e2a81916-8846-4821-b908-dc24ab9e8cf3,Brazil,android,Chinese,25-34,2025-10-13
961da62c-052b-49bd-8558-2b66d12405f4,Germany,web,Russian,18-24,2025-09-09
f9a66400-5da9-428e-b1bb-a0b5bd51340f,Spain,web,Russian,35-44,2025-09-11
dedad2d4-53d4-485e-a4ab-13d358866217,United States,web,Hindi,<18,2025-10-17
6a4fec32-2cef-42b3-8c56-fbd44dbfd581,UK,ios,German,35-44,2025-10-08
abb453fe-4230-4132-9447-08ae7ffcd391,India,ios,Japanese,45+,2025-08-10
81596185-61dd-4ae3-96c3-de3c05a7dd78,India,ios,Korean,45+,2025-09-28
de0ce316-2ac8-45e7-9cad-dca16d274124,UK,web,Chinese,<18,2025-10-07
8582a12e-ec6f-497d-b444-d604b903e168,Brazil,ios,Spanish,18-24,2025-11-18
0a9e0a24-1b95-43bc-acac-2d51515e6170,Mexico,web,German,45+,2025-11-02
3c93cb9a-6e8d-4e9c-a1a9-ec4ff2027ca3,Brazil,android,Russian,18-24,2025-11-05
0f6d32d3-3a35-4d23-b188-58a35c61106c,India,web,French,18-24,2025-11-25
67cef4ba-ce21-4f4c-a7be-49c24ea7a7e2,India,ios,French,35-44,2025-10-21
f4b950e0-0b12-47c0-93d4-28cce0b0906a,UK,android,Chinese,18-24,2025-12-01
bb625435-1659-462f-97aa-89daf6663683,Germany,web,Portuguese,45+,2025-09-19
199bb43e-6306-448a-90fd-c3d4a5f1c561,Brazil,android,Portuguese,45+,2025-09-24
27f18720-4c5e-4277-8eb5-6fe74284d2fb,Indonesia,android,Japanese,25-34,2025-11-04
b4daff1f-59f1-4f90-b826-0f3d7d72bb03,UK,android,Spanish,18-24,2025-09-19
f9f355cf-1427-4857-bffb-46e84f617092,Spain,web,Hindi,25-34,2025-11-05
32854a3c-241f-4c1a-8ee2-01317117e287,India,ios,Chinese,35-44,2025-12-03
291b02c9-264f-4549-924e-8e0018f53873,UK,web,French,25-34,2025-11-24
da678842-3b9b-43b6-9994-7850e1c91ce8,Brazil,ios,French,18-24,2025-09-04
66e616bd-502e-4f40-913e-1b4910b6a9c2,India,web,Spanish,45+,2025-09-14
b33386cb-6247-4597-8320-1ddfe3489cf3,Mexico,web,Japanese,35-44,2025-11-26
ed7884b2-0fb0-4850-94d9-b04a3f7a4098,UK,web,Portuguese,18-24,2025-11-04
ee6d3f78-57fa-443d-aea7-8e7553d3da0a,France,ios,Italian,35-44,2025-11-25
bd429b1c-2b60-4eb4-9e38-9260162078c4,India,web,Japanese,<18,2025-08-10
6e18e92b-184b-4feb-9809-7c016a462a57,Brazil,android,Japanese,18-24,2025-11-29
b73c1577-7b7d-4b55-8d8f-563b425fe16d,United States,web,Russian,<18,2025-08-15
7e477706-287e-4f00-a192-24ac648ce743,Indonesia,android,Hindi,25-34,2025-10-22
4b0ddf7a-c72e-4c1f-baa8-9626365e96b3,Philippines,ios,Hindi,18-24,2025-11-24
73eb1923-007e-4ebb-a5de-03c5d28ea9e4,Germany,ios,French,<18,2025-09-29
f4b35b44-9ca2-45f6-899a-b8ac175dd070,Philippines,web,Hindi,45+,2025-11-03
bad8d545-16ca-4762-94b2-076184fdc8f2,Brazil,web,French,25-34,2025-10-29
1ece62c3-93b9-479b-a313-ee4a5c1b9114,Spain,web,Japanese,18-24,2025-09-09
3d194f9c-a06d-4423-8d6c-e314b996d9f2,Spain,android,Spanish,18-24,2025-10-02
ed262685-4568-431e-8149-472dc3252eaa,United States,ios,Italian,45+,2025-11-06
edcbc05e-5417-4b9b-aaa1-28e8d743cf1d,Germany,android,Spanish,45+,2025-09-25
746ed54b-f6a0-415e-a89b-efde84a057f0,France,android,Japanese,<18,2025-11-17
0771e156-4a90-4cb5-8c03-88ed5a5fa784,United States,web,Korean,<18,2025-09-02
8a43852e-70eb-4532-8565-8c26e9a7835d,Philippines,web,Chinese,<18,2025-08-06
599aace8-7d13-411b-a130-a7cba8088c75,United States,android,Portuguese,35-44,2025-08-13
4d8082cf-9dc5-4db6-bfd6-36b23ad9791a,Philippines,android,Chinese,25-34,2025-09-21
368c306d-7c30-42bf-8aaa-ff8789d50e50,India,web,Italian,18-24,2025-09-21
bfe87209-de7d-495c-b62a-1de5b8418146,Spain,web,Hindi,25-34,2025-10-04
fa5ddfbd-f427-4f55-867e-90014b3e6b9e,India,android,Chinese,45+,2025-11-02
4c33622e-f3cd-4056-80b0-e7224b8c5861,Indonesia,web,Hindi,25-34,2025-08-25
5c583c77-d7f1-4539-8e31-6fa2e1d3785b,Germany,web,Japanese,25-34,2025-10-04
5578bfef-4a75-442c-afa8-30ba6cc2066a,France,android,Italian,<18,2025-08-22
002d3f1e-bc08-4a9e-aa05-8003f1de9eb5,Philippines,android,Russian,45+,2025-10-12
9246b828-1c7c-4c5d-98ab-4a472bc6726a,France,ios,Portuguese,25-34,2025-11-09
6cf87d29-ae2c-4c70-a3a2-df8bb127c92e,Philippines,android,Portuguese,18-24,2025-11-21
1628ec4d-ef5a-4cde-a1af-16ad30c954a7,Brazil,web,Korean,<18,2025-11-21
b1ea1699-f5f4-4a60-974c-2eb728135961,United States,android,Russian,25-34,2025-09-10
fe822c17-cdb2-4c40-aef1-cdb6329bac73,Indonesia,android,French,45+,2025-10-09
f39edd71-fdef-43ad-b091-487b608edca9,Spain,android,Portuguese,18-24,2025-10-19
3629f3eb-7550-4ced-9de7-80ae6926f09f,Philippines,ios,German,45+,2025-10-10
7c425075-6ccf-47d4-8107-8a09ec64d368,France,ios,French,45+,2025-10-12
a4e352d0-403d-476f-87c4-5300ed6a9a22,Indonesia,web,Portuguese,45+,2025-10-05
ac5cc141-b856-4983-8574-46482f221894,Mexico,ios,Japanese,35-44,2025-08-15
41b6c2f1-0aeb-492a-8469-ff21b0145372,Mexico,android,Italian,18-24,2025-09-01
f3a7c006-4e8b-4ecf-bead-5b3a40ba60e4,India,ios,Italian,45+,2025-11-27
0d825fef-a74e-421b-821c-d308653f7916,Spain,android,German,35-44,2025-09-08
585d80cd-51b5-40aa-bef4-a3c28ff4faec,Brazil,ios,Japanese,<18,2025-09-11
8f1e7a74-e562-44f8-9fc1-4acb4976af74,France,ios,German,35-44,2025-09-12
a71939e9-e794-4984-bc65-5b58206406e8,United States,ios,Hindi,<18,2025-11-21
170c5fcb-3c00-4bfa-a75a-6fe79ae7c28f,United States,android,Spanish,35-44,2025-11-26
3a75fa3d-0394-43bf-8014-22abc2693fad,France,ios,Portuguese,45+,2025-10-13
c2d5131d-2668-4643-b8fd-ebb6d32000c2,Germany,android,Japanese,35-44,2025-09-01
4cf56456-d2b7-47e2-ad51-21916830b9f0,Brazil,android,Spanish,35-44,2025-10-21
7ba936fd-47db-43b6-8a0b-76524488c996,Indonesia,web,Spanish,45+,2025-08-23
f683488e-de7d-4206-b83a-4c24c5cc61f4,Philippines,ios,Italian,<18,2025-08-15
bba6c8c4-4b34-4a14-82a8-f09ecb6f7261,Germany,web,Italian,45+,2025-11-20
cf71bc11-3b13-4af1-8345-b529d8398c64,Philippines,web,Russian,18-24,2025-11-02
05b4e01c-b160-40e4-a8d7-e50aeea13e18,Philippines,android,Hindi,35-44,2025-11-09
40e4e4e1-2f4f-413d-9906-624ea3b9863c,Germany,ios,Japanese,18-24,2025-11-09
7b5ff609-55f5-4716-a4b5-9d295efc198a,India,android,Korean,45+,2025-09-26
fb8d236a-3967-421c-a0a9-e0de89e09d75,Mexico,android,Japanese,45+,2025-10-07
88e12136-ca0e-45de-8666-6ef73417b2d5,Philippines,ios,Hindi,25-34,2025-11-16
856bf551-91a3-472b-9537-6689d83be4a4,Germany,android,Italian,18-24,2025-10-10
7e1f5463-d449-4d55-9d8b-6e86148da6ff,Germany,ios,Italian,25-34,2025-11-10
4ff80518-1d0d-45bd-ab11-d2cbe1ae206e,UK,ios,Portuguese,18-24,2025-10-29
1ebc5bfa-9315-4777-9d52-d3856976ea79,India,android,Chinese,25-34,2025-10-05
8473c51d-8522-40a9-919e-8eefc788611d,Spain,android,Italian,25-34,2025-11-02
9ca70b68-7ea4-4d89-a904-d9707b93f27e,UK,web,German,18-24,2025-08-14
58990aad-816d-4071-aaf1-01acb55660ad,UK,android,Portuguese,45+,2025-08-07
40cffd7c-b948-4cb8-99a7-05ce5f1ffe46,France,ios,French,<18,2025-11-24
2e66cb97-76f6-4cd1-a140-6535381846c2,Mexico,web,Chinese,45+,2025-10-08
280e00b8-e714-4203-bd47-8b907c6d0a99,Germany,ios,Chinese,<18,2025-08-22
fb61c167-f0ee-4e7b-8ab6-423de69273fd,Mexico,web,German,18-24,2025-08-15
a98dd73b-835b-4608-9acb-94b90e93139f,Brazil,android,Chinese,35-44,2025-08-16
d0523426-68b0-438b-8944-94fd614b2568,France,android,Korean,45+,2025-09-24
7a60299b-95ba-4869-b677-76fa764bfb3b,Spain,android,Italian,25-34,2025-11-21
94893c92-0ff0-4e43-b69b-1ad945fc63f1,Mexico,ios,Italian,45+,2025-11-27
a6228878-9c15-4bdf-8ac5-8e3ea644afbd,United States,web,Portuguese,18-24,2025-09-11
b2083b2c-2758-4d84-bfb3-1757534222e3,Philippines,ios,Hindi,35-44,2025-09-25
22a7b1ae-ea25-444b-9402-4c4c270c8467,Brazil,web,German,35-44,2025-08-18
a10c9e9e-7ac1-4c2b-bc44-b430400cb105,India,android,Italian,45+,2025-12-02
b47699f1-6efb-4e67-8952-27280f1cb2c0,Spain,ios,Spanish,45+,2025-11-22
16f7ef39-3ea1-4b5b-83aa-88b5fe8296c9,Brazil,android,Russian,45+,2025-08-07
8c7b9970-07d8-4d2c-8172-5a036e986ad7,Philippines,ios,Italian,18-24,2025-08-29
54c2f2b5-656d-451a-84cc-a0af485407d3,France,android,Japanese,<18,2025-08-17
0e6c37cd-1a10-4621-a1b9-ae0149d5a684,Philippines,ios,Spanish,<18,2025-11-03
439d525a-8194-4f60-9011-263c2057b63d,UK,ios,Hindi,25-34,2025-11-12
638fbfe6-5f1d-4f67-96ea-21d6217f331a,Philippines,web,Spanish,18-24,2025-10-12
890685d0-2e21-4a8b-9d5f-1eed00c9cc69,UK,android,Chinese,35-44,2025-10-02
d6cf7d2c-b5b2-451b-9c40-1253ca97cf63,France,web,Russian,25-34,2025-10-03
73ac81d7-3b0f-46d5-acce-ac43e391d76f,Indonesia,web,French,35-44,2025-11-06
dd670375-2d33-434d-b634-bfbc13e77fd7,UK,android,Russian,35-44,2025-08-15
7940572c-53f0-4c0d-a4e0-e998955b4ddb,India,ios,Italian,45+,2025-10-13
78c54293-34a4-43db-9ffc-6d8b3da35460,Philippines,web,Portuguese,35-44,2025-08-10
534ce59e-793e-4fde-9c63-eea984b98ca2,Philippines,android,Korean,35-44,2025-11-26
baf532a6-538e-4e58-a961-e26175727702,India,ios,Hindi,18-24,2025-11-12
94531818-5e66-4305-b295-9f67a1972bc2,United States,web,Portuguese,45+,2025-10-16
b2beb5af-a23f-4f61-8f06-bff5861e7cdd,Germany,web,Italian,45+,2025-12-03
149fa901-522e-4698-97a7-bae11be467e0,Indonesia,web,Portuguese,25-34,2025-10-15
11e2c55f-5ad9-4c5f-8719-41d91c7627f0,Spain,ios,Japanese,45+,2025-10-31
92fa9941-6366-42ba-b4b6-92a91bf3cf4a,UK,web,Spanish,<18,2025-08-07
23b1e2e6-3813-45ea-901e-37e1b1da1524,India,ios,Korean,18-24,2025-08-25
521b04b7-12ca-4f3f-9db7-e4cb22b51c4a,France,web,Italian,25-34,2025-08-25
88907de1-e788-4552-800c-c61f3c660f66,UK,android,Chinese,<18,2025-10-06
61f737fe-6acd-4646-ba0a-9614fca3b336,Germany,web,Hindi,35-44,2025-10-28
79c74575-4dc4-4e8f-8c0e-c069dd08d767,France,android,Chinese,<18,2025-10-10
e9f9a7f4-6dcf-4f54-bd3b-6b8d0dee6e02,Brazil,android,Spanish,25-34,2025-09-05
3625a872-fbc6-4056-a9d7-f603ee017b7f,Philippines,android,Korean,45+,2025-09-01
de2d9593-cae6-4938-ba07-de115d89d838,Brazil,ios,Spanish,18-24,2025-08-25
7b93ad2d-fd5b-45de-9873-2f2438f7cb2e,UK,android,German,25-34,2025-09-23
07c4599c-a97a-4b8b-817e-7c795d6642d4,Germany,web,Chinese,<18,2025-09-10
0fdc0225-9c6f-4949-a310-138925e4273b,Indonesia,ios,Spanish,<18,2025-09-03
6fa6bd53-ff0a-46dd-a76d-8d93f162034b,UK,android,Spanish,25-34,2025-10-02
ce04c45f-5308-4f39-8f80-85a134c6a0a1,India,ios,Portuguese,25-34,2025-11-14
9decf1d6-0b1c-4823-a1f2-4f1ef235de6d,Mexico,ios,Italian,25-34,2025-11-09
dba5295c-66a8-4753-acc3-3820cd8fdf54,UK,ios,Portuguese,45+,2025-10-27
2cbd8639-0a99-4769-832c-012aefc541d0,Philippines,web,German,25-34,2025-11-06
f70e5ec8-984a-4483-90a3-b0503e9b35f1,Philippines,android,Russian,35-44,2025-11-26
341e7935-ad09-4d22-8d6a-71f5dbfda471,UK,ios,Russian,18-24,2025-09-20
14586193-8e2b-4b7c-a890-0bc1a9195a2a,France,ios,Portuguese,18-24,2025-08-31
e7b95b52-55f5-41f4-808d-2a2bb03c6e65,Mexico,ios,French,35-44,2025-09-25
fc537bf3-763a-4c92-8e7c-f6912a5d8126,India,android,Chinese,<18,2025-11-26
8c9ab516-ec04-4e65-be0c-b450006572d4,UK,ios,Portuguese,<18,2025-08-30
82df9598-7188-4083-bfdd-4824a34b079a,France,ios,Japanese,<18,2025-10-24
b395b847-01a9-4519-839b-1f6c6e2a7b45,Philippines,web,Japanese,<18,2025-11-26
ef1bf8c4-7f2e-4717-9ea2-4fbc5377387f,Philippines,android,Hindi,45+,2025-11-27
53bb4c9f-8513-44f2-a9bf-06e12b8d4abe,Germany,web,German,35-44,2025-09-20
d247f212-2dfe-4fef-99a7-c5e85d10a259,UK,android,German,18-24,2025-10-03
1748bc5f-17e5-4028-ab12-eb0099940369,Mexico,android,Portuguese,35-44,2025-09-30
e54ae257-95be-43fe-9ed6-54760b1d222b,United States,android,Korean,18-24,2025-08-08
bb434731-bbb9-4503-9f86-e011a165757f,Mexico,web,Spanish,<18,2025-08-16
8ebc5040-cde3-407c-b272-79326be8fc03,Philippines,web,Italian,45+,2025-09-27
8e892ff2-17b2-45cc-b65b-c70716ea51ab,Philippines,web,Spanish,25-34,2025-11-13
7cadb0df-00d4-49e4-9753-3e1608ce1a06,Brazil,web,Spanish,25-34,2025-11-26
184e30ce-a1b4-4f45-97b7-6a0905ecdeb6,Philippines,ios,German,<18,2025-09-29
68f0de44-128e-44aa-b534-ff6ff40c8ebb,India,ios,German,<18,2025-11-23
51975e39-ecc2-4567-93c1-455765a20e32,Spain,ios,Japanese,35-44,2025-08-17
96d7812c-3d2a-438d-b9d2-adc53157edf2,UK,android,German,45+,2025-11-10
3146d921-9b70-4eba-a145-dc53889a5c2c,Mexico,ios,Portuguese,45+,2025-11-25
154d59f9-650e-4224-85a8-6bc74f7f5b25,Spain,android,Japanese,35-44,2025-09-18
64c3e546-8fa3-4c13-a927-40adfd3005c6,France,web,Chinese,45+,2025-11-25
02fd3587-f6f5-4f5d-9a63-835dbf488c4d,United States,android,Spanish,45+,2025-09-08
bc96be9d-13ba-4609-b3dc-dddc3f278541,India,android,Chinese,25-34,2025-08-15
1f6495f8-3298-426c-aa0e-87f4b1452ef4,Mexico,ios,Spanish,45+,2025-11-03
ccd81573-4517-4df3-af4b-b22dcfd7cf24,Spain,web,Spanish,<18,2025-10-13
c0ab6f30-6b30-49df-88ed-fe2b2c95b00b,United States,web,Hindi,25-34,2025-11-18
0bae3fb6-a304-45a3-a57b-5d156c56a043,Brazil,ios,Spanish,<18,2025-08-05
294528af-1691-48c4-be8c-b330e1e6be39,India,web,Korean,<18,2025-08-12
ed38e92a-752d-442c-8fb5-756dfed4d012,India,web,Chinese,35-44,2025-09-22
6a990b7f-0ebd-45b5-bc83-9d853ccd2526,Brazil,web,Spanish,45+,2025-11-02
9b7e7d1b-3272-411f-bee8-026bf08bc96b,UK,ios,French,45+,2025-09-20
59018477-33c2-4a1b-83ac-accaa7532355,Brazil,web,French,45+,2025-09-18
2ef5d292-9e90-42ef-9d2f-3472e3f19f88,India,android,French,45+,2025-11-28
a23528b5-442d-499f-bfb8-14e13f8e99d1,India,android,Portuguese,25-34,2025-09-15
31412cd1-99df-4b43-8dfa-ee64099106ed,Spain,web,Japanese,18-24,2025-11-23
a2dada9b-afeb-4d76-9b72-c677c6553ac3,Philippines,ios,Chinese,<18,2025-10-11
a7aaa733-0fe9-4945-b42f-62bf5be6a0a1,United States,ios,Spanish,18-24,2025-09-10
184349fe-31d9-4460-b5d4-b3051f2570c8,Brazil,ios,Russian,18-24,2025-09-20
a8389d14-0e46-48dc-a2f6-06bbc248b02a,United States,web,Japanese,18-24,2025-09-22
39108a62-f762-43af-8a4e-5dd9dcb31fe0,Brazil,web,Russian,25-34,2025-09-28
6c47bd92-b5a9-47e3-a3c4-ea662783f7f2,France,android,Italian,18-24,2025-10-24
e7573dad-6db6-4852-9a30-178d0154ced7,India,ios,Korean,25-34,2025-08-06
db23a050-80eb-49c0-b50c-bda19568cb6e,Philippines,android,Italian,35-44,2025-10-31
aa91e5da-1657-495d-9644-b00835097eb6,Spain,android,German,35-44,2025-11-07
2e53ac26-33e9-4fe3-a028-e9449713eb7c,Philippines,ios,Japanese,35-44,2025-09-09
455efe41-c213-438e-8afb-4732d5a66e4d,Philippines,web,Russian,25-34,2025-09-03
6885711f-533d-4f7a-ba6c-d03c539507ac,Philippines,web,Hindi,25-34,2025-10-24
c9eaca57-ed47-4452-8b59-0cc6333edf2a,United States,android,Spanish,<18,2025-11-03
265ec926-7d28-4726-a3c0-4408a26f22af,Brazil,android,Portuguese,18-24,2025-10-31
f04f300c-d70e-4d4b-a5a6-d5677403dd25,Indonesia,android,Chinese,45+,2025-10-14
9ff8db55-e866-480a-9797-f0e23cbc6249,France,android,Spanish,45+,2025-11-17
70d7cbcd-8f33-4886-9cb1-e4251cf66a9d,Mexico,ios,Chinese,18-24,2025-09-09
1e6f3fa4-645b-4834-98e1-0342d5787e1c,Philippines,android,Hindi,45+,2025-09-12
519455a8-1e07-442e-aa1c-1a171e2eec7f,UK,android,Spanish,45+,2025-10-26
0e24d66a-a9cc-4337-9991-959dd9e79594,United States,web,Korean,45+,2025-10-06
a9028186-ce70-4a49-9ae8-8768807e8f52,Spain,web,German,25-34,2025-10-24
c7b77fce-e2b8-4642-b53b-0163de82c2e5,Mexico,web,French,25-34,2025-08-07
5d269d76-78c2-402c-80a0-78cbade6359b,Indonesia,ios,Hindi,25-34,2025-08-29
11263ca4-855c-472d-b7e5-fd60ba12541a,UK,ios,German,18-24,2025-08-06
9b556e15-ec6e-414b-a87d-0000b7da6047,Indonesia,web,Spanish,35-44,2025-11-24
a2de1d85-36ee-40a9-baab-6683cea5951f,Mexico,web,Russian,45+,2025-12-02
7105772f-f471-46c6-ac33-7f94ca2b1e02,Philippines,android,German,<18,2025-10-06
3e97d242-0eef-44e3-a9e8-0de963e6502e,UK,android,Portuguese,25-34,2025-09-15
8dd17e15-c001-4e54-981b-c8c11bb0b78e,Indonesia,ios,German,<18,2025-09-22
56299224-579c-4759-b1d4-3379c6bc7ff8,Spain,ios,Italian,45+,2025-11-21
08577d3a-2db4-48d8-974d-3803ddc7a5c7,Brazil,android,Korean,35-44,2025-11-24
ba6d5d6c-fff7-48d2-8113-625ed1d53a01,India,web,Hindi,<18,2025-09-26
5753277d-07e7-4f80-ae52-adf7c6c89fbc,Brazil,android,French,45+,2025-11-06
666b1cc7-2456-41b5-bd40-aec683a22940,Mexico,ios,Spanish,45+,2025-09-30
da6f1612-d243-4298-b3c3-297bcecd4e0d,United States,ios,Hindi,25-34,2025-10-31
c35ba792-ad2d-4c94-988e-5f7b715b7467,India,android,Japanese,35-44,2025-11-17
b82f762d-b1b6-47b8-80d9-a384c9b60ca4,France,android,Hindi,45+,2025-08-06
c30f584d-5fad-40e1-a70c-2dd31ca9eb39,Spain,android,Portuguese,35-44,2025-10-20
8ab5a539-1627-4fcd-a933-f0982983fa84,France,ios,Hindi,25-34,2025-08-13
712de2c7-d2fd-4afb-a37e-d75d42f87385,UK,web,Japanese,<18,2025-11-25
257832ab-2841-496d-a8f0-5c86a6e0c05f,India,android,German,18-24,2025-08-13
8ee839f5-4387-43d7-80ff-6f12d9e8b37f,France,ios,Italian,18-24,2025-11-02
6ce89aaf-769a-440a-a9a3-cd687dac6ae3,France,ios,German,18-24,2025-10-17
011a407d-b0be-49d1-9cb9-613c19a095ca,Indonesia,ios,German,35-44,2025-10-28
26ef0edb-a8f3-4b53-90f6-7a12fbd15c53,Brazil,android,Japanese,18-24,2025-11-13
da0fde7b-c6bd-45ef-980a-24de1bf8842a,Indonesia,android,Chinese,<18,2025-10-08
cc03ff0c-f508-4110-8bad-eac57cd51f4f,India,web,French,45+,2025-08-19
019c6594-3fe3-45b7-8c4f-2740f9848556,India,ios,Japanese,35-44,2025-09-25
241a6a4c-bba7-4ac6-8b63-90521d5428bc,Mexico,android,German,<18,2025-09-04
e6af5245-cbe0-495a-b5a8-26f3b25268f6,Indonesia,ios,Hindi,35-44,2025-10-26
477d6f86-20f2-42cc-a3ab-f1b47417630d,Germany,ios,French,35-44,2025-09-16
6ab4a000-7435-4cfd-a87a-f3d6af60d21a,Brazil,web,Spanish,35-44,2025-08-22
e179a3c0-6e30-41e0-9416-fffb4955292b,India,android,Russian,25-34,2025-09-11
2bea8c92-7ce8-4f8b-a3f1-c8c000ee6743,Mexico,android,Spanish,45+,2025-09-27
dd292a4a-5426-4dda-b5b3-38aaa7cd587f,Indonesia,ios,Portuguese,18-24,2025-12-02
70445558-070d-4b69-866a-0c9ebd1f2dd0,Brazil,ios,German,25-34,2025-09-09
3a8bf07e-8c43-4ce5-9fb0-df7d8cd80f9c,Indonesia,web,Hindi,45+,2025-08-21
c3a0a96e-7c50-48ea-9657-fd92c9718f10,France,web,Chinese,18-24,2025-09-24
ae303750-6d32-4c5c-84fb-74f7d6393e06,Mexico,web,Italian,25-34,2025-10-26
29a6d10d-c598-435d-a731-2c678cc59047,Brazil,web,Italian,25-34,2025-08-06
7325a1ff-eaed-4ed2-894e-5a0332aab66b,Philippines,web,French,<18,2025-09-10
9de5765f-138b-4f48-8cbf-9f6e38ddacca,UK,web,Chinese,25-34,2025-11-20
9858b4b0-c92a-4e37-8f53-86e839d1acab,UK,ios,Russian,35-44,2025-08-05
e4b55ca6-e911-49ce-903b-1762204f29c3,Brazil,web,Spanish,25-34,2025-08-13
aff02553-555d-480f-beb6-37b005920e4c,Indonesia,ios,Russian,35-44,2025-11-16
97c8f862-73d8-426c-adf0-ef01976ee351,Mexico,ios,Korean,45+,2025-10-31
58844b7d-fda0-4bb9-b474-e14867872a77,UK,android,Spanish,45+,2025-11-19
f6ad959c-9b3f-4d1d-af9c-7b3e4e449ae3,Mexico,ios,Spanish,35-44,2025-08-12
80973604-7775-4ead-b36e-208463bdacb6,UK,ios,Spanish,<18,2025-11-20
4ce323bb-a930-4978-b756-ca9f4bcdf751,France,web,Hindi,<18,2025-08-30
9ad51149-9d35-4989-a426-c274821107ea,Indonesia,ios,Japanese,45+,2025-09-24
d6e87314-fdd0-4289-9dd7-9a5ad9ea6f40,France,web,Hindi,25-34,2025-11-14
80f0a030-7c26-4783-a7e2-e593c0db382f,UK,web,Italian,45+,2025-10-30
3f57bc60-3989-4a8d-877f-46ff99101a6a,Philippines,web,Hindi,45+,2025-10-28
8950e52f-0e09-4e84-91a4-a2be6795a62c,Philippines,android,Russian,35-44,2025-09-17
b6fdc37f-66df-43bb-9cfd-867a8145332a,France,web,Hindi,<18,2025-11-07
b622e2c3-9af0-4369-9d7e-3af7609c81b7,Philippines,ios,Japanese,35-44,2025-09-03
933f2404-7d2f-4d22-9007-9431d9f8eb95,UK,web,French,45+,2025-10-21
6abeaaee-e097-4154-b0e4-5baa6bc29a6e,Brazil,web,Chinese,18-24,2025-11-07
4ad2ce03-f168-4c50-aad7-6d46f0c6ce5b,France,web,French,25-34,2025-09-07
aec77635-aa74-4b21-98c6-45d5e12cd3e5,United States,android,Korean,45+,2025-09-13
a822d45d-0e19-423b-940f-9a4e03a0195c,Indonesia,ios,Italian,35-44,2025-08-16
0f2fbd0f-9fa4-4766-a478-bf4e1d183706,Philippines,android,Korean,18-24,2025-10-31
39cd2d08-8bd5-4124-a780-29238a022d5a,Philippines,ios,Korean,18-24,2025-09-30
e1eb1349-b31b-4480-a423-4eaa4b9a9888,India,android,Chinese,45+,2025-10-02
c6600f0c-90a1-4522-aaf3-64f12ead194f,Germany,ios,Chinese,<18,2025-11-01
96ec779e-9ff8-43db-8f51-60620fa749ff,France,android,Japanese,18-24,2025-08-10
6d53c003-8f7f-46a1-a32e-3958536c958a,Spain,web,Japanese,25-34,2025-08-09
5e577c70-32bc-4b49-a45c-438d6aa6713a,Philippines,android,French,35-44,2025-08-17
a6d42487-c262-4603-af86-28a6cb410455,Indonesia,android,Japanese,35-44,2025-11-27
c58fb6d4-297d-429a-9d51-289f61413097,United States,web,Japanese,35-44,2025-11-22
42c643c2-bbb0-475b-861a-e16e91515b31,Philippines,web,Portuguese,45+,2025-09-13
b3330f41-cacb-49f6-b535-84c95ebc00ff,United States,ios,German,35-44,2025-10-10
e073a990-e055-486d-9c80-35ad3e427931,UK,ios,French,35-44,2025-08-19
664d5bd6-6c3b-4234-b59e-241da5576491,UK,ios,Chinese,25-34,2025-10-29
2f0be316-e39f-4e6b-967f-9c08cddfadb6,Germany,android,French,<18,2025-11-28
134cf3f5-0d46-4d1f-b5cd-7b4ec82fa91c,Brazil,ios,Chinese,45+,2025-12-03
3ad54cf3-d4a7-41d4-a820-74e6bc992c50,Spain,android,Hindi,45+,2025-10-22
4d5a53be-e97e-43f8-b4ef-56ee88580f07,India,android,German,35-44,2025-08-27
a93f8678-38e7-44a2-815d-f3b1ada17966,Germany,ios,Portuguese,25-34,2025-11-17
1af57d20-bbd2-42e7-b046-148e2ef0685b,Mexico,ios,Portuguese,18-24,2025-09-13
21b41cff-bc2a-4d92-aa71-ed9899e8cf12,India,android,Russian,35-44,2025-10-31
650e7833-321e-4792-8923-1aad10ef6688,France,web,Italian,35-44,2025-11-13
51867c61-0b28-41c2-bd05-5341724bf636,Indonesia,web,Chinese,45+,2025-08-31
fecfb15c-97c9-45dc-b4f7-e6fdc98672a6,Mexico,android,Italian,45+,2025-10-08
d08d4eeb-a345-48cb-8663-ad3fb62ce2c5,Mexico,ios,Hindi,35-44,2025-09-24
4ecbce32-22c3-4b2a-829b-aaa62701ef81,Germany,android,Portuguese,45+,2025-09-04
d528d526-347f-4217-9005-331b6411c63f,Brazil,android,Hindi,25-34,2025-10-10
4e0b3d67-ca5e-410a-aa84-61190e113a14,Germany,ios,Korean,18-24,2025-09-23
f0f920e9-cc78-4180-afd3-d87220ccb91f,France,web,German,18-24,2025-12-02
0dcde885-2346-499e-97c2-bebc6441506c,Philippines,android,Russian,18-24,2025-11-19
90a0f96d-bff3-4323-8ef1-c3945c7abd07,Philippines,web,Hindi,35-44,2025-11-24
a2ca0241-bc0f-4e94-97a7-1c3120d71aee,Brazil,web,Russian,35-44,2025-08-05
c1abcca6-909f-4539-8687-ea520502e2aa,France,ios,German,35-44,2025-08-12
e4d81302-a612-4cea-ae14-a10b587f5da9,Brazil,android,French,25-34,2025-09-06
645eaf2f-f781-4856-9ee4-b0495e5f8abb,United States,android,Hindi,18-24,2025-08-10
2d7764b8-6591-4dee-826d-d076d552ccce,Philippines,web,Japanese,45+,2025-11-14
5eab054c-16e8-427e-af11-ef0e081a9d3e,Mexico,web,Spanish,45+,2025-09-25
a60310ea-eebd-4d33-9fb9-f786e8725a1d,Spain,ios,Portuguese,<18,2025-11-29
82ad5ffa-2e27-403f-a5bb-3ed4e8027031,Indonesia,web,Portuguese,<18,2025-08-19
43114924-a176-4062-a340-4d33a65874dd,France,ios,Portuguese,45+,2025-10-17
c5ad6fc9-6834-4721-a1ef-ef4946a2feb8,India,android,French,18-24,2025-09-20
6e35e4a4-7db1-4789-8edb-8bef108f1492,Brazil,ios,Spanish,35-44,2025-09-24
c3cc704d-de3a-438e-93e5-6c975cca9540,Indonesia,web,German,45+,2025-11-15
24744068-3efa-47ed-8a46-f75d0c69c10b,India,android,French,45+,2025-10-09
8dc3a36b-828c-4631-9d9b-dd194a0196ff,Indonesia,ios,Portuguese,<18,2025-11-17
958a3142-e850-4890-bbe9-0cb25a16e5fb,Spain,android,Portuguese,18-24,2025-11-28
386153e8-7e11-4a74-a663-6bb6722ecc30,India,ios,Italian,45+,2025-10-25
22a8a0a7-1010-4308-b5c2-a6889d857213,Germany,web,Russian,35-44,2025-10-18
a7183719-43ba-485b-a043-5a263e19a44c,UK,web,Russian,35-44,2025-08-10
2a465292-618a-4c05-a1ad-a96fb3a7ccc5,Germany,android,Italian,25-34,2025-08-06
170982bc-e302-4538-b802-f2ac583566df,Philippines,android,Korean,35-44,2025-08-24
34f7f284-63fe-4108-aaf4-1f4258071cad,UK,android,Italian,45+,2025-08-15
9198e7c6-9916-455e-8939-073bf6917334,Germany,ios,Russian,45+,2025-11-28
3070f658-8704-44d1-9b09-194347625e4a,UK,web,Portuguese,35-44,2025-08-10
5f6ddef8-98db-473b-9cc8-80aa9a5f3df7,UK,android,Japanese,<18,2025-10-19
d79cd71c-37ca-4997-9b30-8527fa41d386,Mexico,android,Russian,18-24,2025-11-07
139f2119-3580-4c84-9630-e6f20a93df9d,Brazil,android,Spanish,45+,2025-09-07
5db9b495-7bec-494a-aaee-9716a583c053,Brazil,ios,Japanese,35-44,2025-11-02
6f807492-3029-45b3-8a08-d2d33b5d98c9,Mexico,android,French,35-44,2025-09-09
f1edc8c9-d3cb-435c-bae4-74c6400d5139,Indonesia,android,Russian,45+,2025-11-20
b6167a73-b920-48d7-9bd7-e438d45fc632,United States,ios,German,25-34,2025-10-19
87b7ab52-13f0-4542-94bd-a0f6bcb8685e,Indonesia,ios,Hindi,18-24,2025-08-26
ed85974c-4c7d-4f56-a3a3-9f3051251b56,India,android,Hindi,45+,2025-09-23
14b29603-bba5-42d4-be22-e360651086d5,India,android,Spanish,35-44,2025-08-12
4d9eb9f9-7ff4-4a84-849e-b5bdc199c1aa,UK,ios,Chinese,25-34,2025-08-14
c3e6bbe5-b840-4099-8b66-3b918c01c244,Germany,web,Hindi,45+,2025-10-12
adc680c1-edac-4e62-9ab2-831298166b3f,Germany,ios,Spanish,18-24,2025-09-15
14de2b0d-9370-4fd4-b829-0450baa0efd4,Brazil,web,Chinese,25-34,2025-08-30
2b86f49c-55b5-424d-8c32-f07fc45fdbe5,France,android,French,35-44,2025-11-14
cc8020f6-5bc6-417b-ae30-88241faeb6cb,Indonesia,android,Chinese,<18,2025-08-07
c4ce73e8-a8db-4d22-b0f0-bfb6fd431589,Philippines,web,German,18-24,2025-08-06
d9b41681-3540-405c-87de-4a01ebebc132,Spain,ios,Russian,25-34,2025-11-03
b5c636d7-0b80-461c-abce-94a9c8387787,Germany,android,Hindi,45+,2025-08-15
d12647ca-bee4-4719-b28f-9a7b2a4bad14,Spain,web,Portuguese,45+,2025-11-13
4bf810a5-a74e-41d8-8988-da06298fdbc6,UK,ios,Italian,25-34,2025-08-23
231e94fb-581b-4725-b097-eecf05a2ff31,Spain,web,Russian,45+,2025-08-22
f67094c2-06ed-40f0-a7b6-eaa4e18de670,Philippines,ios,French,25-34,2025-11-11
40f2de11-7328-4863-8582-38ec83490679,Mexico,ios,French,18-24,2025-08-13
98d94e8c-6bbd-4c7e-b8b9-51a7a49203ac,Philippines,ios,Spanish,45+,2025-10-12
834edea8-202e-492e-80b3-d6cbad97a336,Spain,ios,Korean,18-24,2025-11-30
0938255a-ea5d-41fb-8380-27ceb42f99b4,Philippines,web,Chinese,35-44,2025-11-11
6ffeb470-e970-4616-9b51-105f60e36819,United States,web,Chinese,35-44,2025-08-31
20c740eb-324a-42c0-b128-a174a1d519db,UK,web,Spanish,35-44,2025-08-07
f0b5ac6a-e55c-4a03-99ca-a357fddce80f,Indonesia,web,Italian,35-44,2025-10-22
6890dc13-4229-4024-b765-a5408c8d9805,Mexico,web,Portuguese,45+,2025-08-25
aef66367-a52c-455a-a8bd-4c579a95cfb9,Germany,ios,French,25-34,2025-08-06
8ae5f294-1d65-4a36-b845-8e62ec181a64,India,android,Russian,45+,2025-10-12
eed5eab9-056b-4c58-b84b-f1c75d7bc612,Indonesia,android,Italian,45+,2025-08-23
b4cf58bf-c7f8-4640-93d7-fb7903a33b32,India,web,Portuguese,18-24,2025-09-09
6bed3c0c-49cc-4e13-8ad3-9e4bcfc7cf5d,UK,web,Korean,25-34,2025-08-15
73478389-1a86-4cdc-931c-b923c92e0e8a,Mexico,android,Russian,<18,2025-08-31
fa4b832c-5ff1-4a00-9859-3341103cd27b,Brazil,ios,Spanish,<18,2025-08-22
361b6109-6331-4d69-afa2-5aeca2f30e62,Germany,web,Russian,25-34,2025-11-02
93290d53-4222-42cf-ac40-65e98c7370ab,United States,ios,German,<18,2025-10-30
d0e68be9-93a7-4a23-a52c-1c12e49902ff,Brazil,android,Korean,25-34,2025-11-13
5a38f420-373c-4107-825d-857a9cbaf94d,UK,android,Spanish,18-24,2025-08-25
b6d59f52-b2e6-4018-83f2-ca5ae64867b1,Indonesia,web,Spanish,18-24,2025-09-05
671dd333-1f2f-427e-83bd-067f50287a82,United States,ios,Spanish,45+,2025-11-20
9ecd3d9a-a57e-4f47-9148-b0e8e4ec93bd,Philippines,web,Hindi,<18,2025-10-16
428a07d2-9850-4311-b8af-74bd09bd17e6,Spain,android,Italian,25-34,2025-08-14
d0c7d6b8-9018-475a-bd4c-fcab9dcdeafb,United States,ios,Portuguese,18-24,2025-11-29
95a99f4a-8ae7-45ce-91d6-f5769275ce5c,UK,web,Chinese,45+,2025-08-16
29bd7ce3-438e-4d24-83c4-2077139a204d,France,web,French,<18,2025-10-04
46cb93dd-cddd-4ca1-8838-b0c8ba201c19,Spain,web,French,<18,2025-11-05
c0691328-c5fa-4a20-91e2-c64a84a99bc3,India,android,German,<18,2025-11-08
e5b7f378-1b42-4232-a543-1ab216c6b183,Germany,web,German,18-24,2025-08-21
0ac572fc-96cd-4f52-a523-58792feef9d6,India,ios,German,18-24,2025-08-08
1373b38c-f4eb-43d5-9acc-389b7144b335,United States,web,Japanese,<18,2025-10-06
334e4cc1-9122-4ade-a257-97b9d956b360,India,android,German,18-24,2025-10-20
32406d15-a0e5-4b6d-9c03-c30c65fd3b63,UK,web,French,<18,2025-10-25
b47994bb-f323-4059-b0cd-dc92a5c0d58e,Philippines,android,Korean,35-44,2025-08-20
9861e8b1-4e91-44cb-a0c4-5c56fea246e3,Indonesia,android,Portuguese,18-24,2025-08-24
b18561f3-4430-4713-ac8b-8ad3459f4bd7,Germany,ios,German,25-34,2025-08-14
e25b11db-f1f7-41e7-b555-81fff50aa242,India,ios,Korean,18-24,2025-11-04
573101d1-beba-4473-b5b3-dba8d83720e7,India,web,Japanese,<18,2025-11-05
c3facb51-18f5-40ce-9a39-e8d41abd3b79,United States,android,Japanese,25-34,2025-11-30
576edb63-7b90-4522-b299-516f9386b722,Indonesia,android,Chinese,45+,2025-09-10
93c42bf7-bcc5-4a1d-9da7-80f84ce1dfda,Brazil,ios,Hindi,25-34,2025-11-09
45f120c2-6973-4c97-b4cb-ffaaa9f1eb4a,India,ios,Hindi,25-34,2025-10-13
3771d228-d53d-4f40-823b-cda3fbf21c7d,UK,web,Russian,18-24,2025-10-22
53cddac3-7758-4bcc-8528-c2ceeb097e2e,France,android,Hindi,25-34,2025-10-29
95744eee-09ae-4766-b90a-fc15edd6be83,Germany,ios,Russian,25-34,2025-08-15
5fadcffc-f482-4faf-a447-21f465f56f21,India,web,Italian,<18,2025-11-25
836757e3-6c76-4319-b49e-479f3db3fa15,UK,android,Hindi,18-24,2025-08-27
08258259-1b6c-435d-9053-65ac70ec39a9,UK,android,Japanese,<18,2025-10-29
1127d491-f183-4f1d-88b8-ea5a237f1d97,Germany,ios,Chinese,18-24,2025-10-20
1ad8dfd7-2996-4075-847e-afebc4c6b5ce,Brazil,web,Korean,45+,2025-09-12
418c0746-4c40-467b-a652-7c31d448d5eb,UK,ios,German,25-34,2025-09-29
de8ee674-df0a-4154-9162-11f514c123ce,France,web,Hindi,18-24,2025-10-13
8c178114-978c-4ac0-8963-79715740140a,UK,android,Russian,25-34,2025-09-08
bad418e0-0eb3-41ae-afd7-d17158163487,UK,web,Korean,25-34,2025-08-18
e7ccba35-8d66-41e4-9669-4632881631b2,UK,web,Spanish,35-44,2025-09-26
0ab7e2d5-4d79-4fd3-b637-2141bddf8968,Philippines,web,French,<18,2025-10-22
5537fb7f-3cff-4e90-9e2a-518ee29c6752,Philippines,web,Hindi,18-24,2025-08-05
671a55e2-142e-409b-b5c9-39a236d3a6fb,Brazil,web,French,45+,2025-11-30
8549b11b-3010-46d2-ae42-43cc54e5926c,India,ios,Hindi,35-44,2025-11-19
7c6cbc5f-9a78-41ce-ba08-9dd799b9e407,UK,web,Spanish,<18,2025-08-13
1941fe24-a728-45f2-9cd9-2b311daa7711,Indonesia,web,German,45+,2025-10-31
96ab2caf-634e-4ed4-b03e-cd1f149c4d81,India,android,Italian,45+,2025-11-11
30a07586-7351-493b-96d8-f65272a9a8e8,Brazil,web,Portuguese,25-34,2025-09-20
e2b7052c-a430-421f-a070-08f9e48bfc6c,Mexico,android,Korean,<18,2025-10-31
305b4426-b693-46b8-90e4-8fcaa4148749,India,ios,Korean,35-44,2025-11-29
1b9a1b03-8d86-41e6-85e7-cbc76c533114,India,ios,German,18-24,2025-11-20
b810face-9434-4721-b379-d54b58b370e6,Spain,web,Chinese,18-24,2025-09-18
f9fee677-e9b1-4eef-a506-032f23bdfd16,United States,ios,Japanese,35-44,2025-10-09
ef762511-78f2-41c4-8bbc-de4b7bd3ae3a,Spain,web,Hindi,25-34,2025-10-20
c48fe9bb-3d0f-4d14-8de2-bc9fb19b2d56,France,ios,Portuguese,25-34,2025-09-01
15959c0c-c96a-42b5-996f-cc9f52aead20,Philippines,web,Chinese,45+,2025-08-25
71ae08ec-11b2-4edc-b0fa-d6f063707eb3,Philippines,web,Portuguese,<18,2025-10-24
cc7ff5e4-b9d1-46fa-b953-331dd6b02aa4,United States,android,Japanese,45+,2025-10-09
7abe2ee0-55b5-4bac-b6b1-f529fbbeffbd,Germany,android,French,18-24,2025-09-17
4d275d4d-2cf5-4536-a647-156bd0d26742,Germany,android,Hindi,35-44,2025-09-29
1dcd8e8f-781c-4a82-9d53-0f7339843970,Brazil,android,Japanese,<18,2025-11-19
66edf248-3c6c-4ded-815d-5abce60c9893,United States,web,Korean,35-44,2025-10-15
f216cb4e-5b87-4e2a-8562-3adf42d38326,India,ios,Korean,<18,2025-08-10
b1e2f11e-3a39-4281-b6e3-558e6a7cce9f,Germany,web,Hindi,18-24,2025-09-21
da25aefd-d2a3-45f5-b609-8b00a8121e6d,UK,android,Italian,18-24,2025-11-09
c9ded199-cc64-488a-af48-f7f60d129832,Indonesia,android,German,<18,2025-11-01
aedbc0f6-a1a5-4fa7-b7b7-af651c87f526,India,ios,German,25-34,2025-11-28
3b3db868-69d5-4c7d-b88f-b7c9b9dfe74a,France,android,Korean,<18,2025-09-04
4650519a-c156-400b-a123-181033b38026,UK,web,Korean,18-24,2025-10-09
d580836f-a5a4-4d36-b3db-d5af7e1ce2d4,UK,web,Japanese,35-44,2025-12-03
c3406e77-ac1d-4c4d-9026-a6d7b55767f6,United States,web,Spanish,45+,2025-09-28
aea86b7c-5b36-43d3-963e-cbdf667ab905,Brazil,web,Russian,35-44,2025-08-07
f19f499f-ff66-45a2-9cc0-5572a90a981a,France,web,Italian,18-24,2025-08-22
5f6484a0-8b29-468b-890e-79e7a549bd4c,Germany,ios,Chinese,35-44,2025-09-26
5e791954-cfa2-445d-8c09-3d2f5388f6cb,United States,web,Russian,25-34,2025-09-07
9d57b813-d1a4-423e-8d96-dfb8a547580f,Germany,android,Japanese,25-34,2025-09-02
d887dc75-bbef-4e85-b634-34dcce7f42d9,United States,android,Russian,<18,2025-08-05
0e971975-a50b-4f5b-9b0c-27dfc6e0a794,United States,android,Russian,35-44,2025-08-31
2c5590da-4a09-4862-93cf-c119de84ab0e,United States,android,Japanese,35-44,2025-08-31
6d7ff26e-98da-40b1-8057-2d4c1f5168df,Brazil,ios,Korean,18-24,2025-09-09
bf74c7b9-994f-41a8-a85a-9b78b507617c,United States,android,Korean,<18,2025-11-08
e2874559-a7a2-439b-889f-fee6c7dc526b,Mexico,ios,Hindi,<18,2025-10-18
8f1a287f-3b2e-4ed7-a3d7-6e0ac6a2488e,Indonesia,android,Russian,35-44,2025-10-09
10410803-ab74-4b81-881c-ed34de063cf9,Germany,ios,Chinese,45+,2025-11-25
71138a29-8a1e-4558-8a9f-a65f21c88491,India,ios,Japanese,35-44,2025-09-09
acf7ffd3-871a-40c9-8eb8-7b131d260b01,Spain,ios,Chinese,35-44,2025-08-08
e5945cce-9595-4358-9a08-86665fff7e66,France,android,Portuguese,35-44,2025-10-22
78688dd0-2687-446e-94ed-ef0c66b428e6,Philippines,ios,German,25-34,2025-09-15
a35b8125-e019-45e5-8562-2979cafa7869,Brazil,web,Hindi,<18,2025-10-24
60ffe661-de03-488a-b553-15b9ce7ed970,India,web,German,25-34,2025-09-10
91a132ab-e16d-41e0-b105-254d5bf97f77,UK,android,Hindi,45+,2025-08-17
69eb0d10-7b78-49af-9573-3d66be39c28d,Mexico,web,Italian,18-24,2025-11-18
2017351d-895b-484a-add9-0b1cd9a33cf9,Philippines,web,Japanese,45+,2025-09-02
cb427e9e-8686-41d2-b851-019312476207,Spain,web,German,<18,2025-08-10
ab968ba7-62ab-4834-ac64-09abdc829641,India,android,Chinese,18-24,2025-10-26
11a2d93b-5dc2-4118-ba06-c077aa1e6e56,Philippines,android,Japanese,45+,2025-09-30
41ab0240-6b95-4663-abe9-8a4d34188011,India,web,Chinese,<18,2025-10-25
072d976d-8485-424e-9a9d-fd9dfde28f0e,Mexico,android,Russian,45+,2025-09-09
b770b338-6161-4130-87d9-b0b7e2f87d99,Spain,ios,German,18-24,2025-10-12
03001f86-0592-487d-aed1-89efa2f93146,UK,web,Russian,18-24,2025-10-23
9f043c18-6a37-4978-bb22-0825af089308,United States,android,Korean,45+,2025-10-13
a11f165d-ceaf-4c4b-8e06-ddae29b747ae,Germany,android,Portuguese,25-34,2025-09-05
ab9969c7-ba22-49e6-bd09-307d1f259b5c,UK,web,Italian,45+,2025-10-27
ca2856ac-66d1-466f-b8d2-d087dbf99103,United States,android,Italian,45+,2025-09-24
be22925e-26ce-4454-945d-26c961d3fd46,Brazil,web,German,45+,2025-11-17
e0b26777-1152-4689-a657-1c218e041dba,Indonesia,android,French,25-34,2025-11-09
17a9603d-5ab1-443a-b039-4cc1d168dc7d,France,ios,Portuguese,35-44,2025-10-11
a93fe76c-557f-4595-b516-fceeef74ff8a,France,web,Spanish,18-24,2025-09-09
7a6b38e1-3322-4604-a9e5-ca72d6bb54b1,Germany,ios,Hindi,<18,2025-08-05
5e35473d-beba-4f78-9d85-d4cf53d7133c,Spain,web,Italian,18-24,2025-10-16
3dbb0c78-ebf2-48a0-93b2-b5cfcb8debd3,Mexico,android,Japanese,18-24,2025-09-08
60fe6216-fac4-4d30-ad34-033035f5cf0e,Spain,ios,Korean,35-44,2025-08-30
39972361-2c18-4258-84f0-0defee3fd898,Mexico,android,Russian,18-24,2025-08-10
763a0cc7-ae7a-48bb-822b-6221f2771b44,Spain,web,Spanish,18-24,2025-11-11
cbf124ab-921d-4950-b8ad-4f302ff527e8,Indonesia,web,Japanese,25-34,2025-09-16
20a168d5-8559-4376-995b-96ba33481b77,Brazil,web,German,25-34,2025-09-22
4be7afa3-15a4-4f8c-8183-e8531a6f8ee4,Brazil,web,Portuguese,25-34,2025-10-26
b5d56624-d33d-4fd2-9ccf-9cad41bba09d,United States,web,Italian,25-34,2025-10-13
4f8ae7b3-9b8d-4f43-85d6-2d00e6502cd6,Philippines,ios,Hindi,25-34,2025-09-24
d9bffe3e-dce5-4f99-bd74-f51d3642fb1b,Brazil,web,Spanish,<18,2025-08-19
6786cb57-bb56-4499-9456-3fcfc5b3ff99,Brazil,android,Italian,35-44,2025-12-03
abd7cbdf-b8d0-4301-b323-b66257aad7f9,UK,ios,French,45+,2025-10-26
fba89f6b-1588-4bee-9580-168ef7e75404,UK,android,French,25-34,2025-10-28
2047a7db-658f-48bb-9323-3fe3ba6876b4,United States,web,French,35-44,2025-11-07
1fc38ff1-a064-4946-a865-a5be73773b9e,Philippines,android,Korean,45+,2025-10-09
8aa1e684-240a-44eb-b48e-ebb664eda22c,Germany,ios,Russian,18-24,2025-08-25
39d97afb-78e4-48a9-9dfe-aa10fd85f2a0,UK,ios,German,18-24,2025-09-20
8d9aea68-299b-4f5a-8051-77741ad836f0,Germany,ios,Japanese,35-44,2025-09-17
d5ca5e2b-8524-4eb3-8070-787afbb68a73,India,android,Italian,<18,2025-09-11
69c99be4-31c7-4914-9be0-c4b5b1b52ead,UK,ios,Japanese,<18,2025-10-23
7882df0f-fca3-4f2f-b29e-6c277ad0bb46,Indonesia,android,Japanese,35-44,2025-10-05
6f222f6d-555a-4030-ab68-631e58a7e87b,Philippines,web,Italian,<18,2025-10-08
804430d7-53a5-4030-aa99-e0f2154989f6,United States,web,Russian,<18,2025-10-08
9519962f-9b15-4239-b8bd-c08a6b7a4fa7,India,android,Korean,18-24,2025-09-08
201c240d-7d06-43a1-889a-5a1ce780fc95,Philippines,ios,Korean,<18,2025-11-06
bcf1cf1a-3d2e-4bd4-9458-7bf219523e1b,Indonesia,android,Portuguese,<18,2025-09-29
93d3b105-00b9-476b-b487-442d529b0ed9,Philippines,android,German,35-44,2025-10-04
c1b07499-b4a1-4814-b251-6c0890aac9f0,Indonesia,android,Portuguese,<18,2025-08-24
a17ab933-e23f-443c-8e61-184249fd43a0,Indonesia,web,Russian,25-34,2025-08-10
78c784d4-8541-417f-9d84-9eb51adc0340,Germany,android,Japanese,25-34,2025-08-24
82d6d364-15e8-43b9-8016-99765af29e44,Spain,web,German,35-44,2025-08-31
30060445-dc37-409b-9b2e-f7db47fb8061,India,android,Portuguese,25-34,2025-11-12
687cf110-617b-4d74-b507-51a5960acbea,Philippines,web,Portuguese,18-24,2025-09-10
feb1c972-9a79-4386-8c56-08ac6a8ba085,Mexico,android,French,35-44,2025-11-23
826a91e1-3a03-4269-b98d-4420140ca599,India,android,Korean,<18,2025-10-28
234d13b1-228a-4c97-8f35-4503755f8a17,Spain,ios,Chinese,25-34,2025-09-29
e37ce53b-42a9-49f4-86ba-f9cf34ab3b05,India,ios,Portuguese,18-24,2025-09-10
863e46b6-0d8e-4d12-bafd-2f4c6a62470f,Brazil,android,Spanish,35-44,2025-09-13
3f1b136f-f899-44f0-be06-7974ed6ace71,Mexico,android,French,35-44,2025-09-15
6b20afd5-ee7d-476a-883f-1654031c384c,Spain,android,Japanese,<18,2025-10-22
56028ac3-63e3-4eba-acc0-7f4f9b62fa78,Germany,android,Hindi,45+,2025-11-22
5648ef43-c023-4369-8e92-44917dbbfb22,Philippines,ios,Korean,25-34,2025-08-21
8159a3fd-e996-46a9-b899-98141c38b0b2,France,web,Russian,18-24,2025-08-29
3733123c-b950-4c86-8136-cd29e8ce14e1,Spain,android,Italian,35-44,2025-11-03
e7e97b51-119d-44cb-844e-66a1d47c3230,United States,ios,Russian,25-34,2025-09-08
e7789648-bb9b-4819-8678-d5e6d72e68b3,Philippines,android,French,18-24,2025-10-25
e8106bd5-d105-4579-b1b5-2cab5c9063f1,Spain,android,Spanish,18-24,2025-11-05
18e1d1a5-3fab-48fa-a446-31c208b657e6,Brazil,web,Russian,35-44,2025-08-22
844cd722-f6c0-4406-8274-c3a90af9b66b,France,android,Spanish,25-34,2025-11-08
6418aad1-0426-4e95-acc8-36a73baa84b7,Brazil,android,Italian,18-24,2025-11-15
cf64de7a-8e56-4884-827b-63dc40b74318,France,web,Hindi,35-44,2025-11-30
35a1642b-2a9c-4088-9305-0a9c3ad52d8f,United States,web,Korean,25-34,2025-11-28
600ce789-3a98-413f-bb4f-89b03228dd13,Philippines,web,Korean,25-34,2025-11-02
9873cbe0-1cbd-4eee-b338-120e6f9c8262,Germany,web,Chinese,35-44,2025-10-04
159b04c5-a51b-4d05-a104-64a837ce75e1,Brazil,ios,Spanish,25-34,2025-09-16
3e981c0d-a1ee-4d17-b5dc-bc68e9c04806,Brazil,ios,Italian,45+,2025-08-17
edbd8f5c-e14f-4299-b5ba-9ee7cee644ca,Indonesia,ios,Portuguese,18-24,2025-08-27
99973d40-ad59-41a5-b2ae-eb638f2e972e,France,android,Portuguese,18-24,2025-11-24
66590ddf-bc0b-456f-ac78-2e29dcdb952f,UK,web,Japanese,25-34,2025-10-06
8c1930d5-51ab-4cdd-b44c-f16f7e32726a,Philippines,web,Spanish,35-44,2025-10-11
6f793167-5a15-46b6-beeb-2b8bdd919c23,France,ios,German,<18,2025-08-12
4cfc70b6-8b71-4163-879b-fbc65eba339a,Indonesia,android,Russian,25-34,2025-09-14
2583caa1-bb08-4419-9ee5-767c8beb9f2e,India,android,Japanese,<18,2025-09-21
4e2d87bd-3f22-46c2-91ff-672e47a025f8,France,android,Japanese,25-34,2025-11-09
bbd9ab4a-fd91-4343-916b-343abcd660c0,Germany,ios,Japanese,<18,2025-09-03
2ddaa075-9eae-4f9b-9703-5c2632aa642b,Philippines,android,Italian,25-34,2025-09-05
80d096bd-2c39-4947-bf86-b054e9a34f80,Indonesia,android,Korean,35-44,2025-10-15
03250960-bcbe-4c4a-a751-8468d3769e25,India,android,Japanese,<18,2025-10-01
e6f80bb1-10ec-4937-bc44-504f82a0519f,Mexico,web,Korean,45+,2025-10-13
7e3ffd7b-e854-4898-b924-386c918e47eb,Indonesia,ios,Korean,35-44,2025-11-02
7684aa8f-3ca1-4e82-9e88-fb44d406ee06,Mexico,web,Spanish,25-34,2025-11-15
2e99cfcc-0f74-4a06-b4f4-fbc56830de26,Philippines,web,Italian,<18,2025-09-11
dc1ea51e-3a15-4e08-8de1-5a816d097db6,Brazil,ios,Korean,18-24,2025-09-06
82b72647-4435-4b45-be1c-79eb218e3ce3,Indonesia,web,Japanese,35-44,2025-12-03
4446772c-d8a2-45b4-8040-8b8c8a0a843e,United States,android,Italian,<18,2025-08-11
ba641a03-450f-4bcb-bcde-5bbd3b49f4a1,Mexico,android,Japanese,35-44,2025-08-29
6c517340-422b-468c-818c-ef837b6fc789,Germany,android,French,<18,2025-08-15
36cbf8d3-446e-43c6-bd5f-d2458e26fd34,United States,android,Russian,18-24,2025-08-27
52b1d34b-fe56-45cd-8f1e-3dcb7983f1b0,Spain,ios,French,45+,2025-08-12
177a7041-1548-41bf-b7c6-132528012236,Spain,web,French,18-24,2025-11-20
746d4fc2-8793-445d-9c17-8f826444b344,India,web,Spanish,25-34,2025-08-26
b08f3f9e-d27a-40b4-92bb-62be083346f6,Brazil,android,German,35-44,2025-10-10
5d58c9d3-ae8a-4107-b47b-5190053912ce,Philippines,android,Russian,45+,2025-11-05
cf49cb92-3e26-4751-b353-f391d5d37bbf,Indonesia,web,Spanish,35-44,2025-11-11
8fb9c62b-623e-42a6-b94d-7a7b45be5c65,UK,ios,Japanese,<18,2025-08-23
8bbc6741-ecbe-4fb4-b195-965734939d4a,Germany,web,Spanish,25-34,2025-09-05
61001233-3bc7-4d93-a86c-df4892c718e8,Mexico,android,Japanese,25-34,2025-09-28
c7cb444f-5dbd-4927-a684-67255d1e6589,Philippines,android,German,35-44,2025-10-05
d785e47e-c0c5-4358-9c89-1847fa6bdd2e,United States,ios,Korean,25-34,2025-11-27
7a52db66-3a3a-4644-8fdd-d995869b3f3a,Spain,web,Spanish,35-44,2025-09-23
a9101297-6b06-400f-b64f-50e50814e5d2,Germany,ios,Chinese,<18,2025-11-02
2f02b4e1-6869-4819-8125-65d6883125b7,UK,ios,Korean,<18,2025-08-08
c04058b2-d2c4-4376-9470-dd4e6c3a57f1,Indonesia,android,Hindi,35-44,2025-08-17
80bfd7ed-ccee-4c93-b747-517372fc278a,India,web,Spanish,18-24,2025-11-18
0bf1f40e-ba20-4f3e-bd7f-34f7dc8667f9,UK,android,Japanese,18-24,2025-10-06
dbd9a283-cd3f-4e49-a367-d31675584e1b,Germany,web,Russian,<18,2025-11-16
bdc84ddb-aa6e-42f6-a94a-fd0163905bd0,UK,android,Spanish,45+,2025-08-23
871dad06-7644-41df-ab84-58c81ed7c0fb,Germany,android,Japanese,18-24,2025-10-05
97d995c0-bbde-4d34-8241-daaaf8055c5e,Germany,web,German,35-44,2025-09-09
8a58e1f6-32e8-492c-bdc3-043b1e3f2e44,France,web,French,<18,2025-09-27
a15889cc-b800-4005-bdb0-4d385bc61298,Mexico,android,Spanish,25-34,2025-09-23
8939be04-0352-48ef-af2e-2a2376d876c3,Spain,web,Portuguese,25-34,2025-09-18
248c229c-0e27-4f7c-adc9-f2dc8931b20d,France,android,Hindi,18-24,2025-10-24
ca2eb528-2579-4b97-b5a5-da25addb0a8e,Indonesia,web,Portuguese,45+,2025-08-29
67cb8476-e98b-48a5-b130-27d3193b41fa,France,android,Korean,18-24,2025-08-11
edc660a0-8a1f-4905-9c4f-74fb178ecd79,Brazil,android,Korean,45+,2025-10-08
16dfc4eb-0c41-43f9-b7ef-b7c70d54f85e,Brazil,android,French,18-24,2025-09-16
42fc0501-3110-4cb9-a070-e8b4da862f6e,Spain,ios,French,25-34,2025-08-21
e61afa60-717b-406f-a3df-f6d9963b6a2f,UK,web,Korean,45+,2025-09-02
18093523-754d-40a5-ad20-c00998d8108e,Mexico,android,Spanish,25-34,2025-08-11
9eb6b333-c513-4f68-a771-875abc222bca,Spain,ios,Italian,35-44,2025-09-30
c9c1a5c8-683f-478e-9273-9a1ad5e2b634,Germany,android,Spanish,35-44,2025-10-10
4a9ed7c0-ba30-4771-87d7-2971661e0717,United States,ios,Hindi,<18,2025-08-19
662ffd85-2838-4471-b067-bc7d1ec51275,Mexico,android,Korean,25-34,2025-08-09
d4450783-ce2a-4295-9924-95d332f0df55,Mexico,android,Portuguese,25-34,2025-09-24
f5ed3e66-101a-44c6-b43b-2bf6949d7190,Germany,ios,French,<18,2025-10-07
28231380-27f6-4744-8f8c-55fc2c591824,Germany,ios,Portuguese,35-44,2025-08-11
eb9ddba8-8486-4967-b2e6-0073640e19c3,India,web,Korean,35-44,2025-11-13
455165b8-1bee-41e2-b8f1-cf8903d98890,Spain,web,German,45+,2025-08-30
d9febec5-732e-4742-baf3-80025a0e62e8,Germany,ios,Korean,45+,2025-08-15
6cb47f34-88e8-4cf2-83d6-34e3d2b74c84,Brazil,web,Chinese,35-44,2025-10-04
3d104fe5-ea46-4cab-9154-28ee3ccea776,Indonesia,ios,Hindi,18-24,2025-10-07
93ccf822-a03b-4b63-8e7b-8f014fff2c80,United States,web,Chinese,25-34,2025-10-31
ab943d3b-2b97-403f-b539-70be6b4492c2,Spain,android,Russian,45+,2025-08-29
dc39f724-76ec-45e0-b56e-c6b9008a2e33,Philippines,web,Portuguese,18-24,2025-11-02
e23f183e-3081-4a52-88d2-685da326da67,Brazil,android,German,45+,2025-08-18
cc16a76d-797b-4d41-bd41-3fc03ff1ee39,UK,android,Hindi,<18,2025-09-13
55ea0e43-2630-49d9-b70e-5e25357a9e21,Germany,web,Japanese,25-34,2025-10-29
bfd6889a-a03d-4269-8b35-92fe09760393,Philippines,ios,Russian,45+,2025-08-27
caf5625f-a2ed-4a44-8e3d-875313936843,Germany,android,Italian,35-44,2025-08-26
2126ecad-ecab-4290-baf7-b18b694a3655,Mexico,android,Chinese,<18,2025-09-28
c6851f2f-df9b-4b6f-b566-d77b53621ab6,Brazil,web,Hindi,<18,2025-10-02
03829618-325a-49e1-87ae-77ef3d667c3e,Mexico,ios,Hindi,35-44,2025-09-14
3d4f3e26-0326-4604-b4b3-f5951a470e53,India,ios,Chinese,<18,2025-11-03
1979b725-99dc-4452-a118-632e974fc167,Mexico,web,Russian,25-34,2025-10-29
ff9cfe9b-994a-4980-ab26-116ebf75d241,India,ios,German,45+,2025-10-08
0d72a6da-b0e0-4199-b797-7ee4bc930501,India,web,German,<18,2025-11-24
0cc5e74e-0781-4d22-b430-081548b168db,Philippines,web,French,25-34,2025-09-03
f60f9caf-0bdd-4d43-9291-0ffc88c368f2,Germany,web,Spanish,35-44,2025-10-28
9e82fd2b-cdff-4d94-a6d7-86e53534c767,UK,android,Russian,45+,2025-11-03
45004254-cfdc-48af-b84b-b25d1551fe76,Mexico,android,Portuguese,35-44,2025-10-30
916f6bbd-4c93-413b-94c7-309de70fc52c,Brazil,android,Portuguese,45+,2025-10-22
962fa7ea-8701-4ddf-83ac-ef3783436a1a,India,web,Russian,<18,2025-10-24
1fee1b4f-840f-4818-a31a-92f390b38606,Germany,android,Chinese,<18,2025-08-11
67d4767e-b161-4b6c-8e48-d098eb0d799b,United States,android,Portuguese,45+,2025-09-25
3902a5b3-9458-40b2-9e4e-9390e5fc7596,Spain,android,Portuguese,25-34,2025-11-23
43cdf668-41ae-4f10-9c0a-7536b977659c,Philippines,web,Spanish,25-34,2025-11-16
d12e22f7-2614-4cd9-9a36-046c1acc0291,UK,web,Hindi,25-34,2025-11-14
016d8ba0-4cf3-4792-a746-62791a597ebd,France,web,Hindi,18-24,2025-11-04
c93d33d4-8dc1-4be2-9f77-74ab444315ca,Philippines,android,Russian,25-34,2025-10-15
d419396c-7515-4bb5-820e-6db81c75e5a0,United States,ios,Korean,<18,2025-09-06
ee83eafd-592e-41a1-a559-2f88336064ab,Spain,android,Hindi,18-24,2025-11-14
e5cdcb61-2254-42ad-a159-7d0c5a24a470,United States,android,Chinese,25-34,2025-09-04
c6030d0e-06c4-4604-9734-fe3ca8349921,Mexico,web,Japanese,<18,2025-11-06
e8f5f455-db66-4e2b-b342-24ece3997e80,India,web,Korean,18-24,2025-11-25
45471f2f-5b9e-4682-a17c-b968acfcb0f6,UK,android,Spanish,<18,2025-10-11
cb1f8480-45c9-4ba9-8829-3064a42eec22,Indonesia,android,Chinese,45+,2025-10-12
71681c46-7ffb-470e-971a-0470cc942e83,India,ios,German,<18,2025-10-22
ca23db73-dfc5-4179-9c5f-d9d0fe363979,Indonesia,ios,Spanish,18-24,2025-09-25
ca3fea55-fceb-479c-a3af-b551e40eee32,Spain,web,French,25-34,2025-10-05
2dd4e2b8-29e8-45eb-8d04-d6db454a0b58,Germany,ios,Portuguese,18-24,2025-10-11
a801383b-137a-441f-9c11-b092c1a560fe,France,ios,Italian,25-34,2025-11-26
fdb6a547-1585-4aa7-b3c1-92c76dfd267f,Brazil,web,German,25-34,2025-11-07
79206e98-ba7b-4355-90e8-ec38af21e592,India,ios,Korean,35-44,2025-08-19
cf22e83f-4b08-452f-ae75-543c2c098d07,UK,android,Chinese,45+,2025-10-11
a529a954-41c9-4ceb-938c-009ad8244e96,United States,ios,German,35-44,2025-10-15
a874c430-cac5-4f8c-80a7-1f17047e23d4,UK,web,French,18-24,2025-08-10
b4e9a8e2-0085-4826-af65-43cbfc33e694,Spain,android,Chinese,35-44,2025-08-27
df1eda3a-321b-4c0f-98b4-a091d9ce9761,Indonesia,ios,Italian,25-34,2025-09-20
a3674246-e039-4ca8-a93d-2e522f1da8b4,United States,android,Korean,18-24,2025-09-05
76bf4943-9d8e-4778-9271-5917e64d163e,Brazil,android,Spanish,35-44,2025-12-01
58f29646-c0c5-4031-a17e-19098d8c6fac,Brazil,ios,Russian,<18,2025-08-16
db8542df-a13a-4c93-a2ac-17ea46a5c11f,India,ios,German,45+,2025-08-13
a320ab65-01ed-461d-a9a7-899ecc6d7372,Spain,web,Italian,<18,2025-08-28
08ba6f81-687f-42d2-9761-0c6dc934104d,Germany,web,French,18-24,2025-09-21
da923370-5a05-4395-b4f9-77865e918709,Spain,android,German,35-44,2025-10-16
6bc885f5-a945-4c51-88ca-813e96d0b837,Indonesia,web,Japanese,25-34,2025-10-03
ab79f061-b8ff-4582-b0ff-fc7431afb4ea,UK,android,Japanese,35-44,2025-12-03
13b8fc27-90c1-4d8b-aa8d-6b86aab0eada,Brazil,android,Korean,18-24,2025-08-05
a2b7ccdd-2746-4585-9c3f-7ee0e6b787a7,UK,web,Spanish,18-24,2025-10-19
944f385f-f946-44f9-a20e-96c2a35464a8,UK,web,Korean,18-24,2025-10-26
5245658c-7f37-4a7d-b699-0b615a62c64e,UK,web,Korean,18-24,2025-08-29
0869076b-2a75-469c-b9d8-28db5c534ea3,Brazil,ios,Portuguese,35-44,2025-10-15
5b706a31-fc55-4573-804d-b20442498aa5,Philippines,android,Spanish,<18,2025-08-16
49c99ed3-a22e-4ebd-9a3f-b80bd5f77c51,Mexico,android,Portuguese,25-34,2025-08-11
3ee0f1eb-f0c6-4c7a-b295-bdc7e35b7f1f,Indonesia,android,Chinese,25-34,2025-08-19
06494226-a43c-42ca-811b-4d86bfe9f396,Philippines,web,Italian,45+,2025-10-11
5410166c-66be-4008-acfe-31d13fc5aec3,Indonesia,web,Italian,18-24,2025-09-26
e4fd8556-4761-42f5-8b10-394ef1b938d8,United States,web,Spanish,18-24,2025-08-30
55847b4e-e3c3-43db-ab5c-555e524d4374,Spain,web,Spanish,18-24,2025-08-31
c341b96f-c559-48df-b1a2-34b52fa3017e,Spain,web,Chinese,<18,2025-09-25
da36ed3c-84bc-4e0e-9253-adfe05c7dc4c,France,ios,Italian,18-24,2025-08-23
4f3ad088-03e0-4cb9-89e6-6516887e6844,Spain,web,Chinese,45+,2025-09-17
823fab94-a399-47fb-a63b-05bc56a2d378,Brazil,android,Russian,45+,2025-08-11
69976f4a-2db1-4e46-a7fe-36d6da090b4e,Germany,web,French,<18,2025-11-05
e17a5042-2910-495c-9740-596869a72720,India,android,Japanese,18-24,2025-10-02
22559e92-7394-4b3d-a286-5f2a648e5dbd,France,web,Russian,35-44,2025-11-05
2d2b4ac1-53ae-4278-bdd0-2974dffdbb70,India,web,Korean,35-44,2025-10-30
0852e75d-c999-4ffb-a87e-83bfb6f9f6d6,Indonesia,android,German,25-34,2025-10-09
84baef6b-9eb4-4e14-9dfe-63b5a31011d8,India,android,Portuguese,<18,2025-10-02
a6e0e72c-2a93-4c50-9b67-d5eb8abb4dc4,India,android,Hindi,35-44,2025-11-30
85d4d4ea-72b0-4d77-8830-4866bd3019a2,France,android,German,25-34,2025-10-15
99326540-d827-4226-a746-6ce626444045,United States,ios,Spanish,45+,2025-10-21
3546dc4e-7643-4650-ab75-6464c2e3c2df,UK,android,French,25-34,2025-09-09
02fe9409-d850-4b53-b64c-be5ec7a8864a,Spain,web,Russian,18-24,2025-09-08
a571a0d5-2901-4455-87cb-55d403f380fe,Spain,web,Hindi,18-24,2025-08-23
3492ebee-3b9a-4fb3-8ace-2a0df6d143e9,Brazil,ios,Hindi,45+,2025-10-13
ef4eef85-f153-4fd8-85cb-6a72246d17ee,France,android,Spanish,<18,2025-09-02
d46c3a0b-82da-4f6e-ac0a-642e7c1e2102,Brazil,web,Russian,18-24,2025-11-12
e00ed468-b56a-4606-8d5c-46a51ad9c0aa,Germany,ios,Hindi,18-24,2025-08-18
1a7c947c-acaa-492e-ae6a-d5ead85f9261,Germany,web,Russian,25-34,2025-10-05
605eaca8-9c87-4aea-b18f-6ce1ba140883,Brazil,ios,Portuguese,25-34,2025-08-08
7f75bea5-36c7-486c-affc-e2f5a95dabed,France,ios,Portuguese,25-34,2025-11-17
83029d4f-f073-489a-ad25-d2fd2b4cbd90,Brazil,android,Hindi,35-44,2025-09-15
8bac069e-56cc-4857-8843-6a71d2167b7f,Spain,ios,Hindi,45+,2025-09-26
89c4b22a-71ce-4df3-a16f-154001adf40b,Philippines,web,Spanish,<18,2025-11-30
5f452099-0846-4522-8a63-e220e6f03911,Mexico,web,Russian,25-34,2025-08-09
aea2e1f3-b1f0-4276-ae9a-d028581c6cd0,India,android,Italian,<18,2025-10-14
1f8b0f17-e20b-4cdc-a867-adc80465d2d9,Mexico,android,Chinese,25-34,2025-09-19
024cfd16-2d6d-4217-a0fc-475a47021a3d,France,ios,Chinese,18-24,2025-09-22
b12f4f64-f758-4210-a5f5-1d3488a57371,Mexico,android,German,<18,2025-09-10
4d00888e-1a98-48b7-80ca-0ddfad263641,Germany,web,German,35-44,2025-11-30
62813e8a-f862-46d9-8224-04557243bfc5,Indonesia,web,Hindi,25-34,2025-11-23
c2e9415e-4950-4e18-bf32-cb5ab6ccdfcc,India,android,Japanese,45+,2025-09-12
8079308a-6dd8-4e94-9d98-d78ab733323e,UK,android,Portuguese,18-24,2025-10-10
1f500b27-a82d-4bb3-98f2-db09016f1422,France,android,Korean,25-34,2025-11-16
28daf629-48c0-4be4-ae00-a1e25d4d3bab,India,ios,Russian,<18,2025-08-15
7bada39e-e657-4a2d-ab93-a6aa8310c37b,Mexico,ios,French,25-34,2025-10-05
2e91173d-2aea-4596-9b2d-9d5c6a529f24,Germany,web,French,18-24,2025-11-10
b0f6ec3e-1fc7-481a-b9db-718ffc1ea509,United States,ios,Portuguese,45+,2025-11-27
ed8caaba-201a-4550-b54a-78b6ee477043,Philippines,ios,German,45+,2025-10-31
b58a91c4-2cbf-4f00-9e84-770fd0dd0454,UK,ios,Spanish,45+,2025-10-16
8f5b88b9-c85d-4501-915b-9ea556249d59,Philippines,ios,French,18-24,2025-10-23
e844a33a-c807-4087-ad58-a5f10aef8092,India,web,Hindi,25-34,2025-11-06
73f021b8-2e1e-4c6c-ba00-4a6d12e4a769,Germany,android,Japanese,18-24,2025-10-06
cee19698-3c0f-405f-9028-21cfc644e427,Germany,web,French,18-24,2025-10-23
78c3a167-6929-47c8-a3a9-570cd3454b63,Mexico,ios,Chinese,25-34,2025-10-21
9d8c2e13-c670-4a25-84e3-114b55ecc5a6,Spain,android,Japanese,35-44,2025-08-28
8439c028-ab20-47d6-9f3c-24f530505c7c,Mexico,android,Japanese,45+,2025-08-13
5dcf7a61-0238-4ded-a3d4-34f186151022,Spain,android,French,<18,2025-10-16
497f4b08-0758-4eee-9dfb-56919b6b4a64,Spain,web,Spanish,<18,2025-10-29
73197d2d-179b-4c87-8aa4-92c31b4419a7,UK,android,Spanish,25-34,2025-08-29
3e6ea026-1a22-4f76-b17e-560886ddff77,Mexico,web,German,<18,2025-08-19
c1799f57-9245-42f3-8066-a7ff8a1bf0d3,United States,web,Portuguese,35-44,2025-10-11
9fd84991-55f1-41eb-af3c-b5395ddce71d,Brazil,ios,Hindi,18-24,2025-11-01
67d9c3f2-5ef1-4047-9a96-477735e36795,Brazil,ios,Korean,45+,2025-08-19
ac39c258-d468-4884-ac03-4d734b719fa2,Mexico,android,Italian,<18,2025-11-23
a43b4636-2d9b-4262-9211-64db4875a586,Mexico,android,Korean,<18,2025-10-04
dbbc54bc-b179-4411-90b1-8f2b30f8c2fe,Philippines,ios,Chinese,25-34,2025-12-01
0565e195-b46c-4cc3-8229-a4c62de10092,UK,web,Spanish,25-34,2025-08-30
5a670212-e6de-4c7a-85ad-6a3e5c5e8fef,Mexico,web,German,18-24,2025-09-25
10fc1c1d-96fd-4267-8b11-18f1929f375c,Philippines,ios,Chinese,45+,2025-11-27
3c29f2bc-5b4f-42be-866e-54769a6d46e5,Spain,web,Korean,<18,2025-10-20
696746aa-d218-4ec8-b55b-17afdcf7bc5c,Germany,ios,Japanese,18-24,2025-11-05
d63e3ab2-0696-4461-bdaa-40482c49301c,Germany,ios,Portuguese,45+,2025-09-11
03565af4-0157-43dd-869c-1d3e126275a1,Spain,android,Japanese,18-24,2025-11-25
af7ede84-941a-40ce-bfea-83983c5db678,France,android,Korean,<18,2025-08-26
bfa740ad-b961-4b48-a60f-3035aebfcc0e,Philippines,ios,French,25-34,2025-09-11
7bd293e1-5ae7-4937-8320-08c494aae6ae,Philippines,android,Portuguese,25-34,2025-11-28
67c5c920-17d9-4ff5-b609-aab448803947,Spain,ios,German,25-34,2025-08-29
654a1587-157a-4e8b-9986-34dc23a35351,United States,web,Russian,35-44,2025-11-30
7d65e510-4d76-4c8e-b9e3-e0d1d8f4333e,Indonesia,web,Japanese,18-24,2025-11-02
ee73d55a-56ce-4f48-b4b3-04aa3d049b6a,India,web,French,<18,2025-11-08
e37cc130-a769-40e8-85c1-6e78ed568cd8,Spain,web,Chinese,18-24,2025-08-18
420d2df9-c5c4-4cc2-b293-11b70378af45,Mexico,ios,Russian,25-34,2025-12-01
812be3c1-c888-43cb-8dd5-881a7337fb21,Mexico,web,Chinese,18-24,2025-09-15
0c18146c-7711-4d5e-8a2a-1ff3bd218cec,UK,web,Spanish,45+,2025-11-14
4d5c443a-4277-4827-a3ab-77a8330ba5e8,Spain,web,Russian,18-24,2025-11-03
e62f303f-8944-4e53-bd45-bf275e78bc87,UK,web,Portuguese,35-44,2025-11-17
c109a4d9-e08c-4211-bc01-1140dbd45d1b,Spain,ios,Spanish,35-44,2025-10-04
b9d9a50f-480d-4829-95f1-62b2890d4b6f,Philippines,web,Portuguese,25-34,2025-09-09
a23ffdad-0796-4479-b91c-68e8cb65b766,India,android,Hindi,<18,2025-11-19
fe0874f2-3201-4f3a-b233-39c2074011c1,Philippines,android,French,45+,2025-09-22
0acfd1f1-800f-464c-8a98-350e08e7471d,Indonesia,android,Korean,<18,2025-11-06
f8059191-b80b-4d70-964b-41214b81e4bc,Germany,android,Chinese,<18,2025-10-05
eee04bb5-a5c5-41cf-ad35-68664f5c99c2,Brazil,android,Korean,45+,2025-09-05
b0ba1d7e-d3f5-4af4-b63e-be1d2d10d12f,Spain,android,Russian,35-44,2025-11-01
0e6f38e5-4d6f-49bf-88f0-fd62b5445799,Indonesia,ios,Japanese,25-34,2025-08-27
8aa4421a-55b8-444a-aec4-9f62f269d179,Germany,android,Japanese,18-24,2025-10-17
9ac74404-033c-493f-a0dc-01135afcd880,France,web,Chinese,35-44,2025-11-12
d9cb3d2a-f9a5-4ac1-9ac9-2a1ae3f1a0cd,India,android,Spanish,25-34,2025-09-17
cce56d98-873d-4cf1-ae39-fad9881b06f7,UK,ios,Chinese,35-44,2025-09-17
3ab64b0a-5bc6-41b4-b186-ff4dbf202cea,UK,android,Hindi,45+,2025-08-30
929d1007-3f87-458f-b12a-77f7bfe41f0d,Philippines,web,Hindi,<18,2025-09-03
106d9eb1-2754-4eaa-9df7-31252fbb69c8,Mexico,web,Korean,45+,2025-11-19
9a012264-91d5-4582-b690-97d433ff8426,Germany,ios,Russian,18-24,2025-08-26
3c0c4e75-ae92-4bcd-8512-0415627cc796,France,ios,Hindi,45+,2025-08-21
03745e8b-e589-45da-bcee-a3b92d914f3c,Indonesia,ios,French,<18,2025-11-13
351d4657-bbc1-486b-8e04-6c24bcb4fb14,India,ios,Spanish,35-44,2025-10-25
e58a3e4a-ed7b-48b8-b955-35f74e5e12ec,Germany,android,Spanish,25-34,2025-11-20
d640b1d0-80f9-4327-984f-37dbf1af9f72,France,android,Hindi,18-24,2025-09-20
d18ff037-ed90-403d-b4d7-b01f6e4ce4b9,Brazil,web,Italian,35-44,2025-11-30
6585bd37-9e65-42cf-b832-5075e0ad39b4,Spain,ios,Japanese,25-34,2025-08-07
bca52736-5441-4b66-8a7d-80b6d0fb7b6f,UK,ios,Italian,<18,2025-10-25
a9c33e2f-40f2-4b70-b83f-83c0a8a9d784,Indonesia,android,Russian,45+,2025-09-21
b2f931e7-9ced-44c8-8e8b-f7e9fbc84588,UK,ios,Russian,35-44,2025-09-08
fe26cc87-1156-4962-a09e-30787d442dfa,Indonesia,web,Portuguese,25-34,2025-08-09
90cd2049-191a-414d-a285-4e7e8110c34f,Philippines,web,Russian,25-34,2025-10-16
614d126f-d5bc-44cc-ab57-dcab1f292ac5,Mexico,ios,Portuguese,45+,2025-10-14
5be59097-1c63-4382-9746-1ecba50cf95c,Indonesia,web,Spanish,35-44,2025-08-05
427869ce-9b1d-48e5-b7c2-f81aa0417a6e,UK,web,French,35-44,2025-09-03
f894803f-0182-4f68-bf30-756d71488185,Philippines,android,German,<18,2025-11-08
7f2a3f39-0d76-472e-b1c6-c6b19563509b,Indonesia,web,Japanese,35-44,2025-11-24
720107b0-4709-4bb1-baea-ccd462f6009a,Brazil,ios,Portuguese,45+,2025-09-19
7f3b406c-6dee-4e8e-9e84-2f5f43e673cd,Mexico,ios,Korean,35-44,2025-09-06
081844d4-2e75-4cd4-a83f-0ed476c690d6,Indonesia,web,French,<18,2025-08-19
7136e183-7d3e-4b2c-8bfa-968ffdc5cd7a,Philippines,ios,Chinese,25-34,2025-09-14
803d45da-1ce1-461f-8924-7b360c5dcc6e,Germany,android,Korean,35-44,2025-11-02
0d491ae6-550a-480e-9247-dbefcc10a96b,United States,web,French,45+,2025-11-20
dbd829b9-a755-4413-a4c4-3b6124df8e6d,France,web,Korean,35-44,2025-09-05
8f3e6add-ad58-4cd5-aca7-be9b32aef186,United States,web,Hindi,18-24,2025-08-27
e5aab067-3b4d-4880-8959-ab0bfc130f58,United States,ios,Korean,<18,2025-10-26
75278b84-e74b-4d5e-bec1-a0b7284660e6,India,ios,Portuguese,25-34,2025-08-17
84d001e5-73e9-4c91-8aac-db518fc9a6d3,Brazil,web,French,18-24,2025-09-07
c5ad779f-cf1e-4f5d-9ba8-f06ab015b4b8,Germany,ios,Chinese,45+,2025-09-18
a62bab7d-3bcf-48e2-9362-9c8063c8d810,Spain,ios,Russian,35-44,2025-08-22
f024079b-0258-45f0-9156-cb0bdd8d7fae,Indonesia,web,Korean,<18,2025-11-18
3acec8bd-7c5c-4982-91d7-4ba2f63cec74,France,web,Chinese,35-44,2025-08-24
474526ee-cef8-43b8-ac8f-615906b99f6c,Mexico,ios,French,35-44,2025-09-22
0c770898-94c2-4d73-a939-b2e824d2c346,Germany,web,Chinese,35-44,2025-08-25
0cad2f5e-9c37-4008-82b8-41811f09b5ac,UK,web,German,35-44,2025-11-28
cea29c5e-1833-49d1-b145-54952e07b69d,Spain,web,German,<18,2025-10-20
fa75b0f3-d76b-432c-89db-d0a4a2a36bb8,India,web,Korean,18-24,2025-09-26
ebd1bbc7-1ced-40f9-91c4-a7fb4dfa96b2,India,ios,Korean,45+,2025-10-10
2ba44d96-f95e-453f-b028-63b66e80c760,Germany,web,Korean,18-24,2025-09-10
1e8cf60e-735f-4a79-b8c4-89553c341c1c,Philippines,android,Japanese,<18,2025-10-17
1c87ab93-c620-48c0-9a37-437b83c6141e,United States,web,Hindi,45+,2025-11-25
95580307-3d55-40bb-85af-5a9dd07d3112,UK,android,Chinese,25-34,2025-09-30
471d2ec2-e561-4df3-8f3a-f1035c0001cd,India,web,Italian,18-24,2025-09-12
480bc146-9ea4-4653-90ad-c13cdf745215,France,android,Spanish,<18,2025-10-21
f08f4146-13dc-4e61-9bd8-d6145c84f17a,India,android,Korean,<18,2025-12-02
7047ebe2-af36-450e-a9dc-99a07e36c330,Mexico,web,Portuguese,<18,2025-08-17
7aca8a72-ac38-4391-8581-5cad13c2e5f0,Indonesia,web,German,45+,2025-10-11
90288aa1-4129-4120-9b1e-2e03d738dcfd,India,web,German,35-44,2025-08-20
5b96225f-3b36-49bb-9958-1d333da7b966,Mexico,android,Russian,25-34,2025-10-02
54f68cb7-9c73-4efa-ac7f-ab84a45c55b7,Germany,ios,Spanish,45+,2025-11-20
18f39992-77e4-40e3-8bd5-8e2a906c9c59,Germany,ios,Chinese,45+,2025-10-09
206b103a-11fc-4aa6-9569-9c115f25305e,Spain,web,French,18-24,2025-10-18
e3b4f09d-f8ce-4a84-aed7-3878950cbb46,India,ios,Spanish,25-34,2025-09-13
bf7bcf8a-fe14-434d-84db-3376cf16937b,France,ios,Hindi,<18,2025-08-11
fea116c7-c519-4395-b07f-5e5f4b2947bf,India,web,Korean,45+,2025-08-19
3fa1d82b-4847-407e-8201-8dae0fb82204,France,android,Portuguese,25-34,2025-10-06
6c89c507-a967-410a-b5e6-a037b020aa6c,Brazil,web,Chinese,18-24,2025-09-04
4438d9e0-f125-4bc1-923b-1fc4c05f4779,Spain,ios,Chinese,35-44,2025-11-14
c4a19365-0ab3-4542-ae46-f1979c89eb3f,Brazil,android,Korean,25-34,2025-10-09
7765ad13-ed42-477e-86a8-661ffa2364b9,India,ios,Hindi,<18,2025-11-11
9908ecb0-168f-4d23-b2ea-1258b6c7e589,Spain,android,Korean,45+,2025-09-01
a83fea9c-53ce-469a-82af-62e64df79a99,Brazil,ios,Korean,35-44,2025-09-28
b28ee03c-9f77-4f51-ae6f-e0f38d893cd0,United States,web,Spanish,18-24,2025-09-11
f4e79667-fb6b-49e8-adbc-26be81cd4e3f,India,ios,Portuguese,<18,2025-10-30
2c5a8fe4-e1e9-4294-91c6-54fa23524819,Brazil,ios,Chinese,35-44,2025-09-16
cfb52c09-50f7-4fa1-97aa-de491b53722a,United States,android,Russian,18-24,2025-08-22
5c779021-c831-4a69-9321-6fdc72978ad0,United States,ios,Korean,<18,2025-08-08
9699ecec-d74a-4fc1-a606-da020ac838b4,Germany,web,Japanese,45+,2025-09-26
f3cc3cba-9a35-494b-9125-3e3685ade3e4,India,web,French,18-24,2025-08-26
5b72e707-c852-45e0-b41e-0050026e391b,United States,web,Korean,35-44,2025-10-03
81c04ef3-35a2-4c32-bc90-8b3a7fc2c443,Germany,android,Korean,<18,2025-10-05
9b6c086a-3e69-4f16-a25d-2c5b314562ed,Brazil,android,Chinese,25-34,2025-10-09
b0458b4f-068c-46ae-a247-741047c731fc,Mexico,ios,German,<18,2025-08-20
5b6a3b4c-e78e-4832-8298-576b1ea68c1a,India,ios,Italian,35-44,2025-09-01
5133483f-a4d1-45d4-99ad-5fc9b4fc9a36,Spain,ios,French,35-44,2025-09-19
0a268cea-729e-4d0d-835b-6b48bc22351a,France,android,German,25-34,2025-10-30
c84c302d-2700-49a2-88b3-a0dbe95c5cf3,France,android,Spanish,35-44,2025-10-23
c28a0a6e-59e6-4acf-b444-86d181412640,Brazil,ios,Japanese,<18,2025-08-16
6e4b5811-48fa-4566-ba3a-6ceef129af86,Philippines,android,Italian,18-24,2025-11-02
3caa848c-ac7a-4b81-bc7b-1fb6df286f89,Philippines,android,French,<18,2025-08-19
75aaf6b6-80b7-489f-8dea-f12015618c8c,Brazil,web,German,35-44,2025-08-06
5939cc0b-1eed-4ba1-94c6-dd255634821e,United States,web,Portuguese,25-34,2025-11-22
07187a45-14de-47e3-a3b7-97f9eb3a4adf,India,ios,Portuguese,25-34,2025-10-29
2bf64a54-42e2-4d5d-9e63-3084ec7bf835,France,ios,Hindi,45+,2025-08-13
c322b9e9-8e7b-4198-bf64-1628da217613,France,web,Korean,25-34,2025-10-07
1e2e6dd3-da72-479c-9f4d-2ca3ee1c1118,United States,android,Japanese,25-34,2025-11-02
30502fc0-ef17-45b4-9c05-9838878887ed,France,ios,Italian,35-44,2025-08-29
a64373a5-7056-4ada-897b-1c9ef22afef4,Spain,ios,French,18-24,2025-10-05
854d3a70-c72a-41ac-93b9-45d584cd7b82,India,ios,Portuguese,18-24,2025-09-22
24f9bb1c-c082-416f-a29c-fd02be8aec1a,Indonesia,android,Japanese,35-44,2025-09-16
f9d4f011-c588-488a-9709-6b7aee10338e,France,web,Italian,25-34,2025-09-09
85efdc37-6083-4388-8a00-b8ecb0eb05fa,Brazil,ios,Hindi,<18,2025-10-16
6d1583a5-e437-4182-8f2b-e7517c680aa1,Spain,web,Portuguese,18-24,2025-10-21
5fc7fba3-b1ba-4beb-ad2a-dac747be2ec0,France,web,Chinese,35-44,2025-11-30
dcd8c790-05d4-4b48-a538-b4a57eed3748,Spain,android,Portuguese,<18,2025-10-01
f3744926-6024-4f9b-b2ec-ec06208a8f73,Germany,android,Russian,25-34,2025-08-17
8eac323a-6633-48ed-b26b-7cae661aa623,Indonesia,android,Chinese,35-44,2025-10-23
5e3a6042-16e5-441d-802e-5bc25958a2ef,UK,android,Japanese,18-24,2025-11-10
afc09e64-8923-46bd-9fc0-d3dbc47c795b,Brazil,android,Hindi,<18,2025-10-02
3e645ff5-60e3-41af-9a0f-84a1a84d2c01,Brazil,android,German,<18,2025-11-06
f33f1ef5-6f9e-4fba-bc3c-0fe8c584798f,India,ios,Spanish,18-24,2025-10-19
73d97405-3d5b-4f9b-a9f8-ca2538d2cfa7,Spain,web,Korean,<18,2025-08-23
e3db6868-c19b-4489-978e-9f74fe918857,United States,android,Korean,18-24,2025-10-31
9bb16549-1a82-4f08-9563-85632f908887,Brazil,ios,Portuguese,35-44,2025-10-21
aadb285a-1c48-438a-98b5-84d323000332,Spain,web,French,45+,2025-10-29
4683ed18-8a4d-4db2-afae-0843f4f85ae5,Spain,android,Chinese,25-34,2025-08-13
6c8953ce-491b-4b38-baf7-2b1b113a8f47,Mexico,android,Russian,35-44,2025-09-18
0ec141bf-413b-46ce-96a9-7b1aceaf4281,Mexico,ios,Portuguese,25-34,2025-09-05
4bbdeecb-232e-4294-b1d4-7140b6a4ecf4,UK,web,Hindi,25-34,2025-08-13
5a7666a6-5acd-4e00-b6f7-e05b46c334cf,Germany,android,Spanish,18-24,2025-10-29
0b883a56-2664-4c2e-bc28-a5258395a9a2,UK,web,German,45+,2025-09-23
784e84e4-66a0-4531-b27e-2610e4dd1985,France,ios,Spanish,25-34,2025-12-02
7137908f-56c8-450f-8143-b17bc26b5e2b,United States,android,Russian,25-34,2025-09-28
7f65ca9e-f398-41e1-85ea-6b32e64d3dba,France,web,Spanish,35-44,2025-11-09
44f2622f-e938-4e5b-af9c-db48c1826228,Philippines,ios,Spanish,45+,2025-11-23
289b11df-0c87-4e96-84ff-e488dab9234a,France,ios,Japanese,45+,2025-11-03
87df3483-7218-42a2-ab53-681b50b64fa6,India,android,Hindi,25-34,2025-09-02
eb5e77cf-a215-476d-b33b-736361d22abb,France,web,Hindi,45+,2025-10-12
e96777a2-8016-4647-9d59-52222670fdda,UK,android,Italian,35-44,2025-10-02
a02507b8-c6f0-4214-a054-223a6d800b9b,Brazil,android,Portuguese,18-24,2025-09-23
c4605352-087f-4be0-b954-be6f54648979,Brazil,web,French,25-34,2025-08-28
ced1e6e2-5141-4d45-8d8c-665af656e062,Mexico,web,Italian,<18,2025-11-03
03e4435b-3a7e-4279-94c7-6600a7371a63,United States,web,Hindi,25-34,2025-09-06
d2722cac-a135-4681-acf3-ab8d9756abe0,United States,ios,Korean,25-34,2025-10-04
4addbf32-d514-4fb2-bc2d-e58cb7e2672b,India,ios,Portuguese,18-24,2025-09-12
4b2ee6c3-9c7d-4129-83de-dc35c7f61486,UK,web,Russian,<18,2025-09-03
e09613b2-958a-4640-ade9-4d6100a1d329,Mexico,ios,Japanese,<18,2025-10-02
0141d71e-335e-48c7-be03-c76d064a2a6d,Philippines,android,German,<18,2025-10-07
989610fe-dafa-4791-8b5a-2f04c9289b28,United States,web,Korean,18-24,2025-08-24
abfb759b-aba3-4f68-b1a8-5b2fc7737ce4,Brazil,android,Hindi,45+,2025-12-01
08ffec94-49e4-4420-86c0-acf9d81526d2,France,web,Portuguese,<18,2025-11-22
d48e2915-91c9-4746-9089-ad709e8dc47b,France,android,Hindi,45+,2025-10-27
e2021025-bc1b-4c5d-b91b-bed21bde815e,Mexico,web,Chinese,35-44,2025-11-05
249a4239-543e-4214-8808-329f8b7326c3,UK,android,Italian,18-24,2025-10-13
afe13e12-b063-42e7-81c3-5bb1bbbb423f,UK,web,German,45+,2025-09-06
ced6333d-23e4-4f25-acfa-c488426c4f0e,Germany,web,German,<18,2025-11-02
db53fbef-7689-4d6e-959f-81e82b794ac4,Indonesia,ios,French,<18,2025-10-25
47038b06-0857-44a2-b9a9-a1fb07b75468,United States,android,Chinese,45+,2025-09-10
855013a9-eeb5-445e-9125-ede66f789e1b,UK,ios,Spanish,45+,2025-09-20
2b00cc81-8cdd-4af7-a81c-3ab51df20201,Brazil,android,Chinese,35-44,2025-10-17
a6216c1f-4b03-42af-9762-25a1ef04c0c4,Mexico,ios,German,18-24,2025-10-04
6033d3e4-7920-4e08-a52b-482ee60e01ca,Philippines,web,Korean,25-34,2025-09-24
ea65ad4f-3b49-4460-ba72-f868c9a64169,Germany,ios,French,35-44,2025-09-27
111fbe74-6b4a-4061-93cb-be2e10e949c3,Spain,ios,Russian,35-44,2025-10-20
c082b539-5b6b-486c-badd-9f6dd2abc94e,India,web,Korean,35-44,2025-10-10
80987819-b419-4e55-b257-837064029dcf,Philippines,ios,Portuguese,<18,2025-08-30
a13d5db8-4a24-4f07-9c06-caa04581ddd0,Spain,web,Spanish,45+,2025-09-24
92ab488d-ebea-486f-8cd2-652c6a1a937c,France,android,Italian,18-24,2025-10-22
8593312e-d63f-4c9f-8cb3-8d8fea0b664d,India,ios,Russian,<18,2025-10-19
b7de3b51-bccb-4684-9529-300f723d8848,United States,web,Korean,35-44,2025-09-05
1232aabe-fadf-48f2-9500-afe65699365a,Brazil,web,Portuguese,18-24,2025-10-06
bae7ef14-0dc9-4d7a-8aca-8214d5682327,India,ios,Hindi,<18,2025-10-30
71b4334c-f7a9-4fa3-b08f-5e87436a8a57,Indonesia,android,Japanese,25-34,2025-10-25
aed35c15-9e31-45a8-b086-abb059f77796,Spain,ios,Spanish,35-44,2025-11-01
e4497549-c1f1-442a-8aeb-b3d043a717eb,United States,web,Italian,<18,2025-11-04
b187c5ad-56f3-4768-86e2-f209c11a002c,Indonesia,android,French,<18,2025-11-18
af338213-7633-4129-94ac-2e431e629a08,France,ios,Chinese,35-44,2025-09-02
b0ae18b1-d389-463e-b891-12494ef1f1b1,Indonesia,web,Japanese,25-34,2025-11-09
ff1ba5fb-d365-42cc-ace4-d3382fe7711f,Germany,ios,Spanish,45+,2025-10-24
c233e600-b097-40c0-8a54-083d9fdc48f0,Germany,android,Russian,25-34,2025-11-18
9343955c-825f-4c0e-b00c-57a1480bcc72,Mexico,android,Hindi,35-44,2025-08-30
f914ee21-ae0c-40fa-aa7b-f3f83a4eaa9f,Philippines,android,French,45+,2025-09-26
3c21a819-7f29-4630-875e-99a91405b138,Philippines,android,German,<18,2025-08-28
5ffbb7f4-5deb-4d18-a273-a4fee69429e8,United States,android,Korean,25-34,2025-09-06
509d9758-8041-4921-b276-8f508f61bbd5,France,ios,Korean,25-34,2025-11-10
5e0eaf18-056e-4d31-8d3a-1610861984f8,UK,android,French,45+,2025-11-09
afa3bf58-00c3-4a1d-b8bc-eb82c8b1394b,Germany,android,German,<18,2025-11-06
e8b0ec23-7702-46c9-aa55-e63173612769,United States,web,Korean,25-34,2025-08-31
0803ca2c-8e8c-46cf-a203-a456263854c8,UK,android,Spanish,45+,2025-10-03
dac36897-038b-41f7-9118-f1f915084bef,Philippines,web,French,25-34,2025-10-29
39818a08-ff77-4c19-a914-0134fa573924,Mexico,web,French,<18,2025-09-02
de58a0f4-07fa-40e7-b625-ffbb7c052df3,Indonesia,web,Russian,<18,2025-09-19
82b184cb-dc1a-48cf-9e08-acef197d3dd2,Germany,ios,German,18-24,2025-08-28
b5d97190-78eb-49a3-99d9-1b58ef50d0d3,United States,ios,Russian,45+,2025-09-27
62c6faf2-c4ce-4945-92b6-b8395f69adc5,India,web,German,35-44,2025-09-18
73355096-b2f4-410c-a5b6-589283b1ab1c,UK,ios,Russian,25-34,2025-10-28
a1063c02-f986-41fe-95db-5593a1f9bbc9,Indonesia,android,French,<18,2025-11-21
b6595c12-1449-41d2-9980-6509ceba0693,Germany,ios,Chinese,25-34,2025-08-19
ce3ee207-2de9-42b7-96a7-eb697a2b954c,Philippines,android,Chinese,25-34,2025-11-09
a1eb9ff8-e77f-4ee5-b1aa-4509dcca3bbc,France,android,Chinese,35-44,2025-10-27
271ecd14-636e-42df-946a-11a7cbf979c5,UK,ios,French,<18,2025-11-04
a71cf0f2-c122-4c0f-870c-7d9f71d321b1,Philippines,ios,Korean,18-24,2025-10-18
af29fc2e-065e-486a-92a4-a54606afcc6a,Germany,web,Hindi,45+,2025-11-11
2668cdc8-0c51-4d50-b4ec-1828db0d5985,UK,ios,Italian,25-34,2025-10-26
304fdc57-6c66-4dea-b2d0-e5e589467127,Indonesia,ios,Hindi,35-44,2025-12-02
493c9383-2724-4a8d-b40a-a621b1361eeb,Germany,ios,Chinese,35-44,2025-09-04
8c76870e-eb68-428d-8091-1d046b311684,Spain,android,Korean,45+,2025-09-26
4644af00-ea5a-4ccd-a4c6-4a3181535431,United States,android,French,45+,2025-11-17
f52d40ec-6db7-493d-bc2f-3fa3f6b9a79f,Indonesia,android,Portuguese,<18,2025-10-29
8e42127a-3889-41a2-80b7-5600e0ab8a70,UK,web,Korean,25-34,2025-11-28
aee1d8f6-0e3f-423f-95ce-d53bae2bd27a,France,web,Portuguese,25-34,2025-11-27
299cb1f0-d8c9-4063-92b7-01c489463d6c,Philippines,web,French,45+,2025-09-24
72eb3804-8bfc-4294-ac86-868068a731f8,India,android,Spanish,18-24,2025-10-27
5368ef06-f2bf-4abb-8949-4f5220563891,Philippines,ios,German,25-34,2025-09-05
e0c16496-4fa0-4671-8d20-7db391bcbefd,UK,web,Italian,35-44,2025-08-05
5d9b119f-013b-4ce0-ae20-5884d7e466ff,Philippines,web,Hindi,45+,2025-11-17
c31ffb84-15ab-4b2f-876c-3c666c6657b7,United States,android,Russian,25-34,2025-09-13
3602a59e-f3cb-4aa1-aa63-69a5536da880,Germany,web,Russian,<18,2025-08-14
1db17583-fe47-4b64-8e2d-e3c228101719,India,ios,German,45+,2025-08-29
b4cab9d5-6424-4227-8196-1f72f4420622,Brazil,android,Korean,35-44,2025-10-02
5c06267d-19c1-4e51-929b-a10b3f0bab2d,UK,android,Russian,<18,2025-11-20
0514f894-5eb3-4aae-936e-7cc8e8377c2b,Mexico,ios,Japanese,45+,2025-08-14
fce409ac-c5aa-4ea6-9ef8-079405db1bf3,Brazil,ios,Russian,45+,2025-12-02
1061fa00-7988-46c9-8aed-08e26a7a0a3d,Philippines,ios,French,25-34,2025-09-21
ee2e7fdd-9af5-47a9-9760-883fda56ddb2,UK,web,German,<18,2025-10-28
76ee9621-cec8-425d-8e01-9fe5e5a78d59,Spain,ios,Italian,45+,2025-10-04
8eefc92f-7348-4dad-aa80-746849a3112b,Mexico,android,German,35-44,2025-10-03
62595d0d-ff1e-4d20-a5e0-b5a0f20a67aa,India,ios,Italian,<18,2025-10-08
6a3030a6-a646-4914-9bc8-8df510c3ac2f,France,android,Japanese,25-34,2025-10-21
43bb30c7-c4d3-42a5-9fd0-7d6d9302134e,Spain,android,Russian,18-24,2025-11-10
87c870bd-9aa6-4ea3-81d9-519b1463e0fc,Brazil,web,German,45+,2025-11-27
53554cdd-ae0d-4539-9128-ca944ffcb3ad,Germany,ios,Portuguese,18-24,2025-11-01
231af233-a553-4a86-91ab-a5633161d1cb,United States,web,Chinese,45+,2025-08-05
b5a2f084-4bc5-493f-bdfd-4fd0db17e900,France,ios,Japanese,25-34,2025-08-15
98a0ed61-b141-47c8-8bd5-0d70dc1ffd96,Spain,ios,Korean,25-34,2025-10-03
2ee6e0b5-464b-43eb-994a-eeb059b49a1b,Germany,ios,Portuguese,25-34,2025-11-19
17616b30-040b-4ce7-80b1-adebca095852,Germany,ios,Italian,25-34,2025-08-20
f03a4a85-c7b2-4a7f-b368-571c75ce62f3,UK,ios,German,<18,2025-11-25
ffc11d92-97df-4471-a0ed-3fd2a30cf8a8,Spain,android,Italian,<18,2025-10-13
23af8e93-ce0d-43bb-9508-cb31f5dc2670,India,android,Italian,45+,2025-10-02
eeb22d41-6c80-44e6-af83-8bd92a232941,Philippines,ios,Japanese,<18,2025-11-24
0ef8903c-0877-4f18-b056-8056d7165180,Mexico,android,Portuguese,45+,2025-09-21
0725b15b-df52-449e-b6e3-93f732bd4716,Mexico,web,German,<18,2025-09-14
c5083199-58c9-4994-9af1-b295ae537095,Brazil,web,Russian,<18,2025-09-07
ef1e9bf4-d82c-4469-9db3-582705760523,Brazil,web,Spanish,<18,2025-11-27
9e09e6c9-1008-4c2f-98e1-51ba1f09142a,Mexico,ios,Hindi,35-44,2025-11-14
384cb1cd-5047-4ada-bb1f-6912389b8e35,India,ios,Hindi,25-34,2025-11-14
9b2f504f-645d-4aaf-9a0b-aa4e239c5f61,United States,android,Japanese,35-44,2025-08-22
8fbfccc6-abbc-4263-9edc-7502f4df8862,Indonesia,android,Korean,<18,2025-09-22
8103f7ed-afa0-43d1-a838-8ea39b9b19f1,Philippines,android,French,<18,2025-10-26
41dfc38c-60fb-485e-8dac-06f250c43ae3,United States,web,Spanish,35-44,2025-11-23
e66342a1-716e-4467-bd5a-3075d2ae3248,UK,web,German,45+,2025-11-02
abe22e0b-28a5-4a75-8ea4-757941637f1a,Indonesia,web,Hindi,25-34,2025-11-18
fa4aebdb-29e3-42a6-beac-5677a7d299f9,Indonesia,web,Korean,45+,2025-09-23
c29ba27d-bbcf-4b4f-b8f4-748c280fa153,Spain,android,French,25-34,2025-08-28
d8343d96-e027-4ae7-a54c-40a3e0f15bf2,India,ios,Portuguese,18-24,2025-10-11
9a7f13f0-a67b-4ed0-864f-7b7486e2b3c0,India,ios,German,25-34,2025-09-17
61076722-9041-45cb-b562-2b4d442ae913,Indonesia,web,Italian,45+,2025-09-18
66d8387c-f869-49a1-b84f-d54d234c2e66,Spain,ios,Korean,25-34,2025-08-24
aa1f4b04-50e1-46e2-9b4e-46bdbca707fd,Philippines,ios,German,18-24,2025-09-15
316da9ff-9152-46fb-90a0-bb0728e11b61,Indonesia,ios,Spanish,18-24,2025-11-05
8db66bd6-ad4b-4f2a-941a-21954bf3b43a,France,web,Italian,<18,2025-08-26
1af6812d-e35b-4ffb-9242-588499631da9,Brazil,android,Spanish,18-24,2025-09-28
bca4f31b-59b6-4a6c-8278-d2a07000c239,Brazil,android,Chinese,35-44,2025-10-16
707a10b5-1a7e-432c-818a-c758ede6759c,United States,ios,Hindi,45+,2025-10-07
59ffb368-baea-4927-a5c6-bffbfa69dfbf,UK,android,French,35-44,2025-08-09
dbd1738d-2f88-4f36-9d6f-fe3d5b7a9c80,Brazil,android,Korean,35-44,2025-10-08
7937f53b-8b30-4ff5-b406-ec34893d23da,Germany,web,Italian,45+,2025-10-26
5b5d8a18-579c-4221-a909-bfbb471e8bd0,United States,web,Hindi,35-44,2025-08-15
5243a70e-a48b-4b5d-a545-d39c2669b434,Brazil,ios,Japanese,35-44,2025-09-19
a40c4d3c-fd03-4dec-82d9-da7874509ccf,UK,ios,Spanish,35-44,2025-10-10
ed2be37c-860b-4867-9f38-98f7a6715d39,India,ios,Chinese,18-24,2025-10-25
b8c02703-af56-4a03-bf81-df8fc573f4b9,India,web,Spanish,45+,2025-09-22
32c4764d-349b-434a-8c3f-087b8daeae34,Philippines,android,German,45+,2025-09-15
11350d26-f701-4965-9e3b-fb5fcaf04d5a,Indonesia,web,Portuguese,45+,2025-11-26
f3168f32-f465-4aad-83f5-b7500c3d3df0,France,web,Chinese,35-44,2025-09-16
8c980c75-9263-461b-a93b-6497547472c7,India,android,Chinese,18-24,2025-08-31
96ace93a-7a46-40b9-9a2e-a114b2e15e0d,Spain,android,French,45+,2025-11-21
99c1ba4b-a1ca-48d1-ab57-f6ca17ee440d,Brazil,ios,Korean,25-34,2025-08-28
cb3c8104-ec76-4634-a1ea-f128ec4a9c46,Spain,android,Japanese,45+,2025-11-07
f8623616-dac4-47e6-bfe7-c3798287ed62,UK,android,Japanese,<18,2025-09-14
206e63d4-afcf-4ca5-a190-94705dfa5e1e,India,android,French,25-34,2025-11-06
1ca744b4-f5ac-42ff-8968-22adde4ddeb9,France,android,Spanish,45+,2025-10-31
885da47b-df57-4b5f-b6c9-3b0809b6492a,UK,ios,Russian,35-44,2025-09-10
d020f856-e022-49e1-808c-4859f83170c9,Germany,ios,Hindi,45+,2025-11-23
35e86c4b-d509-4943-9339-fa55d31c2f9f,Germany,android,Russian,18-24,2025-11-13
721fe587-e4e0-40de-98c2-376ae9f5f2aa,Spain,android,German,18-24,2025-11-03
06fec86b-7ddf-4b11-bb7b-821789a81ca4,Indonesia,ios,Japanese,45+,2025-11-11
b761796c-fdfd-4409-938a-55dcca4f076d,United States,ios,Korean,35-44,2025-09-24
04ca9d1f-f5a5-4e2a-a536-2887ffd62722,Indonesia,android,Portuguese,35-44,2025-11-24
89ffb5b6-1aa0-4a72-baea-6fdead0a235a,Philippines,web,Spanish,35-44,2025-11-13
4dee2793-5c24-4fed-909f-6206ac7b847e,Indonesia,ios,Korean,45+,2025-12-03
f3d084c4-60ad-4d14-a459-a7d09a1d65fe,Philippines,ios,Korean,45+,2025-10-12
b39b8306-c4b8-4bbc-b7ff-ef5c29bea05c,Philippines,ios,Italian,<18,2025-10-07
4c111ef2-b729-4b57-a0ae-175a189c1af7,France,android,Chinese,18-24,2025-09-06
0f62ebc8-6483-48ec-ac79-ef59ebac0033,India,android,Hindi,25-34,2025-09-18
45c7b8e2-9516-4da2-987b-5b5c14ea8b5a,France,ios,Chinese,25-34,2025-10-04
ed281363-c6dc-4f57-a812-11bd2cea7aac,Philippines,android,Korean,18-24,2025-10-27
9f5c3dbc-f31e-4361-bf19-e37c7f98f99a,UK,android,French,<18,2025-11-29
6adc2229-a638-4a15-95a1-0647efa679ab,Germany,ios,Russian,18-24,2025-11-04
f2c26b79-3dda-4057-8dae-277064909c0f,Philippines,android,Italian,<18,2025-10-28
b96805d6-488a-40c0-afbb-a0b47f950488,France,web,Chinese,<18,2025-09-04
75bb4917-f770-4cba-a4e2-6b2e09d9b49d,UK,android,German,35-44,2025-10-28
86d38c8a-2897-4e78-a7da-01e2d4eb82ae,France,android,Portuguese,18-24,2025-09-05
544d3b60-ef67-4c8c-9508-93f02617b03b,Indonesia,ios,Portuguese,25-34,2025-08-15
6ab3686b-f8bb-438e-9f5c-605b7e6f3a27,Brazil,ios,Hindi,45+,2025-10-06
e985d284-9cc6-434a-afba-47ce80153f20,Spain,web,German,45+,2025-11-24
35b21979-4c80-47a9-9d3c-f670f06b4595,United States,android,Chinese,18-24,2025-09-07
12c9448e-3a7b-4cbb-8bc8-8bf7e06eee32,France,web,Chinese,45+,2025-11-04
2e513070-33c9-4b49-bd08-16cc0ba5ee05,United States,web,Korean,<18,2025-08-07
2601f8f8-f0b4-49d5-addf-d12c42b01ee0,Mexico,ios,Chinese,45+,2025-10-31
e5b98e47-73ec-4ae8-8461-6345fb81b772,France,android,German,<18,2025-08-25
634c478b-c2f0-42d8-8792-c830f61466ae,Brazil,ios,Portuguese,<18,2025-08-24
393d930b-db62-44b1-93de-2a8681fa097d,United States,web,Korean,25-34,2025-09-14
611ae799-b3ed-4d16-9bf0-5bf2333d8608,Philippines,web,Spanish,45+,2025-09-19
2fc57984-7131-443b-98c3-b6483894667a,France,ios,German,25-34,2025-09-10
d91f8c62-ef04-4a8f-b94e-33f5aa6029aa,India,ios,French,45+,2025-08-23
1603e233-b70f-4461-97c1-a43b0e9b649e,Spain,ios,Chinese,<18,2025-08-06
ed1bce1c-a25c-4065-96a3-5371e7faaafb,Brazil,ios,Portuguese,45+,2025-11-08
b7b75387-2866-4186-a662-440a355bd360,United States,ios,Russian,25-34,2025-10-10
8ec7dc2d-c4f2-4274-bd71-61baeb94ab09,Brazil,web,Chinese,35-44,2025-11-19
0cae5e5a-85ae-43b9-8e44-8ce54a1decbc,UK,ios,French,25-34,2025-09-25
37165d68-ad4a-4c95-a538-07d25ad2524c,Spain,android,Portuguese,35-44,2025-11-05
850f7d56-53d4-43f9-ab89-961c79d7e634,Philippines,web,Hindi,18-24,2025-09-12
d0456192-c608-4d55-aa8a-d65ffccd9ce8,France,web,Chinese,25-34,2025-11-14
1f2eed0c-b0cf-4e19-9b6f-b986983370ab,France,android,Korean,45+,2025-08-09
8928ce78-cf82-4395-90f3-4e6c41ee8389,France,android,Italian,35-44,2025-10-30
60ed6f78-be08-4373-9275-5572be69924c,Spain,web,German,45+,2025-08-20
c8ec19f6-4840-464d-ab78-ab86738addd8,India,ios,French,35-44,2025-11-15
1c0980cf-f5ac-4f17-a6ff-aaba67f51dfc,Mexico,web,Chinese,25-34,2025-11-24
c389d915-0ea9-487e-a967-396fcc6f8df6,Germany,web,Spanish,25-34,2025-11-26
2d875909-213e-401b-939a-45e70ae5f5e8,Indonesia,android,Russian,45+,2025-11-12
4a00d880-3d58-49f3-9777-54570bf77678,United States,web,Portuguese,25-34,2025-08-24
b893d5d2-c3dc-4788-9d5c-8b89acb306db,India,ios,French,45+,2025-10-25
5cb4cd49-bb66-4f42-b3f4-b41668de0419,Philippines,android,German,<18,2025-09-18
e0a37ad0-2141-447e-82b3-5553691ba1a9,United States,web,Chinese,35-44,2025-08-30
21135370-c1d9-4dcf-8b14-d792dce724fc,France,web,Spanish,45+,2025-08-20
5d9bc751-c20a-4492-a106-93952e1b5f85,Brazil,ios,Portuguese,35-44,2025-09-22
ffc0bdb8-da64-4b98-a15b-86672e12efc8,Philippines,web,German,<18,2025-08-08
7bd49292-dfea-4a83-8425-df9fa35c32dd,United States,web,Portuguese,35-44,2025-10-28
12ffa141-f8be-4553-9aee-aec5f16aa9c7,France,web,German,45+,2025-10-08
b85954dd-ab28-45da-b70f-ae831ab74875,United States,web,Chinese,25-34,2025-11-18
b48aeadb-9d54-4a61-b75e-ae8986901f56,Brazil,ios,Italian,35-44,2025-10-05
0a0f9fb9-5102-4595-81d8-639c51004ca7,France,web,Japanese,35-44,2025-09-06
c211ef73-7f1b-45c8-b7ad-4de097f1a061,Mexico,web,Korean,<18,2025-10-26
faa017f0-a299-4fdb-a347-4148c4cc24f3,India,web,Italian,18-24,2025-09-05
0855a7e9-1edb-4779-9bc3-40b06ac44dfd,UK,android,Japanese,25-34,2025-10-13
560bbe5d-c4c7-4d92-ab97-5a63423118e7,Indonesia,ios,Chinese,45+,2025-08-05
213612bf-80ea-4984-ab91-efa9e302f446,Spain,android,Chinese,<18,2025-10-30
7b70e971-7779-4706-95a8-165e711be989,Indonesia,android,Chinese,45+,2025-09-30
feb791c4-f70a-4398-bcb1-bbea24ccf9ba,Philippines,ios,Japanese,45+,2025-09-25
97e54c45-6ea7-4932-abaf-30f6c166a5c5,Indonesia,android,Spanish,35-44,2025-10-01
4ddca6f5-f166-4998-8cab-bdb3aecef00c,France,android,French,<18,2025-10-08
19140f0a-f902-439a-ac2f-acf7146d1d19,Mexico,android,Japanese,<18,2025-11-23
9f022921-5208-4e52-b59e-fe24f8993abb,UK,ios,Russian,25-34,2025-09-18
82c6b571-5c49-40a6-b15a-e5589e7102e0,India,web,French,18-24,2025-11-28
f0716ff9-958f-4837-8cd7-acfcc8c47549,India,ios,Russian,45+,2025-08-12
28aef492-bb0c-465a-b106-a77318384857,Brazil,ios,German,25-34,2025-10-09
7bd2015d-dac3-4db8-a919-644f75455198,Spain,ios,Korean,25-34,2025-08-31
99ac86d6-ea75-4ea7-bd3e-b7698ea28110,United States,android,Korean,45+,2025-10-23
02326805-fdc5-41c5-80d2-d5f85ccfdbd2,Mexico,web,Korean,35-44,2025-09-17
74c67524-ce34-45a0-8137-3e143d7bb541,United States,ios,Hindi,35-44,2025-11-01
8b120bd3-ccab-403d-a864-b82c0bf5ab19,UK,ios,Japanese,45+,2025-11-30
768c4535-7fca-43e0-9c73-8cefcadd154c,Indonesia,web,Spanish,<18,2025-11-22
0ff8c45b-9599-4cd7-9a36-754e8f3f6883,India,web,German,18-24,2025-11-04
24afa4d5-7495-4853-bc5d-d89a6ac0d240,UK,web,Chinese,35-44,2025-09-08
a8f21d99-251c-465e-bfac-704630aa5850,Indonesia,android,Japanese,18-24,2025-08-18
81fcad8f-9920-4fa7-8204-2627f67ad49d,India,web,Russian,25-34,2025-08-15
75f468bb-04c8-44f8-82ab-adead26284e8,Indonesia,android,Russian,25-34,2025-09-21
315dab13-9f83-4490-a286-0c956f13623b,Spain,ios,French,45+,2025-09-19
de596d8a-b03b-4c1d-afca-f16bab6a9c7e,Mexico,android,Chinese,45+,2025-12-01
a016595d-603e-47b2-ada4-a498a0af27df,Philippines,web,Hindi,45+,2025-08-28
660aa5df-9019-47aa-9679-19d20b02acd4,UK,android,Russian,35-44,2025-09-08
2de11329-9f08-4bee-88ff-2285f1ec04eb,UK,web,Korean,18-24,2025-08-20
2e8d3ab1-d862-4428-a8b2-66dbe9f5e7c6,Germany,android,French,25-34,2025-10-30
f57057cc-a233-402f-a3db-b5ee258313da,France,ios,Italian,18-24,2025-09-21
a8144cbc-350e-407d-bb8c-df66aa8084cb,Spain,android,Portuguese,35-44,2025-11-28
ef7bd1a0-cc82-4a34-b61a-693975928588,Spain,ios,French,18-24,2025-08-28
1389c4a4-78b8-482b-bcdc-d4e4ddfd0ff7,United States,web,French,18-24,2025-08-29
c3cb3a56-f3f6-414e-a94f-432379751bf3,Indonesia,ios,Russian,45+,2025-11-11
a9420c30-1679-437d-9482-c3e590323b9e,France,web,Japanese,18-24,2025-10-04
d5e26ad0-28de-4fcd-85e5-eb1bec5a080c,Mexico,web,Chinese,18-24,2025-09-28
6ebbe281-c54a-4473-809f-3cf2b827e5f5,Mexico,ios,Italian,18-24,2025-09-11
0f48b42b-4d39-4028-adc8-eb672f28cb17,Spain,ios,Korean,<18,2025-10-08
7826cb3a-80a9-4490-8ec2-f33c20d74790,Mexico,android,Japanese,25-34,2025-08-08
e3634c77-06bc-4f68-815c-d2cef850940f,Germany,android,German,25-34,2025-10-29
5ebbf296-4301-461a-8925-9e420076f25c,UK,ios,Russian,18-24,2025-11-10
4f4eddbe-c31d-473f-bbd7-5bebfd189457,Brazil,ios,Chinese,45+,2025-09-20
06fae694-2d44-4b08-ad86-493e62a99406,Philippines,ios,Spanish,45+,2025-10-09
c6eb735c-2221-423c-be5d-c1c5c5eadbc2,United States,ios,Korean,45+,2025-09-13
7c03c068-5312-49be-a89e-8398049329bc,Indonesia,web,Japanese,25-34,2025-08-21
50a2fd19-ae65-41e1-83ae-59354fc6b4f6,Philippines,ios,Korean,35-44,2025-10-02
70f17c88-7c7d-4e18-8fa5-c308157bd0ce,Indonesia,ios,Chinese,18-24,2025-11-22
7c580541-adb3-4d24-938d-ec3ba690d4cd,India,ios,German,25-34,2025-10-04
116f8f51-912f-4ffb-a7ba-cda802fd9eca,Philippines,ios,German,45+,2025-10-20
8fdca0f5-58e6-4150-bb99-b1fd15d8efac,Brazil,web,Korean,25-34,2025-10-12
8d31caf2-f2e1-4870-a5c5-0a67946dbdcd,Spain,android,German,25-34,2025-10-22
88f49b22-2087-42e7-997c-c3e1d9e8fc56,Germany,android,Japanese,25-34,2025-10-23
cda68b7e-3237-4fe8-b2e7-44763c67f735,UK,android,Korean,45+,2025-09-09
2f20d8d2-7070-4a98-98ae-148b8bf32cdb,UK,android,Japanese,35-44,2025-11-20
9f9a7fa3-ad8e-4b5f-936c-503800888092,Germany,android,German,<18,2025-08-16
0570f2df-871b-40b9-bf9a-5b607c5fb918,France,web,Hindi,18-24,2025-11-13
556fa5c7-78a0-472f-a0b3-6e5d098334bd,India,android,Portuguese,18-24,2025-10-22
64979143-3b63-44e0-99e2-e15e0cec0a93,Indonesia,web,Spanish,25-34,2025-10-12
43752650-12e5-456e-ba84-0b3febf09f66,Brazil,web,Russian,35-44,2025-09-06
fbc797ff-da10-4a0a-b8a3-573791a142d5,Mexico,android,Chinese,45+,2025-10-01
9908cbb0-b976-4bfc-a7b5-842d2bb2a5ed,Philippines,android,Spanish,<18,2025-10-28
8939ad61-abcc-4021-90e6-4f95e1cf9b0a,India,android,Japanese,<18,2025-09-10
ee7886cc-3efd-4f0c-9fb4-2929b7dd74ab,Philippines,ios,Portuguese,25-34,2025-08-05
5561b1cc-795c-4f21-b323-005256048c6f,Brazil,web,Portuguese,25-34,2025-10-13
4546cd8d-8b79-486d-b405-6b0256e2fb9f,United States,android,Hindi,45+,2025-08-21
fa4b3d95-80da-45af-9174-8ac2d6434036,United States,ios,Italian,45+,2025-08-28
373264be-a4d6-4445-a02a-35407b4bb88d,India,web,Italian,45+,2025-09-24
acb86b9f-e39d-4c3f-be39-da16ffa3e86d,Spain,ios,Japanese,25-34,2025-11-29
b71032b5-510a-482e-82c4-29012c0c7a97,Brazil,ios,Portuguese,35-44,2025-10-06
353b8657-3a9e-440f-8211-0d838645c21f,Brazil,android,Hindi,25-34,2025-11-22
683efe44-c15d-42b6-94b0-4d1da215a8a5,Germany,web,Russian,25-34,2025-10-24
6162deac-e782-4784-8a5c-f393a609b27e,Spain,ios,Russian,<18,2025-11-01
339b1153-1ba1-44d1-ae4e-f062b7b973c5,Indonesia,web,Spanish,45+,2025-10-23
60f0b9b4-67d9-43ed-b523-238dee330775,Indonesia,android,Korean,18-24,2025-11-19
004afe9c-12c3-4d65-9778-8a12ff2c7ed5,Mexico,web,Chinese,45+,2025-08-27
01b3b0f0-6081-4cf9-b35d-c1a4e18b976f,UK,ios,Hindi,35-44,2025-10-13
b7fcab0d-5efa-4f61-8620-b9cc3799e435,United States,ios,Korean,35-44,2025-08-15
94fe387d-1920-40f5-8772-4c77d7134026,Indonesia,web,German,45+,2025-09-29
919d2e98-6e1a-40c8-b8fa-0de6747d5a7e,Spain,ios,Russian,45+,2025-08-20
843edd5c-a693-4f93-9c3e-945566f80a1a,Brazil,ios,Japanese,25-34,2025-12-03
fd354dc8-ad13-41d0-9f6a-954bb9dca1f8,Indonesia,ios,Hindi,18-24,2025-09-10
47118851-4fff-4ce7-9177-63af93dab8bb,Brazil,android,Portuguese,25-34,2025-08-14
6b0dfc3d-7f4c-4935-869b-21f66e3417ee,Indonesia,android,French,<18,2025-09-25
6b9ba776-4615-4e4c-962c-fa7816d81ac2,United States,ios,French,<18,2025-10-05
653e1659-d139-475b-aa7f-c45e0f8ec2fd,Philippines,web,Russian,35-44,2025-10-12
c99ddf71-c0b2-4f00-9bc1-98b07b55d443,Indonesia,android,Hindi,35-44,2025-11-27
0c5a5551-cb02-4d0f-a689-4e43ba635e5f,Spain,web,Korean,18-24,2025-11-09
55e0ce15-1881-406d-8337-36ea90694822,Indonesia,ios,Korean,35-44,2025-09-28
2a88a884-14b4-4aac-a77c-7d9f7001e3eb,UK,ios,Hindi,<18,2025-10-18
f1553685-fc40-46a1-a724-6531c683f04e,United States,web,Chinese,18-24,2025-09-15
4674feb5-8992-4c43-8f45-ad1047135c3c,Spain,android,Russian,<18,2025-08-29
d73f8f6d-ad1b-4996-bc97-54e941a94542,Germany,web,German,45+,2025-10-01
3e1695c3-36fc-4dca-a4a6-8d0e586ff751,Spain,web,Spanish,45+,2025-09-14
6eb944a0-a3a4-4246-bcf7-fe79df2fc0ff,UK,ios,Hindi,18-24,2025-10-08
2ecffe52-1199-46b0-930a-67f55e3f20c8,Philippines,android,Chinese,25-34,2025-08-28
8df7a128-a759-47fc-9556-f3b7c97a661b,United States,web,French,35-44,2025-11-27
aa7d9162-6077-450a-a0b1-f1ccf752990d,Germany,android,Korean,18-24,2025-11-07
c04177a3-d5cb-445f-ab0c-2e87842153b8,UK,ios,Japanese,35-44,2025-10-30
f74ba7aa-8d1f-4972-bbb5-d7002fb3867d,UK,android,Russian,<18,2025-09-24
5c2a8483-d53d-478f-b999-915ff21ff917,India,ios,Korean,25-34,2025-11-17
f5a92ca7-67bd-4808-84a7-4e2e5a74464c,United States,android,German,35-44,2025-08-07
5e114183-1fe2-4884-8c82-48ada3db5dd3,Spain,web,Chinese,45+,2025-10-28
b09bc28c-775b-4e20-a694-0045e029b78b,Brazil,ios,French,45+,2025-10-08
0e7b304d-0f8d-4ec0-ba24-63b2baeaa9b0,Philippines,web,German,<18,2025-08-13
d69490d0-9be2-4145-9634-43fc1f675408,Brazil,ios,Spanish,18-24,2025-09-05
96911037-37ce-4bfd-8b52-f44c4cf56df9,Spain,android,Italian,35-44,2025-10-02
29192fe6-7ffb-473d-ad85-6457384a175f,Spain,android,Japanese,<18,2025-11-18
11be3c13-fe86-46fc-ac6a-548e91f307dc,United States,ios,Spanish,45+,2025-11-30
d2496bad-a955-4e63-aa97-3e24c567095f,Spain,ios,Russian,45+,2025-09-14
4c304828-9eae-46ae-b0c5-5912b00f33f4,India,ios,Korean,45+,2025-09-17
05063283-bb3c-4ff1-a9ea-d62ebf4f5eb9,Germany,android,Portuguese,25-34,2025-08-23
df327e0a-ff7e-4e35-9989-3e78dd6708d4,Spain,ios,Portuguese,25-34,2025-11-03
5781def9-2771-4664-807e-71e1f91b139e,Brazil,ios,French,45+,2025-09-04
d89c3884-0361-49ee-a61f-8aa0216371ab,Spain,web,Hindi,18-24,2025-11-13
a87f8422-f276-4d62-a221-e9de67e7dad7,India,ios,Korean,25-34,2025-10-25
dc9dde82-2b7a-4115-84cd-bfad12b3c917,Indonesia,web,Portuguese,35-44,2025-09-24
33de0972-a9a4-47fc-9735-dd28665918e6,Indonesia,web,Chinese,25-34,2025-12-02
76a16847-bc26-490d-b653-c93b3e98e900,UK,web,Italian,35-44,2025-09-24
ee61a8e9-a59c-4adb-a299-96ed854a2260,Philippines,android,French,25-34,2025-10-12
d36e3c37-c2a8-42fb-8e5e-dc28322d0145,Mexico,web,Japanese,45+,2025-11-22
d1595bd4-70c7-4d84-9769-5c306458189f,Germany,ios,Spanish,35-44,2025-11-05
3646bef3-f3ab-4789-8f76-8cd33ee7a628,France,android,Spanish,18-24,2025-08-18
ab744fb7-26f4-495b-878f-11771819f54c,UK,android,Portuguese,25-34,2025-08-09
ec238953-a419-4ded-8af2-3b3e0f3dd2ca,Philippines,android,French,25-34,2025-11-19
988456fc-7fdb-47b4-849a-8922e6a23f1d,Indonesia,android,Portuguese,45+,2025-10-05
3bca524b-db71-4a42-883e-48476e386d63,Brazil,android,Spanish,35-44,2025-11-18
183f6b6d-a99a-4b58-853c-401de7d0acb8,France,android,Russian,45+,2025-09-12
4e2ac780-a546-4129-8350-aadfa16ce2f9,Philippines,android,German,35-44,2025-08-19
53148afa-111c-42f1-81b0-1f3740f7b07d,Philippines,web,Korean,25-34,2025-11-14
59568aea-2877-4e03-b53c-4a830d9029df,UK,ios,French,25-34,2025-10-01
5bd625e5-896b-4876-8031-c3e72731adc6,France,ios,Chinese,25-34,2025-08-06
985e113d-046b-46aa-9938-c08ea013583b,United States,web,Portuguese,25-34,2025-09-03
3be5867b-5f1d-40f7-9c66-b2a0735da371,Mexico,web,Portuguese,<18,2025-10-27
4b35b83a-a5e0-433a-8dde-08bbb07704a2,United States,android,Hindi,25-34,2025-09-29
e9964f00-1004-4a44-98ff-bfc42c683bcb,France,android,Italian,25-34,2025-09-04
b04d9804-601d-49a1-88fa-9f05daa1b91d,United States,web,Japanese,35-44,2025-10-30
cb07a513-c610-4f9f-a772-653564a1ac8f,India,android,Portuguese,25-34,2025-10-11
e3ddac69-8fb9-44d6-8b13-47a8bab3c035,Indonesia,ios,Chinese,25-34,2025-08-19
95907781-2a74-458c-905f-3b09e948b679,India,ios,Japanese,35-44,2025-10-03
fade2e4c-8840-49f5-af28-51b3fc69bb83,Spain,android,Italian,25-34,2025-10-04
46527d3b-6d69-4a02-aa7a-cf228a2ec599,United States,android,Hindi,25-34,2025-11-02
08cc2e30-2acc-43d9-b4ba-d3dbebf687f1,Spain,android,Portuguese,45+,2025-10-06
2ef7ebbf-982f-4e09-b2eb-95077fb7fd2d,Brazil,ios,Japanese,<18,2025-09-24
04b9668a-6fec-4d7c-b1df-d912b03a2bc9,Germany,android,Japanese,35-44,2025-11-15
f6ec111b-7cb9-4a06-8273-4484578ac110,Brazil,web,Russian,45+,2025-10-15
c0fa9724-5ee5-466f-b2da-c84461669685,France,android,Japanese,18-24,2025-11-09
5f8868fa-ff8d-4d3e-ac56-2bae36c66ebf,Philippines,web,Spanish,18-24,2025-08-08
7077b635-9b05-4ef4-bc30-ee7e4a5de880,Indonesia,android,Italian,<18,2025-09-18
c4c0d373-ed6d-44c1-ae4e-03091bd316f8,United States,android,Chinese,18-24,2025-09-29
0d3357a7-497f-4d94-a2dc-1560f8992134,UK,ios,Hindi,<18,2025-08-30
1cde9939-634e-46f7-bb5b-ffffb4be9268,Germany,web,Italian,18-24,2025-08-13
53a07db7-ae61-44ff-8023-0f1ece4986a4,Mexico,web,German,18-24,2025-11-16
94c890ec-ca84-486e-9413-d2dd9de0aebd,Mexico,web,Spanish,45+,2025-08-15
8ef62cb7-c73d-4c4f-8159-f920e7c09782,Mexico,ios,Hindi,18-24,2025-11-25
6dd2a9e9-edb2-4517-b991-2070382d3ee9,United States,web,German,<18,2025-10-29
c3334152-7425-48ca-98a4-0dc93921bc63,Mexico,ios,Japanese,25-34,2025-08-27
6fcd5dbf-2648-4289-82e7-dc959039a204,India,android,Italian,25-34,2025-08-24
b50eeebe-6e02-4eb3-aee2-0f59279c8d93,Germany,android,Chinese,25-34,2025-08-16
2f6ef6bf-86a5-4d86-b3ee-4c47b631a9e0,India,web,Hindi,<18,2025-10-11
9b44b497-68f7-4220-9d02-dff93fcbc71c,Philippines,android,Korean,<18,2025-10-21
dec6fe8c-aaa3-42f4-906e-03b17477cd1c,Germany,android,German,25-34,2025-08-06
9e000a91-0943-4df2-bc98-ba74e0c28f16,India,web,Russian,18-24,2025-08-25
8e7fa950-61f8-466d-9556-d2ba7567a074,Germany,android,Spanish,25-34,2025-09-30
9b817ebc-ec15-4251-8b4b-27ed85bb2a4d,Philippines,web,Spanish,35-44,2025-10-30
c102e4f0-3908-4a7e-8463-a82ebcb74659,Spain,web,Russian,<18,2025-08-20
4029eff7-72c9-4026-be19-3dfb54b1c82b,United States,android,Spanish,35-44,2025-12-03
ca0c478a-ddfe-4a65-903b-5c1e29f76f08,United States,android,French,35-44,2025-10-28
dc6070ce-2a19-42cf-a4f9-5b1b61300e91,Mexico,android,French,<18,2025-09-02
cb5a0b3c-afcd-41fb-afa0-bfa2f94f09a6,Brazil,android,Hindi,25-34,2025-10-26
3c209731-2a32-4434-9e8c-fee14928bcca,Mexico,android,Korean,45+,2025-08-18
3385327d-03bf-45c5-ba27-381f14f503cc,France,ios,Chinese,35-44,2025-09-19
46e64a57-a69a-4ef7-a228-99ba2fc06439,India,android,Japanese,25-34,2025-09-20
08e53d7f-d4f9-4476-a3b3-bb406379f531,Germany,ios,French,45+,2025-09-10
14a50463-29b3-4be7-8d27-1e5489ab53d9,Brazil,web,German,35-44,2025-10-02
edd3ac2c-c4c2-4526-8d24-f00458afdb6f,Philippines,android,Russian,25-34,2025-08-15
82855c7c-c590-40f5-94c7-94c064fca0c9,France,android,Italian,35-44,2025-11-14
76a6760f-1f73-463c-bf2a-e46eae8e454d,Philippines,android,Korean,25-34,2025-10-07
8de10d45-733a-4feb-9ea0-443f48a86ed6,United States,web,Chinese,18-24,2025-09-26
906902c9-9837-42d6-9897-25538f80d5ce,United States,ios,German,18-24,2025-10-03
51a06a10-3dcb-45ab-9ea7-55e636d45bbf,Mexico,ios,Korean,<18,2025-10-20
a42f71e5-2574-4e13-b16c-7a7122c6ea17,India,android,Russian,45+,2025-10-22
918971b2-43ec-4a93-8150-d7cf74068364,Brazil,android,German,35-44,2025-09-24
5156c819-207e-4c02-81b4-89cc70bf0b19,Indonesia,android,Russian,35-44,2025-08-28
34482556-6b93-4890-a9d9-abd2d7e5d98e,France,android,Chinese,25-34,2025-09-25
cba25b5c-66a0-4c91-bfe7-f6a18d1c67c3,France,web,Spanish,45+,2025-10-16
45d15c34-0035-4df7-9bf2-3b6b2872a507,Mexico,android,Japanese,35-44,2025-10-06
1d8e0dc6-f1c0-4dba-8094-4f4bc3c785c7,United States,web,Japanese,45+,2025-08-06
f42082ea-835e-44fe-bdeb-308dc6e0f5cb,Mexico,android,Portuguese,45+,2025-10-23
76cebdc8-d3c3-4db8-9b21-60fdfe8561e0,Germany,ios,French,18-24,2025-08-14
40224c60-3e38-4f1c-8520-8a9c3110d5e4,Brazil,ios,Hindi,35-44,2025-11-09
42b8a1a6-f596-471b-a6ee-75a7d54086cc,India,android,Italian,35-44,2025-09-05
a0fce5bf-5b39-4ef1-a3cb-1a42f2bfd38e,Spain,android,Russian,<18,2025-11-03
7ba3a1de-d89d-4e33-b69e-e0914869f0cd,UK,web,Portuguese,45+,2025-09-21
44c7c4ac-a316-4bdc-8c88-c5cf4fc27e99,UK,android,Portuguese,25-34,2025-10-15
306b5df0-5649-44ff-9e69-38625c1fa471,Mexico,android,Portuguese,18-24,2025-11-04
b0a323d2-1347-4c41-9e4e-62bc77b40755,Germany,android,Russian,<18,2025-08-16
6711ea9e-285a-4fde-ad96-299372d374fc,Brazil,ios,Chinese,18-24,2025-08-26
8a1240b6-6889-4b0d-9782-1accdafcbb74,Indonesia,web,Russian,25-34,2025-10-12
ac67af68-efe9-4502-80be-88059da937b6,UK,ios,Japanese,<18,2025-11-28
e7990577-4e89-4ead-9862-93d38edea07d,Brazil,web,Russian,18-24,2025-10-24
8dbb823c-b259-4f2a-9e2b-c0c74eb71702,India,ios,Chinese,25-34,2025-08-30
249023b4-7c19-42fe-a7c9-d89be2ef877e,Philippines,android,Korean,<18,2025-10-04
10d986cd-30df-4c91-abe2-a9202f870d44,Germany,ios,Japanese,25-34,2025-09-04
a7df97bf-c069-4929-abe6-218e5f87d748,United States,ios,Spanish,<18,2025-08-09
e654f33d-2b15-4be1-a011-30de0cc761a9,Brazil,web,German,35-44,2025-08-22
44ecf979-80dc-49f8-b53b-14fdf3d941ca,India,web,Spanish,35-44,2025-10-16
e903b59b-44c2-45d2-a2ad-ac2fb5ae59ef,Indonesia,ios,Hindi,18-24,2025-10-15
d8608838-cfdb-464a-a216-617eedb4c6a0,Spain,web,Spanish,45+,2025-09-10
7d0b40b4-4f37-4e37-ac73-25f447fa020c,United States,web,Japanese,45+,2025-08-24
28184c18-a086-4d3f-9164-ea8455b0a616,Spain,web,Spanish,25-34,2025-08-20
e454c366-6fd8-4728-b028-c4d413bb411b,Indonesia,web,French,<18,2025-09-11
de99d89d-5cdb-47de-88bc-8e79c7c002b6,India,web,Spanish,35-44,2025-11-14
a886d13e-093f-47cb-a716-9133fe754341,UK,ios,Italian,45+,2025-10-01
fbda1ce5-f2d0-462f-b957-bd4fa32e44bf,Spain,web,Hindi,35-44,2025-11-29
534ca3d9-70a2-4cf7-83ed-77615ca9d5ce,United States,android,German,25-34,2025-11-17
99d2e0bb-b176-47a0-80a1-d02c6bcb64a8,Mexico,ios,Chinese,25-34,2025-09-30
617395be-ea62-47d3-9122-6ed4fc8a92d5,France,ios,Italian,<18,2025-09-19
450f2cf2-5011-4916-a47f-71b5c2d9a17d,Brazil,ios,Italian,45+,2025-10-22
cb19d7a8-94b7-49d3-a4a5-53370a45821e,UK,web,Italian,25-34,2025-08-14
d994f6a6-14e8-43b4-a522-65118c8f876b,Spain,android,Chinese,25-34,2025-11-21
5a1796a9-65d7-4070-b450-14f8ff636dff,Philippines,web,French,35-44,2025-08-14
e9ecee33-8e48-47d3-b681-bb61de16c360,Brazil,ios,French,18-24,2025-08-17
6215906d-29f5-49e7-ab2f-1b6637654c76,Mexico,ios,Chinese,45+,2025-10-08
f28643bc-e62d-4ce1-a5ac-3c466cfa8aca,Indonesia,ios,Korean,<18,2025-11-21
b0ca7d50-2ba7-4d5a-94de-c3427a82793d,France,ios,Russian,<18,2025-09-27
fec09166-9d82-48a7-825d-4ee8265ab212,India,web,Russian,35-44,2025-08-09
3aeceec1-6cf7-4dc8-a125-4685707f293d,Mexico,android,French,<18,2025-10-06
909eff42-4ff1-4535-8ab9-576e7769f07e,Mexico,android,Japanese,25-34,2025-12-02
cbb35ff6-4be9-4eb4-952b-8a6de6e6cf16,Indonesia,ios,Chinese,45+,2025-09-02
9b9ae120-8681-410f-8039-8569d634dd8d,Germany,android,French,<18,2025-11-15
24f83ee8-39fc-4dda-bccc-4f3ffb7d5785,Indonesia,ios,Japanese,45+,2025-10-12
da806c55-6886-41d8-922d-f43d2046fe1a,Germany,ios,Russian,<18,2025-08-14
7f170fd9-b4f8-41ac-9deb-6b633d033fa6,Germany,android,Spanish,18-24,2025-09-11
3128c70f-8933-4b2a-871b-5e1aabebe921,UK,ios,French,18-24,2025-11-14
51d81e24-f393-4f52-9ddc-50841fa8b354,UK,android,Hindi,45+,2025-11-24
8eefc5c8-f0e2-4458-895a-90852e1035b3,United States,ios,Spanish,18-24,2025-10-04
68af1e40-3d36-4503-9d7b-5923a6fa6f82,Spain,android,Spanish,18-24,2025-08-25
b2df6724-b2db-4197-bf15-699dbcf618b5,Spain,ios,French,25-34,2025-10-31
2fa3690d-11b3-4ba0-8fae-140922e9adb4,India,android,Japanese,<18,2025-10-21
95ec74ae-df39-4071-a078-251cb3c285c8,Spain,ios,Hindi,18-24,2025-09-15
984d9547-0007-4916-8d59-63cdee2f75dc,UK,ios,Japanese,45+,2025-09-06
b87b7cc2-050d-4048-99ae-0def75b7adbf,United States,ios,Italian,25-34,2025-10-14
b8230aa3-1103-41b6-9581-8dd0ea7ad703,United States,android,Japanese,18-24,2025-09-11
aac877cf-a870-4693-8d8d-0c398319d699,Germany,web,Japanese,45+,2025-11-23
b283dc53-256b-4356-8d5b-1c9b9bdfea45,Indonesia,ios,Korean,<18,2025-08-16
4f427980-65ea-4148-a8f9-c0c1cd141fb7,India,ios,Portuguese,18-24,2025-10-22
421593e9-b5a4-4124-a4e4-1f44ce361a08,Germany,android,German,45+,2025-08-16
6ec25d1a-2b17-4860-a691-fecc3e758fa5,Indonesia,ios,Portuguese,45+,2025-09-08
0694b52f-4c0b-40e9-9c87-1548c6d86ace,Spain,ios,Hindi,35-44,2025-08-16
c48cb126-b6a1-422d-b54b-4d55329cf2af,Germany,ios,Hindi,45+,2025-09-26
d3d3d8a9-5fea-4a9e-b04d-903c2d07e281,Brazil,ios,Chinese,35-44,2025-10-16
ad9bf365-1d82-4200-834e-baafc70f56b2,Spain,web,Japanese,<18,2025-10-24
abe83d7f-f182-447d-816b-c7324d6c32ce,Indonesia,web,Spanish,<18,2025-09-14
d14956e9-0988-463f-9598-500941c084d2,India,ios,Portuguese,25-34,2025-09-03
7be4e63c-dd04-4621-a498-395b8ddc923f,Indonesia,ios,Chinese,35-44,2025-08-12
5db52273-812f-46b5-aeb3-492bb31a1c12,Germany,ios,Italian,45+,2025-08-28
81e76577-932d-4d76-aa1b-7326a3783088,Germany,web,German,25-34,2025-10-02
dab9005a-e2f0-4875-8040-3c645317c6ea,Mexico,web,Japanese,25-34,2025-08-14
b57345d9-f3d7-4d12-aa41-f9722b041394,India,android,Chinese,<18,2025-09-25
a21c59cd-963e-4cbb-bf5b-b684821e41b1,Philippines,android,Portuguese,45+,2025-11-29
52dfcdba-488b-4300-9bf3-9c7442a17201,Spain,ios,Italian,35-44,2025-09-15
66fc4d38-bc49-4f2d-8cac-288d5d3abc51,United States,ios,Korean,<18,2025-11-25
974174a8-3967-4f24-88c1-d8ae17712788,India,web,Russian,25-34,2025-11-03
8c993f21-be65-434f-87ca-e3814db17e8b,United States,ios,German,18-24,2025-09-14
96f40668-12fc-4a02-9e43-40f9071f437d,India,ios,Hindi,25-34,2025-09-07
439ed06a-2414-4328-97f1-75c18156b3e5,India,web,Korean,18-24,2025-08-08
99da1043-26b1-4533-85e2-23c0111dbbdf,Indonesia,web,Japanese,<18,2025-10-28
4a885397-8113-40e4-9d2a-f05a27d75550,India,web,Russian,35-44,2025-11-04
0fd8277e-5675-4433-8f1b-55ce7da8814e,Mexico,web,Russian,45+,2025-08-30
74db721f-f117-484c-9583-0dc2e44f4a6b,Philippines,android,German,18-24,2025-11-22
4e3abb32-c9db-47c1-9d26-74fa26c3d23f,Germany,web,Spanish,45+,2025-10-09
8f6d4cc3-d795-4402-ac57-cbf7c8ab5c9f,France,web,Korean,<18,2025-11-21
cdeaea87-221b-47b6-af21-3e950087a6d2,United States,ios,Spanish,<18,2025-08-28
6f60ccbc-b4a7-4281-807e-dc92d9e42f77,Germany,ios,French,<18,2025-09-13
95138789-a980-420f-a006-0a026aec9d0b,France,ios,Korean,35-44,2025-09-04
5de337c7-fe71-4722-83ba-3da342c13f3c,Philippines,android,Italian,18-24,2025-08-14
91c74708-fd18-46d2-bc42-f5452601a801,Philippines,web,Japanese,45+,2025-11-21
66f5557c-5b20-4186-b39b-b31297840740,United States,web,Korean,25-34,2025-10-08
67227903-0a83-4691-ac71-3a660adf6231,United States,android,Korean,<18,2025-11-12
a11ca4ad-a93d-436a-86bb-9e171d9aefb4,Philippines,web,French,45+,2025-09-06
a14dc663-ef28-4f20-b4be-0978d7e18ac3,France,ios,German,45+,2025-10-26
d7af12d2-c341-4cd6-b0d7-f77f4075d763,India,android,German,35-44,2025-08-10
23903fad-8271-464f-b8e6-4f91626aaa35,Spain,web,Italian,18-24,2025-11-30
bdf4cfec-8e34-4e40-8f05-3cb80b38a34c,Brazil,android,German,35-44,2025-11-28
fab7b659-65df-439d-b7f6-7ebe8cbe90f5,Germany,android,Russian,35-44,2025-10-23
0110841f-6150-480d-87e1-8a03a39aa9b7,Indonesia,web,Portuguese,45+,2025-08-24
0589a2ab-0b64-4b43-a390-e2cd26d7e053,Germany,ios,French,18-24,2025-11-26
356fd6a8-d7de-4347-9023-6aecd2e32ee7,Indonesia,web,Portuguese,18-24,2025-10-27
7664bf89-5860-41db-96cd-ab409fb56e23,France,web,Portuguese,18-24,2025-10-19
4c3fdb0e-a65e-40a4-84f8-5307c9c30ad9,Indonesia,ios,French,<18,2025-10-17
dabd61e0-505c-4730-ada4-336ffb736fd3,United States,web,Portuguese,18-24,2025-10-09
ede60a27-9efb-4383-b1fd-5551894e6304,Spain,web,Portuguese,45+,2025-11-15
5fbe954e-cdde-4bbc-830d-56d205ee8c50,Spain,web,Portuguese,<18,2025-11-02
5a7f4396-6a9b-4665-8e53-480e6d019abb,United States,android,Italian,25-34,2025-09-27
6f97f609-6b7c-49c5-9e8a-993eeca897d3,Mexico,android,Hindi,35-44,2025-10-12
d72b554b-80c0-4573-9bce-773c7f0ed26c,France,android,Italian,18-24,2025-09-22
35ef6ea1-f59d-41ad-a51d-619d4355e676,Mexico,web,Spanish,25-34,2025-09-07
f6445bf8-4722-4165-88db-99466fb8044e,Mexico,ios,Korean,18-24,2025-08-24
da92b6cf-f588-4bc9-b271-acf456d71102,Germany,android,German,35-44,2025-11-10
bb8e6758-f8d3-4da7-9908-fb50d327938e,Philippines,ios,French,45+,2025-11-12
0c97659d-be48-4c1c-9d43-6df6dbc4c4b2,Germany,web,Russian,45+,2025-11-11
9dcc0790-8d3f-40d1-a251-63b93e479a62,Philippines,android,Portuguese,35-44,2025-11-23
c9d6daf4-fb81-4f19-9eb7-f637d4e6c1f9,Brazil,web,Chinese,25-34,2025-09-16
1b372cee-e85a-41ae-bca3-32c1226d0914,Indonesia,ios,French,<18,2025-08-14
9d53c0e2-173c-4a21-9e81-d6ec9e3d35f0,Philippines,android,Japanese,<18,2025-10-16
10964088-d1aa-46c8-a562-77f76972946b,United States,android,French,18-24,2025-09-15
35241b36-4bff-4ba4-a0b0-6a6324487518,Germany,android,Korean,35-44,2025-09-07
82fd5c71-0d6f-436f-845d-5591304e0233,France,android,Russian,35-44,2025-11-03
982804a6-2f0a-4d49-85b1-7adfe5558fdf,Indonesia,ios,French,<18,2025-10-01
cf65e50f-d64a-4a81-991d-d65df13bba61,Brazil,android,Russian,25-34,2025-08-09
4f13894a-f4e4-4ccf-b25a-0266e67cf901,Philippines,web,French,35-44,2025-09-20
5517b323-a37d-411b-9625-576c4d2c5c33,Brazil,android,Italian,45+,2025-11-15
3cae1145-8f2a-49b5-9eed-f35890aeed89,France,ios,Italian,45+,2025-11-04
64c6ffbf-2214-418b-8a37-46ea07c1fbe7,Mexico,android,Hindi,35-44,2025-10-05
635c1bbf-a612-4b87-8821-c0366dbe0b5f,Spain,ios,Spanish,25-34,2025-09-13
98428581-109c-4a1b-855f-5fbc96291097,France,ios,French,45+,2025-11-01
7f5f5009-94a8-4914-a0fa-ae3e694da0f3,UK,web,Portuguese,25-34,2025-10-06
f98c2b67-acee-425e-94ae-020cdc90c677,France,android,French,<18,2025-11-01
871bb898-340d-4d92-a421-7c81db564347,Brazil,android,Japanese,18-24,2025-09-09
d990500b-4a04-416e-9cd3-a4c41fe9a842,United States,android,Russian,<18,2025-12-02
cebdeef0-8462-4313-b6d1-9a386d26b3b6,Germany,web,Portuguese,18-24,2025-08-10
dbc5ba02-1408-42d4-9fa4-8b416f51b59b,United States,web,Hindi,45+,2025-08-23
f258880c-71cc-4907-aaa5-8ea9f9654fcd,Brazil,ios,Russian,18-24,2025-10-05
e491a5e1-46e3-4a9e-b401-d5b58c3f734e,Germany,ios,Italian,18-24,2025-08-10
04965732-f609-482f-b1ff-a70ca9e30edc,UK,ios,Chinese,35-44,2025-10-28
235d4756-d4ab-41bc-91e5-db036ed27b98,Spain,web,Portuguese,18-24,2025-09-08
b40a2d90-3c37-4bff-b770-3bc2f56bfd65,Indonesia,web,Italian,35-44,2025-09-25
1fac5ca0-8b05-4e0d-b403-ec6c9744bf0b,Brazil,web,Japanese,18-24,2025-11-13
b13c7a40-b849-48ee-a270-9dbda9d5e33e,Philippines,ios,Portuguese,35-44,2025-11-24
1baae600-b850-47b4-b03b-3b4baa4c6a78,Brazil,web,Portuguese,45+,2025-10-08
28f8efae-40a8-4039-a361-0528179675c4,Brazil,ios,Portuguese,45+,2025-08-05
1d513bae-d22b-4531-8789-a768d7db7e82,Germany,ios,Spanish,18-24,2025-10-20
38aa9c8d-d507-42bf-85bf-865a575bfe13,India,android,Portuguese,25-34,2025-09-19
8e37c9cf-d3b6-4261-bbb4-6a2dfc508c69,France,android,Spanish,45+,2025-10-26
3a77cb05-853b-459c-8818-3becb7949bcb,India,android,Italian,<18,2025-09-13
c64075c1-3a50-4002-bbc9-124eaba95a8f,UK,ios,Hindi,<18,2025-10-10
d3301954-9c41-4489-a598-79c054be4da0,Philippines,android,Spanish,35-44,2025-09-06
920aa667-b940-4f3a-bf8b-0e33f1416b00,Spain,android,Spanish,25-34,2025-11-01
25cd7346-a5b9-4f01-9fef-9b7b44d26d71,Mexico,android,Portuguese,35-44,2025-10-06
98902f80-ddfe-4956-af40-8a5a9659ce4d,UK,web,Hindi,18-24,2025-08-17
b0821afe-2686-4aa3-bb02-457003df038d,Mexico,ios,Portuguese,45+,2025-10-26
734f3091-a022-429e-9b0c-b4ab9effe6d1,Mexico,android,Italian,25-34,2025-11-08
d2be0337-13b8-4d6b-b14a-b2526226efa3,Spain,web,Portuguese,35-44,2025-10-15
49128a92-a422-4d48-848e-87e00269c798,United States,web,German,35-44,2025-08-16
0a3ed30e-5e77-4c1f-805d-4b908c327462,India,web,Korean,<18,2025-10-03
52e912d8-1cb9-40e4-8448-e862625af2ec,Brazil,android,Italian,18-24,2025-11-20
bcab4ee9-d56a-479b-8702-4175982a3f73,Indonesia,web,French,35-44,2025-11-03
148e1224-ab0e-41bc-805a-fa9c1404d637,Mexico,ios,Russian,<18,2025-10-16
343aa785-b9ae-4945-af56-d9abb2a0ada2,Philippines,web,Russian,25-34,2025-09-21
1464e5c2-7182-4515-ba19-b8f21bd6b261,UK,web,Hindi,35-44,2025-10-19
ae44c406-d684-433b-8a2e-1f6c04ccb418,United States,web,German,<18,2025-09-21
c67ba1db-6c12-4a14-8ee6-c0e444070604,Mexico,web,Spanish,18-24,2025-10-27
b8ed944d-a5aa-4db9-bf39-5238471fe22c,United States,ios,German,45+,2025-09-05
0ae702be-b2d2-4a1b-bd39-ebe17674cef8,United States,android,Korean,25-34,2025-10-27
fdee0891-1315-4bbb-b092-4313bf6e25c0,Mexico,ios,Italian,35-44,2025-12-01
6ab89967-a018-4c13-8ff3-57f228e3b300,Germany,ios,Hindi,<18,2025-08-19
68981da8-27c7-4b5c-8545-afa2be861ee9,France,android,German,35-44,2025-09-10
46fb8e40-9a9f-40c2-8ecd-f1b61c12286a,Philippines,web,Japanese,45+,2025-10-14
8ca22f02-15ca-4042-864b-6d95b84b6957,Brazil,android,Spanish,35-44,2025-10-29
67c546cb-4ca6-4d58-95ba-f64586dd60a6,Brazil,android,German,35-44,2025-12-02
8a17951a-a17e-40c7-ac83-7a86f7332a27,Philippines,ios,Hindi,<18,2025-09-22
9fe2ff89-72ae-4b06-8ff1-ac7761911ece,Germany,android,Japanese,45+,2025-08-15
be01ab3f-3002-4f44-9574-ee486387d6ad,Brazil,web,French,25-34,2025-09-07
d159718d-9675-428c-a83a-f97f781601bf,United States,ios,Italian,<18,2025-08-26
4134b494-4511-46e7-b5a8-e0be9806b3e8,Spain,web,Italian,45+,2025-08-30
0ed533b9-35d9-4aaa-a82a-ee4ce8c2cb7d,UK,ios,French,45+,2025-11-27
86ccc267-294f-4814-9f1e-03b6362f6895,India,web,Portuguese,35-44,2025-08-09
6d9b9f47-4978-4b37-9ad1-3e6db6f1d3f3,Brazil,android,Russian,18-24,2025-09-17
79d96585-f6f5-4f84-8804-bbb91d7862d2,Philippines,android,Japanese,18-24,2025-08-30
02639468-a34a-4b03-ae58-141d34db8a05,Spain,android,Spanish,25-34,2025-10-01
270702c1-d307-41f5-b4f1-dbee0e4a7415,Mexico,web,German,35-44,2025-08-19
28e1c430-fffc-481b-a214-309ad5198b4c,France,ios,Korean,18-24,2025-08-10
024ec894-8793-4a1e-8114-04ac28ecd513,Philippines,ios,Russian,<18,2025-08-10
3dec209e-a0b0-47ae-8b53-71f5b6519430,United States,ios,Hindi,25-34,2025-10-28
75726350-eb2d-4cd7-8dec-ba49285fdb55,France,android,Portuguese,35-44,2025-08-26
64ffb3ee-9195-4969-8a8c-440506283fd2,UK,web,Spanish,<18,2025-08-23
f867f5f5-0ed2-4c5a-94b8-c570754a8522,UK,ios,Korean,18-24,2025-11-04
413bf9b5-78e8-4960-92ec-273f38cdf17d,Germany,web,Korean,18-24,2025-09-17
cf514d3d-9269-4d37-8ec9-169e96e471eb,Indonesia,ios,Spanish,18-24,2025-08-23
94b48ebb-684f-4176-bb15-95fa04003027,Germany,android,Portuguese,18-24,2025-10-19
aa66ea6e-9569-435a-90a8-9f87402fa72c,Spain,web,Hindi,45+,2025-11-05
d0b22faa-ec14-4a02-a8bb-b98fcaedcf47,France,ios,French,25-34,2025-09-13
111ee7c8-0bc7-49e8-94ec-efc2b11af425,Indonesia,ios,Russian,25-34,2025-11-09
14788ab8-419e-4035-af59-69d4702a841e,Mexico,ios,Chinese,18-24,2025-09-15
004d450c-5ad5-4fb6-9ecd-851205dc687b,United States,ios,Chinese,25-34,2025-11-01
cab8800d-048b-42a5-a74b-8d322724e458,France,android,Portuguese,<18,2025-09-08
481842ac-52d6-4827-8d48-f608bad442d0,Germany,ios,Korean,<18,2025-08-29
48e4e370-0be1-439b-8433-111c5e639732,India,ios,German,25-34,2025-09-02
b53d37eb-61ea-4218-9cc1-a6fea827c9bc,Indonesia,android,French,18-24,2025-08-27
7b3ce0b9-31a9-4660-9b3b-15221ab36c5f,Indonesia,ios,French,35-44,2025-09-10
9022dc6b-712c-4e8d-94e1-e52ebcd91148,United States,web,Portuguese,18-24,2025-09-07
fabb1892-d0c8-444d-b71e-2170b686d8cb,Brazil,web,Hindi,45+,2025-08-18
35b8ed95-86cf-4eaf-80b7-eeda02033b32,UK,ios,Portuguese,35-44,2025-11-16
80640393-28d3-4da7-bb3a-a5808a04d18a,UK,android,German,45+,2025-09-14
21b52726-1f2e-4e1b-94fb-28642c92dc41,India,android,Italian,25-34,2025-11-21
2c89ee12-dfbd-459e-918e-f8acfb7eedb1,Spain,android,Chinese,45+,2025-08-10
2ca14ae7-799c-4703-a219-8e1ba4233bc2,Spain,ios,Portuguese,25-34,2025-09-14
3cd38db9-b934-4c90-b87c-c2a4d50c503d,Mexico,ios,French,45+,2025-09-12
af17f78b-e1b0-4cfd-b27e-8bc0bf1cbb1a,France,web,Hindi,35-44,2025-11-28
fe786b6c-3a08-4ed6-9f85-21c3822f8a5d,Philippines,android,Chinese,45+,2025-10-25
fd25d670-5bca-4ad1-ab50-8ac57d2d5c84,Brazil,ios,Japanese,18-24,2025-08-25
64104d46-fdc9-4fe7-967e-b6ca27549b2f,Germany,ios,Spanish,25-34,2025-10-08
e736c9dc-c88c-4e96-ae04-0cdc7f969baa,Philippines,ios,French,<18,2025-11-29
d23de64d-ae66-4461-b80b-5a477c2698c1,Philippines,android,Japanese,45+,2025-09-20
30a99ac2-01dc-4ea8-a0fa-7b7b708c6387,Indonesia,android,Hindi,25-34,2025-10-18
8274bc3e-201e-4a7b-b734-b57d05bf9636,India,web,French,<18,2025-09-01
2802a570-3e35-4411-af64-520d79b5a9e6,UK,android,Portuguese,25-34,2025-11-17
972b2ea7-2bac-4a4e-bb9c-10f052836f96,Mexico,ios,French,25-34,2025-11-22
a0a48647-66d1-4a27-a820-f7119e6ca75b,Spain,web,Hindi,<18,2025-08-09
3380997d-8402-44fe-b114-3d9b1f5d728e,India,android,French,<18,2025-10-27
8c210422-a422-4c94-ac68-f3990b5469c6,Indonesia,android,German,35-44,2025-10-23
ee9a8ab2-0583-4d5d-a62b-c17faa57226e,Germany,android,Korean,45+,2025-08-30
c00f2bab-5c6e-440b-812c-fd747285122a,Mexico,android,Japanese,45+,2025-10-11
34be4405-e1ce-4e56-b5cb-e5dab3839225,Indonesia,ios,Italian,25-34,2025-11-11
5bed4a6a-9023-4fbf-a35b-4208503b5cd3,UK,android,Korean,18-24,2025-11-08
9059e29a-01fc-474c-893b-c927d50d7648,UK,ios,Hindi,18-24,2025-11-17
a87b8567-f821-470f-a4a7-008ee24a1bdc,UK,ios,Chinese,25-34,2025-08-25
9296844a-dc6e-45ad-8a6e-86e38eef8671,India,ios,German,35-44,2025-09-25
e2e61911-fdba-4ef3-983b-c41f3b9b3b91,India,web,Japanese,<18,2025-08-13
fea238f4-a014-43a5-9797-e1464d9898d4,Spain,ios,Hindi,25-34,2025-10-18
2aaf4f58-6b80-44f3-9ba3-ef73b726a58f,Spain,android,Japanese,45+,2025-09-27
78023278-5309-403e-898a-6c7e6f935799,Germany,web,French,18-24,2025-09-30
cee37b56-427b-4c6a-9716-f63bbabdc23c,Mexico,android,Russian,18-24,2025-08-09
52c95f85-90dc-429a-a6c6-02acea1aff2b,United States,ios,Portuguese,18-24,2025-10-30
06bcbf2b-d941-4054-b20a-8eed22b7f14e,United States,android,Korean,35-44,2025-08-19
9423a449-2c84-4524-b530-7b10a3ed87ce,Indonesia,web,French,45+,2025-11-12
7f486926-4d53-46f7-8229-e1877c0912ff,UK,web,Spanish,35-44,2025-11-01
9784f2a1-1a98-4833-9cb0-164f0d090e46,Mexico,android,Chinese,<18,2025-08-09
ad6ccde0-007c-47a1-9fa4-1f37245234e6,Philippines,android,Spanish,25-34,2025-08-20
f553fb2a-47ed-406a-8c66-54baf7d302db,India,android,Spanish,25-34,2025-08-05
663e1dca-cc76-4c9c-abe3-da762feca8e1,France,web,German,18-24,2025-10-03
6f4deb23-9d9f-4484-8e0b-0af05b240881,Brazil,ios,Italian,18-24,2025-08-22
5690fdb8-8dca-43ca-a408-e6213837753b,Germany,android,Korean,<18,2025-10-27
836396dc-0443-4f59-a8a4-ffcd1a3cb569,UK,ios,Russian,35-44,2025-08-30
3fb03646-e887-47d8-8c2b-9194b80eac90,UK,web,French,45+,2025-08-14
853f6fad-e506-486b-bba1-25284e42dd14,UK,android,Spanish,<18,2025-10-21
fa1cfeee-625e-4e19-9dc4-df925752732b,India,android,Spanish,25-34,2025-08-23
fca78386-d7e5-4c96-9ba0-a6a6518901cd,India,web,Chinese,25-34,2025-11-19
679b4a9f-7d28-4a90-9ed1-299d47bac732,Brazil,android,Russian,35-44,2025-10-05
e1f253ec-d4d7-4a07-b26d-1ec6e5ed0a6e,Philippines,ios,Russian,<18,2025-11-24
28c099cc-0183-4c97-a013-1f2789f98cbc,Mexico,web,Russian,45+,2025-11-15
0d2d69ec-aa32-4afc-987f-fc1ea494e703,UK,web,French,<18,2025-08-29
c15c9d69-0450-415d-8eb9-29777d512a2e,United States,android,Korean,<18,2025-11-05
b62764d4-eab2-4829-b33c-361fdb21f1ff,Spain,web,Korean,35-44,2025-08-15
a25a9d78-316f-4d8a-a34a-3649b4026d52,United States,android,French,45+,2025-09-08
e808f985-5e92-459e-9227-7bddb3c0b50e,Indonesia,android,German,25-34,2025-09-02
18b7bc39-6be1-430f-a089-9a713dea5a32,United States,web,French,18-24,2025-09-08
ed7b670f-6a49-485a-84a0-5322c42b201a,Indonesia,android,Portuguese,45+,2025-10-14
a4aa3f91-41c9-4f33-b7b6-87b2e01b79f5,France,ios,Hindi,25-34,2025-08-17
98cdd730-da0a-4348-b47e-93132e1d7d3b,Spain,ios,Portuguese,35-44,2025-08-23
ba359cda-01c8-4658-a361-32dfa5349f07,United States,android,German,45+,2025-09-23
40092c22-fb89-4e34-80c5-fa271f56daf0,France,ios,German,45+,2025-10-18
1b778851-9dcd-42e4-8bca-94c234c33f86,Germany,android,French,25-34,2025-11-22
ae601028-9e78-4188-bab4-8a51a58c1d4e,Mexico,ios,French,25-34,2025-08-24
c07fc3ec-f450-4cd8-843c-b1774b893ffa,France,web,Italian,<18,2025-10-14
b34b6378-8250-4b6b-b5df-53d0cacf9b1c,Mexico,android,Chinese,<18,2025-12-02
ac13973e-ef84-493e-8934-08b47351277f,United States,android,Portuguese,45+,2025-10-31
f11a086f-f996-4b62-b37d-90039a5ea843,Philippines,android,Korean,18-24,2025-09-26
6b293305-5dfa-4fc8-b97d-22e1853490e1,France,android,Italian,35-44,2025-11-18
2d27b236-71ea-4b96-b726-750a505f9a4f,Spain,android,Russian,25-34,2025-10-06
86e29c17-86dd-4dae-bccf-e08644c8e56d,United States,android,Japanese,<18,2025-10-17
463cfeb5-b28e-4923-9f3a-91f228b29376,UK,web,Korean,35-44,2025-09-08
dd86cc23-98f7-43ee-9795-9b9ef03c0d96,India,web,Russian,45+,2025-08-30
c219635b-3fc5-4018-ba88-38a470d5e1a4,France,ios,Italian,25-34,2025-09-08
983afb69-e546-4585-86fc-998f45a01eae,Spain,android,Spanish,25-34,2025-10-31
123e454e-46f9-4a48-8735-d2dce92bbe73,Germany,ios,Italian,<18,2025-09-20
608e99c2-eef1-4a4a-ad5c-26852061ca73,UK,ios,Italian,18-24,2025-10-16
c101dfa3-b54b-4d5d-b06a-986194fe0896,Germany,web,Italian,25-34,2025-08-20
3f0b2b3f-8052-4b43-a26e-fdfe11b12a36,United States,ios,French,18-24,2025-09-13
0cc2630e-27ec-49b8-8cd6-e801be24f8c7,India,web,Portuguese,35-44,2025-08-05
94f01599-efd8-4482-a50c-8c692dc771b1,France,ios,Italian,25-34,2025-10-17
073f2bb3-0018-4280-95d8-3295d1313ffd,France,android,French,25-34,2025-11-20
42a53609-9640-48e9-af5a-6f1abfaebf5b,Philippines,ios,Russian,18-24,2025-09-08
1703c43f-4653-4b5d-9e82-9405fede11ae,Philippines,web,Chinese,<18,2025-11-04
8d9f3eb3-e98b-4e8f-bb6b-71161d71cf2f,United States,web,Portuguese,45+,2025-10-04
ea9234b0-b20b-454c-8487-79a4f4466746,United States,web,Russian,35-44,2025-11-30
7989fe10-62cf-42ef-9af4-2e4efdf65e99,India,ios,German,25-34,2025-09-15
178a6f19-cd0c-471e-9d8d-e47310ff694c,Philippines,ios,Korean,<18,2025-08-12
3576ce2d-a132-4f4a-af23-357dbcba2272,Spain,web,Japanese,25-34,2025-08-05
beff5804-dcd8-4007-9bc4-2a0e5d2efc32,Spain,android,German,35-44,2025-09-23
d706ed5c-9a8c-4de3-a3ad-5f3de62657c6,India,android,Hindi,45+,2025-10-23
93e9fdde-c5c6-4350-aba9-34f079d6ef8f,Spain,ios,Chinese,25-34,2025-08-08
8be407a7-5490-4d73-9c0f-57d223e3dea9,Indonesia,ios,Hindi,18-24,2025-09-16
30446612-2e99-4e16-aac8-35e42cb29520,Mexico,web,Spanish,<18,2025-11-05
94e4863b-43e0-488d-8c08-a7dfd163a8cf,India,ios,Spanish,45+,2025-09-12
57f6993b-3ddb-45f5-be71-ebe2624a3696,India,ios,Italian,25-34,2025-11-25
e2274803-b48f-430f-ac33-75a25cfd8754,Brazil,web,Chinese,45+,2025-09-13
ea03895d-c007-4072-a18a-39ab923fc031,UK,web,Russian,18-24,2025-08-20
79e55cce-e278-4d1b-a4c3-b12c66ae2ed2,UK,ios,German,25-34,2025-10-05
fc1997b2-84e7-455a-97d5-99e0e6cd1f12,Indonesia,android,Chinese,45+,2025-08-09
79374a6f-d17d-416c-9625-1cd5632a9244,Philippines,ios,German,25-34,2025-09-05
6e01c954-dd86-4e5b-896b-b4db8037b088,United States,android,Japanese,25-34,2025-10-26
31b589eb-f45a-41e3-9960-3460fe339a24,United States,android,Russian,45+,2025-09-11
e069835a-1700-4175-8fef-6cf7d5347660,Germany,android,Hindi,25-34,2025-10-12
8f0cad63-2985-422a-9874-38b6558547dc,Indonesia,web,German,18-24,2025-11-19
5d10d3bd-01b4-40b4-bcf8-75b47a66023b,India,web,Japanese,45+,2025-11-16
22aa35bf-788b-4d1a-be79-67dd306b069c,Indonesia,web,Chinese,45+,2025-11-28
234ba623-0547-4df9-81d4-dcf17f78faa2,Indonesia,ios,Japanese,18-24,2025-11-29
472e8c5a-81ce-4a62-9239-1c997750aacf,Indonesia,web,Korean,18-24,2025-10-26
8d1b00e8-8172-4a6c-b940-0643b312b75f,UK,web,Japanese,18-24,2025-10-01
a475197d-fafc-426a-b93f-d14bcc1cf272,Indonesia,ios,Japanese,25-34,2025-11-19
2aea405a-4bd7-43f3-ae28-f39018ec5347,Mexico,ios,Italian,25-34,2025-11-21
67c2a605-7173-4e68-9902-e48df618c8ec,United States,android,Spanish,35-44,2025-11-03
cd2b7199-466e-471a-a257-bae6bf217316,Germany,ios,Hindi,25-34,2025-08-12
d6a6a7af-86ac-4703-b4d6-cf8fd6695e28,Mexico,ios,Korean,18-24,2025-09-26
dff71593-a876-4609-8ea7-03743b22577f,Germany,web,Korean,35-44,2025-11-16
1b9c18ea-0a4b-466d-b7c8-571747f2cbcb,Brazil,android,Spanish,18-24,2025-10-15
76356d55-ee29-4627-a1d7-9230f3c00c74,Germany,android,Portuguese,<18,2025-10-06
828da11c-d23f-449d-ae29-27d9f3afce94,United States,ios,German,45+,2025-10-17
eef07a88-7c97-4bac-9322-d1d3db082914,United States,web,Japanese,<18,2025-09-09
bc747b83-6809-4824-a07e-7651462106be,Indonesia,web,Chinese,18-24,2025-08-30
bebd94d6-37b9-4b95-af29-f1f530e81e2a,France,web,Japanese,25-34,2025-09-05
8117e65b-80b6-4c4e-ad22-183d8c7f68dc,Brazil,web,Chinese,45+,2025-09-25
3db0ef04-43e6-4a06-a001-176c2e25f8e2,India,ios,Japanese,25-34,2025-10-11
509c59b0-9e4d-40cf-88f2-b5f50e58f2d2,Spain,web,Korean,25-34,2025-09-19
1745a973-bd2b-446d-8db8-2d8f59817644,Germany,android,Portuguese,45+,2025-08-30
0d4ae7f9-4b68-4fab-a466-a52b7feef624,France,android,Spanish,45+,2025-09-01
bd7b9f2f-f5a6-45e2-8f4b-3bb353c6fcf0,Indonesia,ios,Russian,<18,2025-11-14
116c904b-3c36-4cbe-b023-e8e2bb3adce3,UK,web,French,18-24,2025-08-12
26dde56c-94f0-4f22-8c77-eb590b46f07c,India,web,Hindi,25-34,2025-10-11
3b1cde3d-d28a-477e-9ca1-6f3ac351d49c,Philippines,web,Russian,18-24,2025-09-11
ae2e58ea-8371-4ee0-a873-126318871ef9,France,web,Hindi,18-24,2025-11-21
6dd5ee48-78ad-427c-9f12-08d7c30e9782,UK,ios,German,35-44,2025-08-19
2932652c-935a-4c49-974e-2757d1a85e2a,Brazil,web,Spanish,<18,2025-10-02
d39dab6d-ee1a-4076-98be-375e72738ab8,Indonesia,ios,Chinese,25-34,2025-09-16
21d08748-a362-4c42-b5be-5b5278be6925,India,web,Russian,45+,2025-10-12
f469ca0c-4c5e-47a0-a33d-ff3e675996af,India,web,Russian,45+,2025-08-05
9ef49ce8-c918-41a2-9d3b-2e3e1cee6b70,India,android,Hindi,18-24,2025-10-29
8dea8122-6b85-4b13-8f81-c18bb2a89ec9,Brazil,ios,Russian,<18,2025-11-29
bef1a599-c8d2-41dd-9760-c0135c2d10f9,Germany,android,Chinese,<18,2025-09-06
a4d1a11b-b0f2-45c9-88c5-6c05906dad23,Philippines,ios,Spanish,25-34,2025-10-17
aded4669-8b86-4140-bf05-819df03150d7,Brazil,web,German,25-34,2025-11-06
f03f80f0-8f49-44ad-9ec2-27ed086a45f7,Spain,web,French,18-24,2025-10-08
3cc60022-942e-422b-97d1-b434e67bb394,Philippines,ios,Spanish,18-24,2025-10-08
33de5aab-c0d8-4936-b276-45b810a9038b,United States,android,Italian,18-24,2025-11-03
3ee236cb-c279-4664-a34e-d48509d1ef50,Indonesia,ios,German,35-44,2025-08-16
807902d9-9131-4713-9ecb-3dc21b193204,Brazil,ios,Russian,<18,2025-10-18
24631abf-761e-4a79-ae50-6bfb249b280c,UK,web,Chinese,18-24,2025-11-21
747886b5-4b60-49fd-a2b9-64b860b55298,Philippines,android,Portuguese,<18,2025-09-07
b55811e3-c656-4cbf-aff5-a7eece86c76a,Spain,ios,Russian,45+,2025-10-17
550a54fe-6635-4fda-b6bc-a151b0ebd729,United States,android,Korean,45+,2025-09-25
f3add117-5ca1-409d-a0b8-619fdb5451ce,Germany,android,Korean,<18,2025-08-10
31b69546-2843-4c50-99c4-281987030296,UK,ios,Portuguese,45+,2025-09-12
0c4d6103-d30b-41dd-a46e-f1cb4d686d77,Philippines,android,French,45+,2025-10-19
4b49a7d4-40f0-46e9-a373-436b692a96ba,Indonesia,web,Korean,45+,2025-11-26
a76e3f7a-30ed-432b-b771-c98aeb651aa6,UK,web,French,25-34,2025-10-14
557ea0aa-b441-4c4d-a5f3-9799e9399290,United States,web,German,25-34,2025-10-29
184edf44-ef4e-442a-a304-18b4fe3d87f9,UK,web,Portuguese,<18,2025-11-09
ba840eab-fc91-49af-bde3-74e032d9f1c8,Mexico,android,French,<18,2025-11-18
1a200af2-b6cf-49ce-a6cf-ff3efadc3a51,France,web,Italian,35-44,2025-08-17
6f914d45-efa8-4a43-92eb-be5e226fff16,Germany,ios,French,25-34,2025-08-20
844a7b7c-3d15-4f69-9677-f6449f739314,United States,web,Japanese,<18,2025-10-06
fea78d4c-12af-40ef-b9eb-33debd4ba998,UK,ios,German,25-34,2025-11-22
85ba848f-b98c-4e41-bb8b-261ffd3cc6fb,France,ios,Italian,35-44,2025-09-10
dea614f0-c0fc-4263-a33c-48c942fd15ea,France,web,Portuguese,<18,2025-11-06
fe4193d9-630d-4b53-b05a-777fb9e8d164,UK,web,Hindi,<18,2025-09-12
9335e517-7e39-4187-8823-e227b8c7d4fb,Indonesia,android,Russian,<18,2025-09-13
252e026e-3daf-476d-8e5b-37b0515d9058,Mexico,ios,Chinese,<18,2025-09-18
15ea3d0b-5868-40d4-bc16-d6068bcbca41,Brazil,web,Korean,18-24,2025-12-01
a6c19260-9360-41cd-b5d4-172855b63dd1,Mexico,android,Japanese,25-34,2025-11-27
a596656d-25f4-41f7-ab13-20280c1e1b0a,UK,web,Japanese,25-34,2025-08-25
d728c3fd-4832-4c48-8b1f-2348ca73bb86,Germany,web,Hindi,25-34,2025-10-22
0f41109b-6e60-4376-9e60-bf5154dd3c6c,Brazil,web,Russian,35-44,2025-11-02
cc63bb11-ec80-4f54-aa29-b0741616fb94,United States,ios,Russian,18-24,2025-11-17
4451d8b4-ec24-4ae8-9c3e-8fc05d44b74c,Mexico,web,Korean,25-34,2025-08-25
22eb0c1e-e413-42eb-aa19-6d3340ddb871,UK,android,French,25-34,2025-09-22
3326df29-9a80-48ce-8df1-568e43f9c8ed,Mexico,web,Portuguese,<18,2025-11-07
6166683c-13f2-4e22-8a3a-e16beea0ae0e,Brazil,web,Russian,<18,2025-11-25
8505b8c9-a007-43a0-965c-373c4d8ce208,Spain,android,Russian,<18,2025-08-19
f8fbb7e4-7deb-47c5-8590-ad17d4269e14,Philippines,android,Chinese,25-34,2025-08-28
df289789-e9be-4736-9dd9-4443561a63b1,Mexico,ios,Italian,<18,2025-09-24
803ba3f4-b867-4a2c-8efe-5832d19f0033,United States,ios,Italian,25-34,2025-11-07
3f75cea3-20fb-4d15-8601-b127299c8c5b,United States,ios,Chinese,35-44,2025-09-19
2677e237-c743-4a73-81ac-4e9311c2c268,India,ios,Spanish,35-44,2025-11-06
126b3404-c16a-4598-bc08-17b30f3f9479,Mexico,android,Portuguese,45+,2025-08-21
e5a0a46a-89ec-46ba-9c77-9a3ce8dc4c7d,Philippines,web,Russian,18-24,2025-08-14
5a684b5c-542b-4da1-acec-143769d0d02f,Indonesia,web,Korean,<18,2025-11-04
7a3a73be-e146-48e2-adbe-c005ee265497,France,web,Portuguese,<18,2025-10-22
10711674-ec3f-4417-94f3-bd564e3fdaf8,Philippines,ios,Hindi,18-24,2025-08-26
29ed740f-d76b-48f5-b8ec-3e0dc009fe99,France,android,Japanese,18-24,2025-11-15
ef64afc4-f5f1-4694-a589-b9677c12004f,France,android,Russian,45+,2025-08-25
aa36fb00-2a4f-4221-beb3-4cef03116391,Spain,android,Spanish,18-24,2025-08-10
8ec86b57-1058-455b-b56b-b03d5b0d8a11,India,web,Korean,25-34,2025-09-18
0d05b00e-14c0-4588-84d2-e7e80314a161,Philippines,ios,Portuguese,<18,2025-12-03
158bacd9-0d52-4f30-8778-7b3cfd2381da,Philippines,android,German,18-24,2025-10-29
5470ad59-4095-4e6d-8430-59ab98622671,Spain,ios,Japanese,25-34,2025-08-16
937083a4-ecba-497a-b407-774823c49a1c,Mexico,android,Russian,18-24,2025-11-15
a538990a-1b00-4b5b-85e8-323c942508f6,Mexico,ios,Portuguese,25-34,2025-11-17
e3fc1881-701a-4337-a034-b5e07c10fef8,Mexico,android,Portuguese,35-44,2025-09-25
5ed6dd1d-4eb5-4688-a5c0-00d2cdcaea33,Germany,ios,Korean,25-34,2025-11-01
bfc27a68-f8aa-4bbc-be39-369c4b2a21b8,France,android,Japanese,45+,2025-08-23
b002154f-4bb2-48ee-8392-99bbc6e01955,Germany,android,Italian,25-34,2025-11-11
ee3f2c7d-9dd9-444a-9472-6d207f1ee44d,India,ios,Italian,18-24,2025-11-19
e4070ec4-6d9e-46a1-97b8-a70a54226fe3,Spain,ios,German,35-44,2025-09-10
cf7ca0d3-271d-460c-a9d8-d842339ac336,Philippines,web,French,35-44,2025-08-15
dee8d24d-6c6c-47c6-a148-cc1441b0b78c,France,ios,Chinese,25-34,2025-11-30
c6d7f2fa-e60b-4820-8c9b-a3fcc533039c,Germany,android,Russian,18-24,2025-11-17
1eb746be-211f-42ba-93c3-ba4b94d05e03,Germany,android,Korean,35-44,2025-12-02
e1f7f3db-b843-4884-9561-c4ef570d60b7,UK,ios,Russian,25-34,2025-10-19
0f02f413-2050-4bbf-9ff1-c4256f6e37bb,Germany,web,Korean,25-34,2025-08-24
e13d87f0-7861-4027-b54c-b048ce61438c,Indonesia,ios,Italian,25-34,2025-08-25
ba46f089-dd4b-4f61-9a64-247eef34f47e,Philippines,android,Korean,35-44,2025-11-03
4571cdeb-3ab3-4c47-aef0-9df464a8ed40,Indonesia,android,Japanese,<18,2025-09-19
33b7a517-f301-414b-bb6b-c2b0612f0502,Philippines,web,French,18-24,2025-10-23
72648d58-d0dc-4c6e-a268-1655a84298da,Spain,ios,German,45+,2025-12-01
bdc0a828-4f51-43b9-92f1-61a2384f12c0,Philippines,android,Spanish,45+,2025-11-11
3959add2-090c-4789-8008-113a106a3ecf,Indonesia,android,Italian,18-24,2025-10-31
186d92c0-ff7d-432d-927b-b99bdd46a3fb,Philippines,android,Spanish,<18,2025-11-27
25b8936e-02bf-4c69-ac77-a20d198491e4,Spain,ios,Spanish,18-24,2025-11-17
8ab3fc67-f626-4aa7-9f5b-cfe34de23895,Spain,ios,Hindi,25-34,2025-08-31
ee57f51c-5f35-4b87-87ca-8df1227785ba,India,web,French,18-24,2025-10-11
06f912e4-a0a3-40be-ab36-50b3d50f7dd5,Philippines,android,Chinese,18-24,2025-09-27
c9828bc3-6d58-4790-b9be-1413e60578bb,UK,android,Portuguese,35-44,2025-11-19
e3cd6879-f786-4f29-a7e8-ef0ce2f6ee43,Mexico,web,Japanese,45+,2025-08-30
b8be93bb-7399-452b-8fd3-080f68d05860,United States,android,Korean,45+,2025-11-25
50773ce3-6c83-4534-8031-15f2387f202e,Spain,web,Russian,25-34,2025-10-04
90e08666-07d1-41cc-9fb6-6fc86381cd47,Brazil,web,Chinese,25-34,2025-10-07
f9fdcf10-0406-4682-9d5d-2d7e8409708d,Mexico,android,Russian,35-44,2025-08-26
09adad64-fff5-4556-9d39-5c7194d6af18,France,ios,German,25-34,2025-10-18
9b14f683-804f-4476-b08b-13259d1899a1,Philippines,ios,German,<18,2025-09-29
562fe4d4-8649-4a2e-ac99-12440ee70ef7,Indonesia,ios,Japanese,35-44,2025-09-19
ac5e0b7c-2ddc-47be-8dcb-1cefd7d9f891,United States,ios,Korean,35-44,2025-11-20
2ebfd017-ace4-438b-ad18-43d350d448b1,Brazil,android,Korean,18-24,2025-10-07
97088545-4f24-4ca8-8277-7f8a36e61666,Mexico,web,Italian,18-24,2025-09-30
ab9ce9da-255f-4417-9096-ce3e8c2bc49b,Philippines,web,Korean,<18,2025-11-05
94ac2339-724a-466c-87b2-5a01f750ccf9,India,android,Portuguese,35-44,2025-09-16
b32e0e0c-42b6-4ace-971e-493247ec6375,France,ios,Chinese,35-44,2025-11-28
26444c12-c3fb-4c11-a151-0a689cd129a1,United States,web,Chinese,18-24,2025-09-01
a2258f98-ff36-41fb-a8ff-7952bf95d928,UK,android,Russian,45+,2025-08-25
a3716dc4-c75f-422a-9928-adf6ccecec99,India,android,Hindi,45+,2025-08-09
21a284c3-1d24-4449-a146-abfe9e7e614d,Brazil,ios,Japanese,18-24,2025-08-15
b13c728f-56a7-4081-ae98-681c2ca2d1a7,United States,android,Japanese,25-34,2025-09-10
816e062c-33f9-43e0-895f-1e38fb8646b4,India,web,Portuguese,35-44,2025-09-28
790432bf-7d3b-4a22-ac52-b44f2a218bd4,France,web,Korean,<18,2025-10-26
98afd1b6-c18c-4cc5-9569-5e1243a077df,UK,android,Hindi,45+,2025-10-06
c01dc80d-ec61-45e0-b835-ba9e940f7b4d,India,web,Italian,25-34,2025-09-12
51e0cd3f-be4c-49e2-ba8e-ea2f107ad326,Germany,android,Italian,35-44,2025-11-30
93255452-cbe6-4a88-8a6b-ddc721132eb0,UK,web,Chinese,25-34,2025-11-26
f05cecd6-08df-4da6-b325-3c83bdad7b61,Brazil,ios,Portuguese,35-44,2025-10-03
d264a82f-b093-49cd-8006-f0f430f409cb,France,web,Spanish,35-44,2025-08-17
e4688e44-14ff-48ea-be03-c6441b19dfc5,Philippines,ios,Spanish,18-24,2025-10-13
137657ff-1802-460e-ae14-1ed3668fd922,Indonesia,ios,Korean,18-24,2025-10-10
e485493d-2c15-4e13-897f-6ae0a69ad1ec,Indonesia,android,Chinese,<18,2025-09-07
5cd4d057-a7fa-44db-b416-20083c144231,Indonesia,ios,Portuguese,<18,2025-11-20
3fbdd53f-90c5-4a00-9a45-4fb0a15edd85,United States,web,Spanish,25-34,2025-10-02
bb07607a-c83e-4947-90d9-be57107945e1,Brazil,web,French,18-24,2025-09-03
906e059e-b8b0-4317-864c-aafc0aff0953,France,ios,Russian,35-44,2025-08-09
b0b182a6-4ffd-4a99-80de-c19ce53b97cd,UK,android,German,18-24,2025-10-08
da212ef1-d5a6-4ec2-8d47-94490e74dc20,United States,ios,Russian,35-44,2025-11-24
ca991004-5b13-4862-9070-8acdee83c30b,Brazil,web,German,18-24,2025-08-10
a1c86bf0-1bcf-4cda-bb19-653db636d8de,Philippines,web,French,35-44,2025-11-23
c5aacf04-941c-4034-876a-2e01400dbb15,Germany,ios,French,25-34,2025-10-23
22e8495f-dccd-4ea5-a9d9-234700dbed9a,France,ios,Portuguese,18-24,2025-09-17
40e99089-9161-4495-ba0e-c7cf7eacbd8e,Indonesia,ios,Hindi,45+,2025-11-15
ed3aad36-644f-459d-8c2b-11104868bd5c,India,web,Japanese,45+,2025-11-25
e3432c52-d1fc-4481-9bef-17a598556a67,France,web,Spanish,35-44,2025-11-17
c539e412-1ba6-45a4-9fd7-2a68a26c93b1,Spain,web,Portuguese,25-34,2025-10-29
4b1535ff-d4a2-4bc3-bbd7-6356e9dfffef,Brazil,android,Hindi,35-44,2025-09-15
9ceca6ee-c90d-48db-a533-626c578bd971,Mexico,web,Japanese,25-34,2025-09-13
4e7564eb-9a6c-4f96-bdec-5241c7295593,Philippines,web,Portuguese,<18,2025-09-20
376183b6-2c2c-4b00-a189-abc4af081273,Germany,android,Korean,18-24,2025-09-24
f9394fd8-6e49-4b72-88c1-2145bada12f1,Philippines,android,Japanese,25-34,2025-09-03
d37c7a9f-9522-4296-95b1-c860beba954f,France,android,Russian,35-44,2025-10-23
629abcca-f9a7-4ff7-8fe7-f3b92a90eaaf,Mexico,android,Japanese,<18,2025-10-16
85899877-d878-4d8e-8104-ddb793c7f396,Spain,android,Russian,35-44,2025-09-18
6bf4a93b-7df6-451f-8098-df7fee72f1f7,UK,android,Italian,45+,2025-09-27
0ec9ad6c-6a12-47df-aa6b-ca845bce73d8,India,ios,German,45+,2025-10-27
874a1803-d413-4c8d-8103-ba62ea291172,Mexico,ios,Russian,18-24,2025-10-06
ad31ef5d-adc0-4c0c-9801-6b8d04786068,Brazil,ios,French,18-24,2025-09-30
033696f8-feff-4d30-b28f-f9bc9ee176e8,Indonesia,ios,Korean,<18,2025-09-17
379650b5-1cf6-480b-8d1a-5173a9ea81cf,Spain,web,Spanish,45+,2025-10-09
e877eff2-d0d2-415a-ac83-f662057b7ab5,India,android,Italian,25-34,2025-11-21
088d4018-03b5-4d3f-a3bc-04e0887b4047,Germany,web,Italian,45+,2025-08-24
3738d580-a576-4891-af97-188f0075dfe8,Indonesia,android,Chinese,18-24,2025-09-05
7447a52e-18aa-4fc3-ba57-c30fc5dbeed1,France,android,Portuguese,35-44,2025-11-19
118f6afe-21dc-46c1-9049-817a36f70151,Mexico,web,Portuguese,<18,2025-08-16
eb4de91a-7d38-4de6-8f3f-7b0f741fcb22,India,ios,Portuguese,45+,2025-09-11
c0b59c87-b4ce-4496-a424-f3fa509969d0,United States,web,Japanese,25-34,2025-09-11
aa93e64a-da11-4dca-ade3-c70c736757c5,UK,web,Spanish,25-34,2025-08-13
dc84f33f-ae40-4238-be01-b698951c36b7,UK,android,German,25-34,2025-08-27
24b8af19-7fbc-4ade-8c64-97614ecb7a78,Spain,android,Russian,<18,2025-09-24
a2df7d26-1703-4cdf-9194-330ed814de13,Germany,android,Portuguese,25-34,2025-09-02
1b6a25d5-3770-445d-bcea-a392b652e579,Spain,ios,Italian,25-34,2025-08-15
4a4be0f9-a149-4676-9eae-61c6e0d1b6a7,United States,web,Russian,45+,2025-11-06
8b8f7c60-a750-40fb-b030-c58a5cf71b2a,Brazil,web,Spanish,<18,2025-10-09
f960347b-4044-4890-bba9-3f715da1c63d,Germany,ios,Italian,35-44,2025-10-07
e77d11ff-456e-4d64-ad82-fac98825aaa1,Philippines,web,French,35-44,2025-08-12
8c335211-e9a6-4616-9596-39e55848814c,Brazil,web,Spanish,25-34,2025-11-04
4b6554ed-105f-4789-b878-078f99516e14,Germany,android,Japanese,18-24,2025-10-12
dea785d3-056f-4d58-a3fa-d80c7e19fa9d,Germany,ios,Portuguese,<18,2025-10-21
7408f855-1784-4cc7-9d33-60a9c571caf3,United States,android,Hindi,18-24,2025-08-20
f83ef5b9-65e9-4625-b2d5-f125c39eb859,France,ios,Korean,<18,2025-10-06
60f9732e-805b-4141-94d1-2652f8527fb1,United States,android,Italian,<18,2025-10-13
3b2483a2-4850-4208-82ba-bc9994a35cdc,Germany,web,Chinese,45+,2025-10-11
6caad353-26a9-438e-b628-60e235857623,India,ios,Chinese,25-34,2025-09-01
8d4afc32-dea7-4caf-9a74-49557c72a161,Brazil,ios,Korean,45+,2025-11-21
9671983e-c116-480d-a1df-0b99cc85105d,United States,android,German,18-24,2025-10-24
b10ff4ed-dd96-447e-84b3-226e61af9061,France,ios,German,18-24,2025-10-10
07873dac-8efc-4b7d-b65f-96e72bdd8f25,Mexico,web,Korean,35-44,2025-10-24
a27ba075-195a-4936-9768-2b3efb475652,Spain,web,Hindi,45+,2025-09-09
bede7386-c7b3-408f-992f-551669561bee,Germany,web,Japanese,45+,2025-11-01
8beacd02-f7bc-4000-8514-0ab9ab35b2de,Philippines,android,Spanish,45+,2025-10-17
555a868b-589a-4698-8f93-6da99f425a54,Mexico,ios,Hindi,35-44,2025-11-14
862ec67e-eefe-4621-beeb-9630ca12c7a5,UK,android,Russian,45+,2025-09-07
ae85d830-6616-4824-b815-012822f2e39d,Indonesia,web,Portuguese,45+,2025-08-07
da4af7b8-4765-4e9c-a998-5f33c3bd1883,France,ios,German,45+,2025-10-04
99827fd3-f95e-4329-b166-4963e8051917,Philippines,web,Italian,45+,2025-11-25
9bbe676c-2609-49e7-9d4e-fd84961f9c7a,Indonesia,ios,German,18-24,2025-11-22
1e92b2c4-e00c-47f7-a389-132f7f5c9336,France,ios,Chinese,25-34,2025-08-19
597728ef-62ef-43e4-a18b-ef784b8b19f7,India,android,Italian,18-24,2025-11-23
623bb7d9-36f1-4e4d-87e8-4f52d5dd211c,Spain,ios,Russian,45+,2025-11-22
64354a16-2a3d-4c4c-af9e-bd3adac939bd,Mexico,web,Russian,<18,2025-10-09
51cff594-2f9f-4ddf-b65b-f8b36508d317,Brazil,ios,Portuguese,<18,2025-11-21
c1750cf7-b108-4e02-a55e-a7451ce95cb0,France,web,French,35-44,2025-08-30
680c6633-c916-42be-8814-e84fcd38d5ab,Brazil,android,Chinese,18-24,2025-08-31
1ec8bdf0-441a-4f5e-9375-330d707c3b5e,Spain,web,Korean,35-44,2025-10-17
6063f4a7-ac57-4523-b745-1aa1a257334c,Germany,ios,German,35-44,2025-08-22
09bc5d51-a5f4-4dc2-90d8-07bf2aaebb2e,UK,web,Portuguese,<18,2025-11-17
0c44ffc3-a30f-461a-a990-324f5c783619,Mexico,web,Portuguese,18-24,2025-09-23
99cb346c-7c2f-4b5b-b6e6-83498da2c67c,Spain,ios,French,25-34,2025-11-26
8a88b78e-1c08-49bc-ab57-7a60a5ed4921,Spain,web,Russian,18-24,2025-09-19
5d198c01-96e6-489e-b8e1-a7b0634eefb0,India,ios,Chinese,35-44,2025-09-23
0d977956-1cef-4c91-9f67-732ce44ef399,Indonesia,android,Italian,45+,2025-09-23
db750e20-3d78-4a8d-8e4b-95c734e31f2c,UK,web,Chinese,35-44,2025-10-22
ffe4f782-6f9c-4338-9b98-37e1370ee9b5,Mexico,android,Chinese,18-24,2025-09-09
c11041b2-e738-4a74-9060-5db5f3173049,Germany,web,German,<18,2025-11-18
ab0bdd4f-9800-4c5c-a089-17cdac57529a,Germany,web,Italian,18-24,2025-10-12
db8d5e74-a3ed-4308-955e-d8b1740e22c1,United States,android,Hindi,25-34,2025-10-19
9fce6c7b-4edc-44c0-8d92-e4ce38e60ef5,Spain,web,Italian,45+,2025-08-14
e22946bd-8647-452c-b2f4-bb8749596fc5,France,web,Portuguese,45+,2025-09-09
248595da-2748-411a-b336-9ccc5a922c1a,India,android,French,35-44,2025-08-05
0c7330d3-bad3-427d-9c46-23d0b4eae4f6,UK,web,Chinese,18-24,2025-08-29
31ba03da-b1c6-4fc7-872c-2a9b73c6dc2c,Germany,ios,Italian,<18,2025-10-10
ceb3575a-cd93-416c-8156-d9a7d4be3580,Mexico,web,Portuguese,25-34,2025-08-14
c1e36855-6fd1-489f-acfe-b6c33f59e646,United States,web,Spanish,35-44,2025-08-08
479e641f-0ece-46ae-8562-0950a75cfe13,Mexico,web,Russian,18-24,2025-09-02
69ec6cac-135e-4018-a5f6-ded298b24de5,India,android,French,<18,2025-11-27
5d530dd3-4d47-4088-afb9-8f2322cacdeb,France,ios,Japanese,18-24,2025-10-28
e3714398-2535-421e-815d-00b5c4df37cc,United States,ios,Korean,<18,2025-09-18
0886d9a4-f261-4191-8384-940d8cc18e27,United States,web,Portuguese,18-24,2025-10-25
dbc9b4c8-4b5b-4c80-88b5-5cff86f1f0fa,Indonesia,android,Chinese,18-24,2025-10-19
dcac5cf3-7c49-4b11-b349-c9430e5ded43,UK,android,French,35-44,2025-11-20
8adcc1bc-16f0-41b7-a96f-aacb1bbb5868,United States,ios,Russian,18-24,2025-09-21
9ff43650-136b-435f-af28-1d187943febb,Indonesia,android,Italian,18-24,2025-09-30
1f744d79-205b-466b-a49b-ebf0d43dd1bb,Indonesia,web,Spanish,35-44,2025-11-06
c22b4ea7-92ea-4b67-a16e-bfe8a47bfa3a,India,web,Japanese,35-44,2025-11-14
354b8d33-8cc5-45ae-8918-feb9900f412f,Brazil,android,Russian,45+,2025-09-10
4b9da564-08b4-4d80-9d9d-bc6482ab839d,Mexico,web,Spanish,45+,2025-10-03
2d7d5de4-71a3-4048-9ece-869939918d2a,France,ios,Korean,35-44,2025-11-05
ed47e986-0003-442c-b17d-6939e6e59e73,Philippines,web,French,25-34,2025-08-17
ea513707-a493-4d83-8a42-a423741343fb,Mexico,android,Hindi,<18,2025-11-20
d7bc242a-b9bb-4610-bec2-5a0958d0b5c7,United States,ios,German,35-44,2025-10-20
c424b0db-3306-4741-b475-b68388d78266,France,web,French,45+,2025-08-17
3aab0def-21d6-457e-bfbb-4337cc3997a4,Germany,ios,Japanese,18-24,2025-09-23
4f652022-ce8a-4148-8538-b8a9a90cb5df,Brazil,android,Hindi,35-44,2025-10-17
8be3fe6d-c5c8-4334-9ecc-d5f85a391da8,Germany,web,Hindi,35-44,2025-11-19
b6c2b4b5-3b01-458b-bfff-cc1f6837afed,Germany,web,Korean,45+,2025-08-28
80509fcf-79ce-4146-a563-9c4d5e3ce989,UK,ios,German,45+,2025-10-29
462dba30-fd8a-4090-8cb2-650ce4ca0fe2,Mexico,web,Hindi,25-34,2025-09-21
8d9803bd-d59d-413e-8d61-7820d9b66b99,Philippines,web,Portuguese,45+,2025-11-05
422981fe-7d7b-4201-95bd-f0733b30ec73,India,web,Russian,45+,2025-08-22
b516dee9-6477-4947-ac77-c07f29c350fd,Philippines,web,Hindi,45+,2025-10-10
a23a7993-577c-4235-9229-c1f7057ed110,Germany,android,Hindi,18-24,2025-08-17
e507d232-134e-476d-948d-e56593366e4f,United States,web,Russian,35-44,2025-09-23
bd60ba96-f3b7-469c-a60a-b0b908ea306d,Brazil,ios,Italian,35-44,2025-08-27
6643746a-4cdf-4f09-83b7-181cd9751ec3,Spain,android,Korean,45+,2025-08-21
bd8212eb-a22d-481b-82ef-196f9eba3cd6,Philippines,ios,Hindi,25-34,2025-09-15
e189b8ab-636f-42c8-9a34-6230b45decee,Germany,ios,Hindi,45+,2025-09-16
43da5d71-80ef-4767-8538-445d5309e603,Brazil,ios,German,25-34,2025-09-08
f469fe0c-84b3-4237-96ad-1381c6933fed,France,android,Spanish,35-44,2025-09-12
d95904d5-0a7b-4477-98bd-e1438bc487b8,Mexico,android,Italian,25-34,2025-09-23
7a8ca17e-aba3-409e-8d3f-67612a1093d3,Indonesia,android,Chinese,25-34,2025-11-30
0336cbf6-4d96-486a-aa76-81d7f80b4e64,UK,web,Italian,<18,2025-09-17
7842c719-be2e-42de-9217-d7fdfe0c3d52,Brazil,ios,Russian,25-34,2025-08-07
3c8973ad-2556-46c0-a9af-138fffef79dc,United States,android,German,25-34,2025-09-10
ec540149-c0a5-4369-a9b5-e576e141ad1e,United States,ios,Korean,18-24,2025-08-19
51d7ef33-b0b1-4acb-a5bf-344927cfbb03,Brazil,android,French,35-44,2025-09-06
049b6f91-0f90-4f52-93e3-a422a2df0ec8,United States,android,German,45+,2025-10-30
4042f623-00e5-4fe7-a3e7-407ca0304912,Mexico,android,Japanese,<18,2025-11-30
94dbceda-fbf5-4807-b64d-80c598c4df06,United States,ios,Russian,25-34,2025-11-10
c58e8799-165a-4a7a-b4cb-294aa6f85bea,Philippines,web,Spanish,18-24,2025-10-30
43eaeaf6-4e7b-4a0e-9d77-e28d8812f2be,Indonesia,android,Japanese,18-24,2025-09-05
03d581b0-e590-4067-9ebb-5f9e05f086f6,United States,android,Japanese,45+,2025-08-28
8189cfbb-4125-48ae-910e-85ec32d3bf44,Indonesia,android,Korean,45+,2025-10-25
9b2a51cf-a3eb-432e-b126-ba3b41ac7992,Germany,web,Chinese,35-44,2025-08-08
e677b704-81af-4886-b5dc-536f5d4832f8,India,ios,French,25-34,2025-10-21
960aa41c-436f-496f-a418-dcdc42826b96,Mexico,ios,Hindi,18-24,2025-10-20
15755419-01b0-4dac-9661-26d90b719190,India,ios,Portuguese,<18,2025-12-03
491aaa25-e8c9-457c-bf1e-66ffd0300743,Germany,ios,Hindi,35-44,2025-11-10
c222cdb6-d316-406b-a65d-5fd05b03f783,Mexico,android,Japanese,25-34,2025-08-14
34247f29-0b2c-4bc1-90c1-765ed1a64104,Brazil,web,Italian,45+,2025-11-15
38129e4a-8cc3-4b5b-a6fb-c89537ea112e,Brazil,android,Portuguese,25-34,2025-09-22
961be858-0169-47d8-8f1e-dad49124fd0e,Indonesia,web,Korean,45+,2025-09-10
762aa31a-39e4-45e4-b32f-fd64dbbe568b,Germany,ios,French,25-34,2025-10-13
51e005fe-5532-42bf-82f2-ef8afd7ff6c9,Indonesia,web,Korean,<18,2025-11-25
5f0858fe-af6e-48ed-bc39-cd11c310836e,UK,android,Russian,35-44,2025-11-15
7c10babc-6338-4e51-846e-7f773b4dcfb3,United States,android,Spanish,45+,2025-08-31
14e3f7e3-aad7-4fab-8046-4bc317f13498,Spain,ios,Japanese,<18,2025-09-13
63fc484d-2b8b-4e50-a31f-ce6f6ed2ce3f,UK,android,Italian,18-24,2025-11-30
ded92edd-e879-42a8-be4d-3974e3207259,United States,android,Korean,<18,2025-11-22
17d9613d-9dfa-49ab-98b0-208d6aa31c76,Mexico,web,Portuguese,<18,2025-08-30
0752dc93-7425-4818-b5eb-1d1bfc2af17b,Indonesia,android,Japanese,<18,2025-09-27
1e41f107-1ff7-46fb-8a17-efb01b3a0777,Mexico,ios,French,45+,2025-11-06
87f3fde8-b1e4-40ca-a7cc-9c933a20eb23,Mexico,ios,Italian,18-24,2025-10-16
a7abab8f-6ad5-4e61-81a3-58a7ddd998a9,United States,android,Chinese,35-44,2025-10-11
99a00136-1f84-40b5-bcef-da6f869df2fa,Germany,ios,Chinese,<18,2025-10-06
8a1c358b-84a6-4822-b72d-e2271d748981,United States,web,Portuguese,45+,2025-10-21
053980fe-e2b3-4847-83bc-c8ec5ff0509e,France,web,Spanish,45+,2025-11-13
87755589-aa32-4c17-bc7e-714e38684864,Brazil,android,Chinese,35-44,2025-10-17
2a2b7e49-8eef-4316-ac43-0f09fc0a65f7,Brazil,android,Japanese,25-34,2025-10-25
28492910-a20f-44c1-866b-8b88e71ef9ac,UK,web,French,18-24,2025-09-02
09290ac3-a1a0-4e7d-93a9-aac1d74322f1,Brazil,ios,Spanish,18-24,2025-10-23
904f6bcc-dc11-4247-b30f-27a04380e388,United States,android,Hindi,<18,2025-08-26
103b50e7-1e61-4f57-ba33-3a66c1fc5dfa,Philippines,android,French,25-34,2025-08-05
48127ecf-310f-4c8c-a424-1c76854f64d8,Indonesia,ios,Japanese,18-24,2025-09-22
bfd189d5-2b12-41b8-a450-863dd2f329b0,United States,android,Japanese,<18,2025-09-18
09e6301a-ea7e-44a2-8e76-7aa5b4ae4f31,United States,ios,Russian,25-34,2025-11-23
c4415389-5965-4d85-99c0-5244ca5cf9ad,Spain,ios,Spanish,45+,2025-08-12
b5dfc726-0ae1-445e-a6cb-34cfd858f3bd,Indonesia,ios,French,<18,2025-11-27
c9fd68de-f2e9-4d2f-b3c4-aedbd5b654d3,France,ios,Spanish,25-34,2025-11-14
c2ff6fef-e309-4615-a4da-bd9a32fa2a9c,Brazil,ios,Portuguese,35-44,2025-11-13
77eec81f-d750-464d-adc0-f18c46daa963,Indonesia,web,German,18-24,2025-08-29
8135a2eb-c460-47ca-87c1-282f8a76cda0,Brazil,ios,Spanish,<18,2025-09-15
27abe1ba-3fdb-4030-a229-c464a746a5f9,UK,web,Chinese,45+,2025-11-27
ac953bc4-4b25-4fb0-8c83-70a5e4124153,Indonesia,ios,Japanese,<18,2025-09-08
c48eba4b-0117-483c-a095-fe644a184029,Brazil,android,Russian,18-24,2025-11-23
e8ab6d1f-6b52-47d2-9bde-ed8859cd8f57,France,web,Hindi,18-24,2025-10-30
ca45b715-3e27-4585-9b93-4c388f1e9794,India,android,Russian,25-34,2025-10-08
618f8901-ea79-4c18-a6c9-1bed37b7f53c,Mexico,ios,French,45+,2025-09-10
8bccebb5-c574-4646-899b-679bf581a01d,Mexico,ios,Portuguese,25-34,2025-10-10
7305e1ca-71b1-423d-8af0-fbba5cdb0e90,France,android,Portuguese,45+,2025-10-02
d2b0cba2-1508-42ea-a939-4f63a554926f,Spain,ios,Hindi,<18,2025-09-17
1a4dc07a-f90b-4d3d-8911-734a4bd2f1fe,India,android,Spanish,<18,2025-10-08
53dfbadd-d1d5-485a-b445-4835a1c1b465,UK,ios,Spanish,25-34,2025-10-11
2c27f5a3-a20e-44ac-ae2d-a33e0483be4a,France,ios,French,35-44,2025-10-30
7b818f2a-3c8e-4bef-866e-6f6019abce08,Mexico,web,French,18-24,2025-11-06
531f5a44-8ba7-43bf-821b-d1749aff8612,Mexico,android,Italian,25-34,2025-08-29
b863938f-9759-4d37-9174-36c628a2b33e,Mexico,ios,Spanish,25-34,2025-09-29
73a4837c-57de-4d04-8e19-8a2c74d380ad,Germany,android,French,<18,2025-11-19
bb54d56d-5ba2-47cf-b48f-a20fe8bf396e,France,web,Portuguese,18-24,2025-10-20
531f1c15-4581-47b1-a4ed-75e2b0194f94,United States,android,German,25-34,2025-10-09
29419304-0dba-4dfd-a956-584874985b09,UK,web,Japanese,<18,2025-11-19
31272e47-1f0c-41cf-82da-326100cf687d,Mexico,android,Spanish,<18,2025-10-28
a3a21005-bacf-49dc-8161-25cd1da5da32,Brazil,android,Italian,25-34,2025-09-08
da4ca3c1-4a65-48db-848a-7b47156b58b5,France,web,Japanese,25-34,2025-09-08
619ac71f-bd7c-4e0c-ae02-b5b8f65b999e,Germany,ios,Chinese,<18,2025-09-19
b7bc4c53-6d85-48b1-ab03-3cc0c094eb84,France,ios,German,25-34,2025-10-02
06952e66-544a-47d0-8373-81e7a8408d6f,UK,ios,Russian,18-24,2025-09-27
c3d70f55-fbbc-4966-8539-5ff1b4e5977f,Germany,android,Spanish,<18,2025-09-09
be838d5a-63a0-446d-a683-23d4d549e088,UK,android,Russian,<18,2025-10-25
8214f45b-795d-46fc-b5bb-98b55e670cc9,France,ios,Italian,25-34,2025-11-28
a1090a98-f4b2-41c8-8aad-0cb9e68338ad,United States,android,Spanish,25-34,2025-11-05
e11d24c8-7f09-4fde-8c7e-66c976f1c77b,UK,android,Italian,25-34,2025-10-14
a262c5dd-8444-4e97-a77a-8a152f0ed575,Germany,ios,Korean,18-24,2025-09-18
8e340f48-19a8-4cc6-a54e-02703f38f9ca,Germany,web,Italian,<18,2025-11-26
a936c51b-45e2-4409-b505-aa4ae620a320,UK,android,French,35-44,2025-12-03
23a58fea-eec1-4c55-87f1-97b1d757c646,Philippines,android,French,18-24,2025-11-07
89137a9c-106e-4acb-a14c-81c7cf95bc1b,France,android,Russian,18-24,2025-10-26
f9cb89ff-eb53-4673-ab89-fcbd80cda0a8,Philippines,android,Korean,<18,2025-11-06
ea039bcd-3bc1-47a0-a5be-c427cfae1cc3,Spain,web,Italian,35-44,2025-08-27
c46770e8-db81-4bd5-a89e-cc1c6f322185,France,ios,Chinese,<18,2025-11-16
64717113-87b6-494e-bb19-5f5ff09e2f54,UK,android,Russian,18-24,2025-08-28
6afb20f9-f11f-4701-adc5-65e20cbab45a,India,ios,Japanese,25-34,2025-11-01
16d17717-61be-4a61-ad3d-ce1b6e3e11a5,UK,android,French,<18,2025-10-27
2b1ebe4a-2816-4051-9298-369ec26efd94,Philippines,web,Japanese,<18,2025-10-23
6059981b-07f8-4299-9f5f-f586bf45c352,United States,ios,Japanese,25-34,2025-11-18
c4d86871-9940-4bc3-bcb1-49b12d321057,UK,web,Korean,35-44,2025-12-03
2b8126fa-d8f0-42fb-b1f7-4a82347b9607,UK,android,Russian,35-44,2025-10-01
2c34b793-0154-4ae5-9646-f5b1de28f037,United States,web,Portuguese,<18,2025-08-30
fffd5fcd-92ca-4ae9-8f01-ca9a79667fa9,UK,web,Russian,25-34,2025-10-09
c7f18f4c-926d-48fc-98eb-f4d14e65ec5e,Mexico,android,Portuguese,<18,2025-11-11
251d3dea-24b4-4c8b-be46-a49b05e615e1,India,android,Italian,25-34,2025-11-17
4b229404-dd36-4740-9a19-213130029207,Brazil,ios,Portuguese,18-24,2025-10-16
141e0d05-0e95-4694-8faa-d4783d56eb6b,India,android,Spanish,25-34,2025-09-26
a884fa8a-4ac7-4e9f-b640-2a8f808dbf69,UK,ios,Italian,<18,2025-09-04
7a087ee6-006e-4de7-86d5-3de2fc891616,Mexico,web,Portuguese,45+,2025-11-04
e0f0e3cc-f8b8-4fd7-ad43-9b22ed54ae03,France,web,Chinese,35-44,2025-09-30
7feaf1e4-f42d-4c6b-8941-faa8d39a21f0,UK,ios,Japanese,<18,2025-09-23
c23784ca-af58-4924-b062-cdbf89846f13,Philippines,android,Italian,25-34,2025-08-19
998580f3-35c6-4740-a8a7-3e7bcdc3afc0,Mexico,android,Japanese,25-34,2025-09-09
b3cdfbac-f333-444c-a9cc-56b2eaefeef0,United States,web,Hindi,35-44,2025-08-22
96052069-20ad-4e20-abd1-061e534f5c1a,Mexico,ios,Russian,<18,2025-10-19
9fd851a9-a763-4c65-807a-52252292e14f,United States,web,Portuguese,45+,2025-11-24
5256fbe0-6654-4994-8f5b-fd6e9a1e658c,Spain,web,Japanese,18-24,2025-10-14
2e948f3f-1681-4f32-9c97-13a906001537,Brazil,android,Portuguese,45+,2025-08-15
7a19d137-d519-4942-945e-aef71e2890cc,Indonesia,ios,Japanese,18-24,2025-08-31
4c5a133f-5521-4597-b1f0-1dcc65af74d8,Mexico,web,Chinese,18-24,2025-11-28
2bc259c5-b013-42b1-9574-6c3032fbadde,Germany,android,German,<18,2025-10-09
57c30a04-669d-43a3-80b6-8d1db006642d,Philippines,web,Chinese,18-24,2025-12-01
c9d0591e-2a32-4180-aa08-4ead9f52c413,UK,web,French,25-34,2025-10-06
4f3fbe84-a02c-417a-b0a7-1e634c70154a,Philippines,android,Portuguese,18-24,2025-08-08
0e5044c4-8575-4007-8740-f17d50b47c58,India,android,Chinese,18-24,2025-11-24
2e7eb007-8a81-4a87-a31f-2520da09298d,Indonesia,ios,Spanish,35-44,2025-08-15
65846e3b-3c97-481d-9d0f-fe4a9ccac79a,India,web,Portuguese,35-44,2025-10-24
be763111-2f34-4380-bc0f-c2bc06f9992c,Spain,ios,Korean,<18,2025-09-21
85cf3a0a-820a-45c4-9591-bf42c8be2c21,Indonesia,android,Russian,<18,2025-10-10
abda65fc-f268-4815-8960-7232969c0737,Indonesia,android,Russian,25-34,2025-09-21
0db8cca8-97ed-47c8-bd3d-c8c532f282b1,India,web,French,35-44,2025-10-13
eb259ab9-9bec-44a5-aeb7-5963fdeccf0f,United States,ios,Spanish,45+,2025-09-04
94a99158-60b7-4a2b-b6ba-e4f65a734639,India,ios,French,<18,2025-09-13
1f34c235-df0a-4444-a5a5-b542b5b227be,Philippines,web,Italian,<18,2025-10-11
3de22d15-b0e3-4830-832f-2d3b3d4295cd,United States,web,Portuguese,35-44,2025-10-27
b3c2f8e0-b441-4756-9069-e5aad6cd8f9d,Philippines,ios,Spanish,35-44,2025-11-19
0342a629-7bfc-46db-aed6-9b3b3a799e8b,Spain,android,Hindi,25-34,2025-10-13
e6dd3261-e82a-43ce-9775-3755db33e43c,UK,android,Japanese,35-44,2025-12-01
64221fe9-8cfc-4abe-91c1-f6c28536de9c,France,web,Korean,18-24,2025-10-23
5650024d-d9ed-4c92-acde-6959f91e18a6,United States,ios,Portuguese,45+,2025-11-12
e0fc5475-1403-4ae2-a657-1373ce150d4b,Spain,ios,Korean,18-24,2025-08-23
377c183c-6389-4136-897a-e99c0e2c34b7,Germany,ios,Spanish,18-24,2025-09-15
bd69f7b7-98da-4727-b053-6af002a14b2c,Spain,android,Japanese,18-24,2025-10-06
d16282c4-d68f-476e-94a4-87ce96b1609a,India,android,French,<18,2025-08-19
0fc04e4f-0c05-40c6-9326-d64d60ca2dff,India,ios,Portuguese,18-24,2025-09-06
45a94d48-608e-4043-894f-ace498bf64d5,France,ios,Japanese,<18,2025-08-08
5d01d362-6dd3-419d-8b75-dc2dd1718dba,Spain,web,Korean,35-44,2025-10-18
40cc47e4-5e0f-4586-ace3-a3b5410f0ab9,Brazil,web,German,45+,2025-11-22
8b68ccc3-1f04-478a-853d-984df66f99e7,UK,ios,Spanish,45+,2025-10-09
f553766b-81a0-425b-81db-5759dd101ed1,India,ios,Spanish,18-24,2025-08-17
fb053cf6-ee56-4333-bc75-b840b669bef0,France,android,Korean,45+,2025-11-20
0576daf2-42df-4da9-bcf2-cd1ccd801df8,UK,ios,Korean,<18,2025-11-02
7dd7e125-3403-4620-9ff2-acc23dee3db2,Spain,web,Italian,35-44,2025-10-09
8240d848-6acc-498d-9894-463f9ae1525a,Spain,android,French,18-24,2025-09-19
2a3106c9-0631-47dd-92e1-cc713a616854,Indonesia,web,Korean,25-34,2025-10-13
e01ac5f7-79db-477e-90cf-d924cee688db,France,web,Chinese,45+,2025-09-27
b15a2aa3-ea8a-4f87-b462-95aa68ae73e8,India,android,Russian,45+,2025-11-23
fe89e1d4-ad32-4ac8-8d48-a7f7c54ebc69,Brazil,web,Russian,18-24,2025-10-14
bb672109-7f02-442f-b1a3-be879b01c681,Spain,ios,Portuguese,45+,2025-08-14
ee1ead0b-38ee-4c7d-b4ee-ab8e3e911a85,Brazil,web,Hindi,45+,2025-10-25
44699f1b-59ec-497f-a2a5-bb979570f68c,Spain,android,Portuguese,25-34,2025-08-30
d9cd0a50-36b4-4f44-897a-612e8e197aed,India,android,Italian,<18,2025-10-21
0ce9f6b7-1c9e-4347-8f1c-cb4c9a92bbfb,UK,android,Japanese,18-24,2025-11-05
ffbdebaa-69f5-4b8d-bda0-ca4959af655f,Mexico,web,Hindi,18-24,2025-10-22
b7a14cc6-6808-479e-868b-c6b393257d05,UK,ios,Japanese,25-34,2025-08-26
18c131a2-df16-44bc-933c-f4ff75a3b1fa,Spain,android,Russian,25-34,2025-11-12
2577928a-9a2a-4c93-8699-69b60f835d14,Philippines,ios,Russian,<18,2025-11-24
c371f173-d3c6-4494-bc4f-d3eb027bf11b,Mexico,android,Russian,35-44,2025-09-29
04ede2d8-2984-4ed8-a0f8-153e0774f25b,Mexico,ios,Korean,18-24,2025-09-13
f66f897a-5a71-4655-bdd2-f857e690f10a,Brazil,ios,Italian,45+,2025-11-19
52a5f6dd-e405-43f9-841f-d5737bad6c52,France,ios,Chinese,<18,2025-09-27
02f134e4-0d49-4524-9488-e92ef19327b6,Brazil,android,Portuguese,18-24,2025-09-29
39a4eada-4a39-4bc8-a54f-1951881e9ee8,Brazil,web,Japanese,<18,2025-11-09
467d21e6-0c0c-4bed-86e5-58615b316d85,Philippines,web,German,35-44,2025-08-10
54743484-77a0-4f52-a7f3-30c62cdf5827,UK,web,Portuguese,18-24,2025-08-26
3e0f19da-adcb-46bf-b297-fbfc6dcba384,UK,ios,Spanish,45+,2025-10-20
aba717fd-a623-4c4d-b389-016648c51ede,Germany,android,French,18-24,2025-10-20
7afc7d0c-09a7-4b79-bf9f-3796a47b23df,Spain,ios,Hindi,<18,2025-09-01
a139d567-5aef-4c87-be54-e2a506943e87,Philippines,android,Japanese,35-44,2025-08-21
423c58e3-0227-4359-ba18-cdd8f926a7ad,Germany,ios,Italian,<18,2025-09-12
69869865-0a23-430d-9c04-120da42bf96f,India,android,Russian,<18,2025-08-21
d64f0169-d083-407d-963a-a1d23d18ef35,Spain,android,Spanish,25-34,2025-11-15
22454013-ec73-47b2-8162-5935598189c6,Spain,android,French,<18,2025-11-03
dafbbc65-471d-4575-b3d6-5514af254fff,Indonesia,ios,Japanese,35-44,2025-11-20
3dc2da3e-5cbe-44dc-bd9b-be6c283f81d1,Indonesia,web,Chinese,45+,2025-11-15
093304a8-85e6-4d9e-9655-cf696bafed6a,United States,ios,Russian,25-34,2025-11-01
60427cbd-04f2-4667-9725-ca6947e45a42,United States,ios,Japanese,<18,2025-11-08
e537471b-8a9c-44de-a471-f5828eb53928,Brazil,android,German,18-24,2025-11-11
8ea61f1e-0be1-48c0-8d23-40d63449a43c,India,android,German,25-34,2025-09-17
bf0dbbd5-08f0-458f-a8d4-8ac6131d8d85,Mexico,web,Italian,35-44,2025-11-14
fde5562c-ecd6-4b2e-b546-4f1db98c2f1c,Mexico,web,German,18-24,2025-08-28
646c65ff-749b-499f-a684-88d8f4154387,Indonesia,android,Chinese,35-44,2025-08-28
0aa01a57-95e0-4375-ad21-bd09ffa9a00d,Indonesia,web,Italian,18-24,2025-09-11
59a508e5-4dba-4114-b591-f37821835783,Indonesia,web,Hindi,45+,2025-11-24
cb0dc1a0-d033-4d10-b439-33af884cdbb3,Philippines,android,Chinese,35-44,2025-11-11
adfc5345-ecc4-4e21-948c-eeddc95c530a,France,ios,Italian,18-24,2025-08-27
8cb743dc-4b95-4824-a783-dc223290aa52,United States,web,Chinese,35-44,2025-09-14
6592f4d1-ce46-4d82-8f11-1e97fa3fc4b0,Philippines,android,German,25-34,2025-10-01
dc7d6f8c-91a8-4b96-818b-60dc3534bfe8,UK,web,Hindi,35-44,2025-10-05
fa413d1e-813f-4039-8b1c-9b08ca836969,Mexico,web,Chinese,35-44,2025-08-29
7d2e8cc0-51d0-4690-9618-f6acbde41b7b,Spain,android,Hindi,18-24,2025-09-22
62617d56-2700-45be-b05e-72cc72b5c625,United States,web,French,35-44,2025-08-28
cee1b2c5-e41f-438f-8c04-21d6b8ffaafc,Germany,web,Chinese,45+,2025-09-20
16e3a47a-db1d-4c71-bcff-89d96df99c15,UK,web,Portuguese,<18,2025-10-07
05210d72-6d89-4448-90bd-28154d863f9f,United States,ios,Russian,25-34,2025-09-07
3fd62514-dda4-4eb3-97dc-166c28d82fe3,Philippines,ios,German,18-24,2025-08-07
834b6099-ffaa-40c5-9259-75ff914fa06b,India,web,Japanese,35-44,2025-08-13
0c6e233f-ca73-4f64-881a-67dc467566e2,Spain,android,Hindi,35-44,2025-09-22
9e6c06a3-2492-43b7-abcb-bb3b60a522b9,United States,web,German,35-44,2025-09-12
8bdd98d4-c312-4bfd-9c89-e3e35f23fc6a,France,web,Spanish,25-34,2025-09-13
34593ced-8d3e-4fbc-ba70-88f2042a68f7,Indonesia,ios,Portuguese,<18,2025-09-15
16a96d11-5799-4c77-bca6-2968ecae9685,Indonesia,ios,German,45+,2025-10-23
1ecf9085-818f-4c29-8247-2b4fc450f390,Spain,ios,Russian,45+,2025-08-15
4048ad70-e593-4438-8995-3ed711c7f815,Philippines,web,Portuguese,18-24,2025-09-14
4233c0f5-63e7-4468-84ff-d697c6d1fded,Indonesia,web,Russian,<18,2025-10-24
a2ccaf7d-e6ac-4c46-9b4a-761a42558d21,United States,android,German,<18,2025-11-14
3a22d861-a2f1-4f0b-bafc-9cb1843468ae,Germany,web,Portuguese,25-34,2025-10-08
c91cb6c2-f702-45f5-9dfb-bb45d54c32ee,Mexico,web,Japanese,35-44,2025-11-25
7714534f-070c-4bfb-9c20-2bc9f8fd21eb,Mexico,ios,Japanese,<18,2025-10-04
38d41524-a3ae-4f5e-9584-b6f32aa74720,UK,ios,Russian,35-44,2025-10-08
8ed9280d-aa89-4306-904b-84812b040a21,Brazil,ios,Russian,25-34,2025-09-14
c4bb6c6c-591f-40af-b974-00d3b59aafa4,India,ios,French,18-24,2025-10-26
4eb0930b-941d-44e4-b0bf-4d8e0222cd7c,Spain,ios,Japanese,18-24,2025-08-24
1ec00fe8-b7a8-4228-9a0a-9da8bb144b0d,UK,android,Japanese,35-44,2025-10-29
dc67fd5f-b6b7-41d3-82aa-11a27735d3f7,Brazil,android,Hindi,35-44,2025-09-19
2503ff13-bab5-4414-8d88-46bce17f9f26,Philippines,android,Italian,<18,2025-11-26
b2e8bfec-55b2-49e2-b2b2-b21d31dea639,France,ios,Chinese,25-34,2025-10-19
d3728a1c-304b-421c-af70-7723e35cd48e,France,ios,Hindi,18-24,2025-09-30
cf932c9e-5086-4ae7-9a3e-0a68abb2710d,India,ios,Russian,<18,2025-11-24
bf2faca8-53bb-4f5f-9c3a-b7a92e0f0e63,Indonesia,android,Korean,45+,2025-10-25
98aa480f-e901-4b74-af96-b92f14873c3a,United States,ios,Chinese,<18,2025-10-05
e21387ac-ed9a-4e79-8980-9174b80efc20,UK,android,Korean,35-44,2025-10-07
72da0ba0-ddf4-40c4-9400-fea6a2184885,UK,ios,Spanish,45+,2025-11-29
addfed87-1708-4ea1-a2ff-4d908493653b,Spain,web,Russian,<18,2025-11-26
0847ae53-5108-46af-950d-b42b835ee6ae,Spain,android,German,25-34,2025-10-17
9ed931dc-117a-41f7-b0b8-e1dc25fece93,France,web,Italian,18-24,2025-08-19
a86ad159-78f4-4c7c-90ef-6d779976a305,France,android,Korean,45+,2025-10-28
c148e747-4bae-4026-b32d-2f4f827cca32,Germany,ios,Chinese,25-34,2025-11-24
47340589-da38-4d23-bd5a-dddee3a69c20,Germany,ios,Russian,<18,2025-09-12
9fbbd9c8-8571-446b-aebb-1e9618d9566b,Indonesia,web,Hindi,35-44,2025-08-15
5280e636-1506-4a2d-91ce-198cac0c26ca,Germany,ios,French,35-44,2025-08-16
f8cc5e93-b0df-42a6-84c5-2ee5552034e0,United States,android,Portuguese,25-34,2025-11-22
28d51493-9b92-40b8-9308-c7efdcd61ece,United States,ios,Japanese,35-44,2025-09-16
22f3d130-7b6c-4c0f-8cab-3ca75b4c8e19,UK,ios,Italian,18-24,2025-09-18
e62c0d4b-be9b-4559-baad-e9df746fdf95,Mexico,android,Italian,25-34,2025-09-30
541bea64-86a4-4ca1-935d-b2430bec681c,United States,web,Japanese,25-34,2025-10-15
f69634dc-124d-48bf-9c7c-78f034cbef79,Brazil,web,Japanese,35-44,2025-10-05
021b7f6d-cb2b-4356-bfe7-eb6ffc941c18,France,ios,Japanese,25-34,2025-09-20
2d326d5e-285d-44da-8913-1b083b14e51f,Spain,android,French,<18,2025-09-24
55e923fe-88ce-48c6-8d3a-a75363151f02,Germany,web,Spanish,45+,2025-08-24
f34bfb30-d3bb-4698-937d-f13db8fca3f5,UK,web,French,45+,2025-08-31
4d7768c5-2cfd-45fd-be01-ef0b7e37af94,India,ios,Hindi,35-44,2025-08-11
5e89c298-b7a8-4bc2-88fc-8565e67e3e99,Spain,android,Spanish,18-24,2025-11-28
97f273c5-3a28-4b75-a9a4-b90d0f3b4ad5,Brazil,web,Portuguese,18-24,2025-10-07
491c2cb1-d52d-4962-ba39-181ab45a9cfc,Germany,ios,Japanese,35-44,2025-08-09
2ca00122-0cc4-4b98-9f16-c166b9dc8dcb,Brazil,ios,French,35-44,2025-08-22
ee806ae0-8a4d-40f0-b654-e157ba134f86,France,ios,German,25-34,2025-09-21
854fdc45-e64a-4dec-a38a-932dd6163659,France,ios,Hindi,18-24,2025-09-11
a29224ae-6514-474b-86b4-164c0d35d32b,Indonesia,web,Portuguese,45+,2025-11-09
f0f468f1-9a1d-4e4a-beca-7dde8fd74ad3,UK,android,Portuguese,35-44,2025-10-23
38e26a36-8a68-4849-a855-d759b77de223,Spain,ios,Chinese,45+,2025-09-17
80392506-3b22-4666-9436-e8160489dcd4,Philippines,ios,Chinese,45+,2025-10-04
6bba0dd4-3580-41f7-8cd3-0528539004d6,Philippines,web,Portuguese,18-24,2025-09-30
06c22c5e-6fe8-4ce0-82e9-403ad823a583,Spain,ios,Spanish,45+,2025-11-14
7f8aff6f-52fa-4a75-8cfd-a39ba0ca452b,India,ios,Russian,25-34,2025-11-26
b9efd05a-540f-407f-a76a-00a1eec8daca,UK,android,Hindi,25-34,2025-10-07
28c6fcb6-64bb-4ce9-9f4e-a8cce4d31da0,Brazil,ios,Chinese,18-24,2025-11-20
f7cb9bba-9afe-4156-b5e9-4eb36de0c995,India,web,Italian,25-34,2025-08-22
877823c4-d944-4a19-a38f-5b8c81da7086,Mexico,android,Japanese,35-44,2025-08-10
6442b26e-7f98-4fc1-823c-d6ba6cecb9ab,Spain,web,Hindi,18-24,2025-08-18
859d9f83-c551-4755-9322-aa7d53021125,Brazil,android,Portuguese,45+,2025-10-21
418d7b70-05f6-4d06-ab3e-620a7ea5ea6b,Philippines,android,Portuguese,35-44,2025-09-03
f1268269-9b40-47d5-aba4-1ef04231378f,United States,ios,German,18-24,2025-11-23
42d5c2ce-5383-4495-b1f6-bf877f43559c,Indonesia,ios,Russian,45+,2025-09-30
91b3c9d3-507d-44db-bbb3-1c2f83fedd29,Philippines,ios,Japanese,45+,2025-09-12
333874bc-03ba-4fa4-85c8-4dad3ee25817,UK,web,Italian,45+,2025-11-11
22b8882b-5415-4a10-99a5-d758a90319c8,France,ios,Korean,45+,2025-11-28
195a5c53-e7c9-4a91-b62c-40e76b87fc80,United States,ios,Chinese,45+,2025-11-02
3eb7b492-7cbd-4bea-96d6-bb8797d5ffcc,Indonesia,android,German,18-24,2025-09-04
2c00d5df-cd82-40cf-bc1b-067c1ea3ad43,Indonesia,ios,Portuguese,25-34,2025-10-08
b3b95d2f-6509-4432-9daa-1cce6c031a09,Mexico,ios,Russian,45+,2025-10-08
941a545a-2c1b-45d5-b5a4-599a81e742de,Mexico,ios,Spanish,35-44,2025-09-27
aaa3dfc1-1cde-4ea1-9f98-a994ffb26510,Germany,ios,German,18-24,2025-09-28
eea71c8c-fdef-41f1-b3eb-11cb8726bf0d,Philippines,android,Russian,<18,2025-09-16
c13279e7-e781-4e7c-b195-152475d9789d,Philippines,ios,Hindi,25-34,2025-11-13
422ebfd2-5924-46f3-9c70-8c4381b5155b,Philippines,android,Hindi,35-44,2025-10-18
7487eb3c-7f3f-4b87-8905-05e284ba7216,Germany,web,French,45+,2025-10-17
ae9e3bf5-2791-4e30-bac0-5183d968c5e0,India,ios,German,18-24,2025-08-08
e8a7e892-beb3-4962-a7f5-b3182105ad50,Indonesia,ios,Hindi,18-24,2025-10-28
1aa90c40-436b-4f8d-812c-f8f8a7986e74,United States,ios,Portuguese,45+,2025-10-15
8d3a9107-ddd4-4b5a-904a-88c6b6c9ef65,UK,android,Hindi,35-44,2025-10-12
c85af88d-046f-4629-9f5d-75b695a74fa9,Indonesia,ios,Russian,18-24,2025-08-26
e794454b-304c-42c2-aaa5-09a66db160a2,Mexico,ios,Korean,25-34,2025-10-21
8a784651-0551-441e-8538-9a2f997f47d5,Brazil,web,Chinese,35-44,2025-09-08
e78e0bf3-56b1-4a6f-8138-d10d8881b11b,France,android,Portuguese,45+,2025-09-18
5b32b360-6699-4ab2-8bea-3f67ab2b1e46,Germany,android,Japanese,35-44,2025-11-27
27aae2a5-6b96-4d56-bdbb-9f1cf417a6ef,Spain,web,Russian,35-44,2025-08-24
ae36b9f2-c140-48be-9cae-345b4db4bb39,Brazil,android,Korean,<18,2025-09-14
c8909bd5-80bc-4115-88a8-cbf71ea47d3c,UK,ios,Hindi,45+,2025-09-12
eedf0ce7-acfd-4bb5-af99-5de16cee5c9b,Philippines,ios,Italian,25-34,2025-10-22
e123356b-07f4-4622-88c4-b5d5e0fcb11e,Mexico,web,French,45+,2025-11-25
3c798c6d-33cd-4183-b0a5-812578e90611,Mexico,android,Korean,<18,2025-10-22
b78103bb-0546-4467-b699-bf35661f3e83,Mexico,android,Hindi,45+,2025-11-21
7b08d856-defe-4d95-8fd0-ca9ca67137d0,Philippines,android,Korean,45+,2025-09-23
2bf007a7-fb72-4dfa-a1e8-d6d10f5febd0,Spain,web,Korean,25-34,2025-09-08
6091bb6b-67f6-41d3-b0c4-078295d8b046,Germany,ios,Russian,<18,2025-10-15
9017e063-3add-481c-8400-93f6780a1fbc,Brazil,web,Italian,45+,2025-10-28
5dbc0318-1a3b-48e2-a552-a0b93a41595c,Philippines,ios,Hindi,45+,2025-11-01
dc433cac-b72b-4784-bae5-76751eab9adb,UK,web,Italian,18-24,2025-09-02
9298cc94-6e11-4eba-9f51-4e8ee48900d9,Germany,ios,German,45+,2025-08-16
3f519d21-e6cb-4aca-94e9-321bcbcf1985,UK,android,Russian,25-34,2025-09-10
1663435e-2681-43a6-8f9e-bfbfe5a8f304,Germany,android,Chinese,18-24,2025-08-09
28450d1a-0bb4-45bb-b724-27ea705988f8,Spain,android,Chinese,<18,2025-09-17
2068ed54-9833-476b-b471-1e12ea18a835,France,web,Korean,35-44,2025-08-14
6b86cd2d-ea6a-4511-a20a-ff5db6c100f5,UK,web,Portuguese,25-34,2025-11-14
4adc7bfb-6365-4ce2-a4a0-714d419a539d,Philippines,web,French,<18,2025-10-22
add7dc4e-2607-4586-a63f-9053ae6e33bd,Germany,android,German,18-24,2025-11-23
bc7c2806-bcab-4e22-9360-85f8aeea621c,Mexico,ios,Russian,35-44,2025-09-20
019b9336-b8ef-4a5f-8a46-6f84f9ca47d4,Indonesia,android,Portuguese,<18,2025-09-10
e7abef4d-d1b2-4a43-ac93-8335dabfbe43,Mexico,android,Spanish,25-34,2025-11-15
d5d2692e-7029-4273-8d29-362f57ed4df8,India,ios,French,18-24,2025-08-08
a4f5a3b0-90b2-4aa7-b38e-de13e0088bfc,France,ios,Chinese,25-34,2025-10-20
24ffafe9-aacb-494e-900b-5801f1cc81e9,France,ios,Chinese,25-34,2025-10-25
871b8203-ce70-4ce1-89f2-dbb79915e885,Mexico,ios,Portuguese,18-24,2025-09-11
c1f14da8-562c-471e-a245-1e1bfd4710f8,Brazil,android,German,45+,2025-09-05
214334c3-1b27-4c8b-b011-cb433ee5aff4,Spain,web,French,25-34,2025-09-10
f1abea6b-741c-4b65-97c8-061338d55fad,UK,android,Portuguese,18-24,2025-10-14
a6a3c8e5-943b-4dd9-a798-af2f476f2e10,Philippines,ios,Spanish,25-34,2025-11-17
4c65793c-a7f0-4284-af9d-8ca9afe43970,France,web,Russian,45+,2025-09-18
a32c709e-dee2-4b21-a75a-d45ab828121d,Mexico,web,Portuguese,18-24,2025-09-04
ea2ee703-4dbc-4bf7-94c8-08f8e6ecf968,Mexico,android,Korean,<18,2025-08-05
add5c332-b609-4773-a89b-14195b78e3bc,Spain,android,Hindi,<18,2025-11-23
95a55ab2-7f2a-472d-8b3f-01097e9a2157,Spain,android,Korean,<18,2025-10-25
973b0df9-e3a2-4ee8-8805-cacde910cb2d,United States,web,French,35-44,2025-09-23
38f98acf-b5ed-4cec-8b5e-5e5e61296294,United States,web,Italian,25-34,2025-10-16
81ebbc73-d021-44b2-b23c-41de2cdf51ab,Brazil,web,Korean,25-34,2025-09-12
489d654b-9a7d-4624-b10a-8efdf20e2ca5,Brazil,ios,Hindi,18-24,2025-08-24
5bb69cf6-3856-46e6-84f0-2dbf436ee747,India,ios,Korean,35-44,2025-10-22
b620d65b-e553-43cd-8327-a373b4a5dbe9,Brazil,android,Portuguese,25-34,2025-08-21
6d314ecf-c312-4522-9079-6b46f9f16c70,Germany,web,Hindi,18-24,2025-11-17
319ad78a-938b-4e26-a72f-96e9cce6f8d6,Spain,android,Russian,45+,2025-09-09
ed28aead-fc66-4a14-ace5-447d4c5e1ed0,Philippines,web,Italian,25-34,2025-09-05
b1527099-551d-439d-8d7b-c9a3224a9d03,Germany,android,Portuguese,25-34,2025-08-19
c89822d1-11d7-4748-8cae-af679a261ef0,UK,ios,Spanish,45+,2025-08-31
5d7ce955-4bbb-4506-8f16-655ee48e6b77,Mexico,web,Spanish,45+,2025-09-07
fdbff723-ae02-4ca7-a472-611f48a9f1f9,Brazil,ios,French,25-34,2025-08-09
3e434251-1abf-4d08-bfc7-639a90d37d63,Mexico,web,Japanese,45+,2025-09-27
d15d6701-7616-4856-9ffc-c52f92b0c4b1,France,android,Korean,18-24,2025-11-22
9b27d2e0-96f3-4857-be63-f3fb776fbe1d,India,web,Hindi,25-34,2025-09-12
51db23c0-e31b-4eda-b750-a3e46703a26b,France,ios,Portuguese,25-34,2025-09-09
15580919-5f45-4a6c-98fb-3ab8f8a9ea7d,India,web,Spanish,<18,2025-10-10
4a34e511-4b6f-4993-873d-d910fbeb3707,United States,android,Italian,25-34,2025-09-29
c0d78588-f73e-4994-bd6c-8aaa4274ea46,Mexico,web,Japanese,<18,2025-10-18
229df6b7-2c79-41a9-9a98-537703bf7f4e,India,ios,Italian,45+,2025-12-01
54173c4a-f245-49f6-80bb-fdc5da9277a6,Indonesia,android,Korean,45+,2025-10-18
70f40942-6e4f-4e01-87ca-12a196f3cac3,Germany,ios,German,18-24,2025-10-25
b8a23632-da5e-44cc-b215-930b0d8a5948,India,web,Japanese,<18,2025-11-10
a818ffc6-306b-4228-82f5-c519fdc56305,India,ios,Chinese,25-34,2025-11-06
1de30fec-84c9-4482-9b4a-f7aef8d988e1,Germany,web,German,<18,2025-10-21
35a9066c-ffc8-485a-9662-7f50e9d78782,Mexico,android,German,45+,2025-08-27
c626ff7b-be5e-480a-bff7-fc905faed2fa,Mexico,ios,Korean,45+,2025-10-02
111223e1-1155-4c39-bc06-1c69cdecec78,Germany,ios,Italian,18-24,2025-11-09
9370d2b3-365f-44e8-8c99-587137e475e4,France,web,Russian,45+,2025-11-05
afb457d0-9eda-49aa-b486-96f39904ccf1,Indonesia,ios,Spanish,<18,2025-11-16
803a1800-430a-419a-8a65-ff5a095f3b55,Philippines,ios,Hindi,25-34,2025-11-14
21e0bd35-c400-4f55-b0e9-7610e33c17b2,UK,android,Hindi,25-34,2025-11-24
e9b6fa05-d128-4977-8191-6c706a528975,Indonesia,web,Portuguese,<18,2025-10-27
b5d1c9c2-205a-41e9-b26f-efc59d60c207,Mexico,web,Portuguese,18-24,2025-08-17
840e5694-36d9-4fd4-b3fe-a0f252e262ad,Philippines,android,German,25-34,2025-08-25
7e4e2da2-dc61-4a95-b61c-8dd99bb637e6,United States,android,German,<18,2025-11-21
5691c730-97bb-46df-94d7-c5a2e58e5a5a,Brazil,web,Russian,<18,2025-09-30
28454ade-5af9-48bc-9c26-b04a74860f0f,India,android,Korean,45+,2025-08-27
01003571-dc5b-49e4-8583-ffa3b6aa40ed,Germany,android,Spanish,45+,2025-09-25
3a6eb7d0-323c-4ea8-b80d-907beecc9fd0,Germany,android,Hindi,18-24,2025-08-19
8ffa1280-0d45-4241-9f98-03bcbff61059,India,web,Russian,18-24,2025-08-31
3b3c7935-b680-4810-bd0f-2584bdbc3a97,Brazil,android,Hindi,18-24,2025-08-12
0e48d779-d754-449d-b44e-071443391dc5,UK,ios,Chinese,<18,2025-09-27
77573600-a17b-4a88-80af-7e29da606c22,Brazil,ios,Portuguese,<18,2025-11-29
4fd899cf-df27-40a0-a2ca-1a2a5b7c1e72,Philippines,web,Chinese,45+,2025-09-10
f2a7ee9a-67fd-4c80-8911-57fdc9765186,Brazil,android,Spanish,25-34,2025-10-21
f6d5470b-7914-44c6-91f8-43ff2ad05efe,Philippines,ios,Spanish,18-24,2025-08-13
4adc0c32-493d-4f25-9d57-875035166374,Brazil,web,Korean,35-44,2025-08-27
abd32697-5133-40c6-8342-ec49ec79d009,UK,ios,Japanese,18-24,2025-09-15
a4ef8fab-767c-44d6-83d8-61975594469c,UK,android,German,45+,2025-11-17
242f50c7-4d25-4754-a3fd-7af61f6c8c45,Mexico,web,Portuguese,<18,2025-09-18
504de4c9-d6ea-4b4d-99ce-a6eda3e30c4f,India,ios,Russian,45+,2025-10-16
1b703d3c-7931-4c1a-b641-b796e3cc2b58,UK,web,Korean,45+,2025-11-14
cb0bbc97-466f-4f0b-af0b-205cccf6fc4f,Philippines,ios,Russian,45+,2025-11-13
bf607650-b098-43cf-b139-9bba721af74a,UK,ios,Japanese,35-44,2025-11-10
ddd0633a-f6cc-423e-8b42-c89056e653fb,Mexico,android,Korean,35-44,2025-08-19
d7967599-5229-4c10-8125-ed4817a447bc,Germany,android,Italian,18-24,2025-09-06
e23e4e20-f41c-4bfb-98dd-05b7ac5b959b,Philippines,ios,Hindi,<18,2025-08-27
d22aedd6-783f-43ce-9bf9-94541946b665,Mexico,web,German,45+,2025-09-15
5e62e7e5-584d-44fb-a04c-c833aeff17a4,France,web,German,25-34,2025-08-22
eab8491b-fefb-4e6a-b3a1-8ceaa70c2be3,France,android,German,18-24,2025-08-10
9e868caf-7232-4fa4-8243-d426a8b31fbc,United States,ios,Chinese,18-24,2025-11-12
9f14f1aa-580a-41ba-ba86-ff63b2c119b1,Brazil,android,Portuguese,45+,2025-09-02
457b2837-0ab1-456b-abb9-afabd2cbd1e7,India,ios,Korean,18-24,2025-10-08
15dc8060-7b23-4794-846b-3daf2799d2b5,Spain,ios,Korean,45+,2025-11-28
4049f7cc-8e3e-4015-82b5-b93b7ee257b9,Indonesia,android,Chinese,18-24,2025-10-12
9eac0282-7982-40b6-bc58-6d34d9e845b1,Mexico,web,Spanish,<18,2025-10-18
47c0b4a4-2674-4d40-b538-9a32af17018c,Germany,android,Portuguese,18-24,2025-09-08
f9931af3-b850-4851-9663-e7f4c002e2d8,Indonesia,ios,Japanese,18-24,2025-09-02
84c39015-2949-45bb-a0d1-8f095190f664,Germany,android,Japanese,25-34,2025-11-03
f15028c0-09b0-4f1c-a080-68ae77277d16,Indonesia,web,German,<18,2025-10-08
28052216-7cdb-4b45-9818-1ac602343f39,Mexico,web,Korean,<18,2025-09-16
4939a890-4b9f-4733-95b6-6ec7e12cf85b,Spain,ios,French,<18,2025-10-28
a55b6111-3cac-41f1-bff3-2a1469ebcd34,Indonesia,android,Spanish,18-24,2025-08-29
e5549562-3830-43eb-9a94-25cbc02c429b,Mexico,web,Russian,35-44,2025-08-30
4d448aba-e6ea-4522-9480-83dd68e66406,UK,android,German,18-24,2025-08-25
a6c355aa-641e-4056-be84-abb3208ae11e,Spain,web,Japanese,45+,2025-10-07
4486046a-9ae1-4298-b60b-1aa349b78781,Philippines,ios,Japanese,25-34,2025-11-04
fe396d1e-ae7f-427e-b558-f2f3fa4f5093,Germany,ios,Portuguese,<18,2025-09-26
0db6a9bf-c3d2-4ea8-a057-04f5006dec4a,France,android,Spanish,45+,2025-11-03
804d0c33-9be1-425d-a232-1bbbbd0123e4,Brazil,ios,Spanish,45+,2025-10-25
b7616d3a-35c6-4ed3-959c-8f128163e3ee,France,web,French,35-44,2025-08-22
ea75c026-e63f-4071-aba7-e74ae15adf93,Spain,ios,Japanese,<18,2025-08-25
e754046a-9617-4cbc-9796-97b17dce6ef3,Philippines,web,Hindi,18-24,2025-10-04
64e268fb-4fbe-46ba-a18a-5e85f5c38bd3,Germany,web,Portuguese,<18,2025-08-10
4c51e039-686e-446a-bf6f-f5ef02df3c3e,Philippines,ios,Korean,25-34,2025-08-19
ed11d51d-d80b-4c6b-ad4c-0d54e9661f9c,Indonesia,web,Hindi,<18,2025-11-09
f8504eb9-a560-4ad4-be31-fd5f383dc34b,Germany,web,Italian,45+,2025-10-17
576b8d7f-5732-4b07-a99b-74c24fa80f1a,Indonesia,android,Portuguese,45+,2025-09-08
6c32c24c-fd07-4e34-887b-2eb0cc29167b,Mexico,android,Russian,18-24,2025-09-21
e418e2b8-bde1-4955-b22b-9e638480033e,Spain,android,Korean,18-24,2025-10-08
cb416224-424d-401c-8e1a-2d6881b84bd2,Mexico,ios,Spanish,18-24,2025-10-05
f53e5222-a00a-4c09-9450-5e723633d869,United States,android,Korean,25-34,2025-08-27
285ded4a-254a-4c8b-9273-a3254547f38a,Philippines,web,Portuguese,<18,2025-10-28
d71f960b-e9f4-43bb-a3e1-03736a47386b,Indonesia,ios,Japanese,35-44,2025-08-26
6f1b3e16-5f76-4c25-89ee-8b9e49e56eb0,UK,ios,Italian,<18,2025-10-16
99365dd5-f737-434c-9f69-858573fc5acf,Mexico,ios,Spanish,18-24,2025-09-30
46582326-4381-4d48-94bc-a279bb2c6baa,United States,ios,Hindi,25-34,2025-09-27
06cbb081-8615-484e-9638-da3fe8e3bdc0,India,web,Chinese,<18,2025-10-11
94ae2158-106b-4cc4-85dc-f9c98cb326f1,France,web,Italian,45+,2025-11-13
2c8adf7c-63fc-4010-9f3d-eae78edf3622,Germany,android,French,<18,2025-08-21
cfb731b8-c998-4f96-a43e-2eff879db6fb,United States,ios,Chinese,45+,2025-11-08
579951db-5629-4021-a49b-d98671ecc287,Spain,android,Russian,<18,2025-08-23
ac6f1381-43d9-49ce-ab0b-882aa8785b71,Mexico,web,Hindi,<18,2025-09-17
69b13346-5b85-4d7c-a9fd-ae73801e560c,Spain,ios,Russian,<18,2025-11-16
a6c9ba52-1d60-4090-bda0-dcb0e5d0ee3e,France,web,Korean,18-24,2025-08-14
a519bfd9-86b4-4412-a8d8-709291de1068,UK,android,Japanese,45+,2025-11-01
8a708972-e6f1-4a68-accd-c0d9b2e86ac8,Philippines,web,Korean,25-34,2025-11-27
09b79b13-d9a4-40c6-b011-ff42edc164c4,Philippines,ios,Japanese,35-44,2025-09-12
8e7efc73-2ef8-448b-98c1-201db250cc14,Spain,ios,German,45+,2025-10-03
339609c9-dada-4db1-a9b8-689bd854dea4,Indonesia,android,German,18-24,2025-08-14
562ba991-44bc-4c0a-97c7-518534a1aeb3,UK,ios,Russian,45+,2025-10-17
5f546390-ab89-4517-833c-48741fb79973,Philippines,web,French,25-34,2025-09-24
eb7d8a14-a06a-4e50-8052-7a107782b284,UK,web,Russian,45+,2025-08-06
cfe2c2cc-22cd-4235-b6dd-7002cdd49ab9,United States,web,German,18-24,2025-11-20
70629251-ad10-4581-a9ca-54c8e1c8711c,UK,web,Chinese,18-24,2025-09-03
089c039c-c6ef-47a7-9e47-f2db8bf502e7,Brazil,android,Chinese,35-44,2025-08-17
78dc741d-62f9-41ea-a7be-74dbd654f584,France,web,French,25-34,2025-09-28
081a8d2d-f224-4ede-9ce0-a94aee325dc1,Philippines,android,French,35-44,2025-08-17
e3d91d45-8dd7-45a4-ada5-07ae29a151bc,UK,web,French,<18,2025-11-18
683840fa-0a73-4ec8-b3c2-0111eb469455,Spain,android,Russian,18-24,2025-10-28
6fae5f67-5fac-4c02-be01-6b15d7353446,India,web,Hindi,35-44,2025-11-23
4557e5a4-849f-4f73-9465-04faace4aa91,Brazil,web,Portuguese,18-24,2025-08-28
378e1a2b-0473-4f71-8caa-c1bd2056ce0f,Brazil,android,Spanish,18-24,2025-11-13
01a6cc2c-019a-4f46-9505-ccbf7b4fc17e,Indonesia,ios,French,<18,2025-10-30
95fdd8f4-4504-4cf3-b4bb-c1cafacb585b,UK,ios,Spanish,18-24,2025-10-07
7a6f4ebb-aef8-45e9-b45e-d6fc1cf0166b,Indonesia,ios,Hindi,35-44,2025-08-10
acfcecde-fa36-4176-9c47-315a9a993095,Indonesia,android,Portuguese,25-34,2025-09-29
38f2dee1-7a36-4617-bc5a-490c77bad08a,India,ios,French,45+,2025-11-15
e8cd43b7-6226-4cda-9701-9b75de4ad28a,United States,ios,French,35-44,2025-08-19
0ee00880-76c8-4e48-9b59-e0beaa69ca0f,UK,android,French,<18,2025-10-09
6eb69f2a-b7f8-4dda-8f96-470ef7691669,Mexico,ios,Chinese,45+,2025-11-22
5c5fad3f-f7ee-4713-842f-0e14f5a55348,Philippines,ios,Hindi,18-24,2025-08-09
3299e2fa-af1c-4b08-bb36-fefe2eee55e8,Indonesia,ios,Spanish,35-44,2025-11-05
991d1ebb-e6b6-4bff-85b7-513fb85ba31d,France,android,Japanese,45+,2025-08-21
8992f2a0-fa67-49de-a558-5d5de2ebdecf,Germany,android,Japanese,35-44,2025-10-07
e6075cf0-b3e9-46f1-be9b-e36ea90bf365,France,ios,Hindi,18-24,2025-08-12
d16d5591-82c6-48d9-bc1f-1270a5857da2,India,ios,French,35-44,2025-10-20
0fd1d408-0877-4768-b81c-fed64c411c7c,India,android,Japanese,<18,2025-08-06
638ceddb-8f88-4fd1-b91f-437bd894ba89,Spain,ios,Spanish,45+,2025-11-30
09b345c5-e7bf-4f09-a4e5-f835f897865a,United States,android,Japanese,45+,2025-10-11
b85365ae-6523-4c71-84e4-a9b492504641,Philippines,ios,Spanish,45+,2025-11-27
0b3fa50e-4782-4dfc-8ea4-7ba4e57ca709,Indonesia,android,French,35-44,2025-10-14
f835dc14-5775-43ac-a929-210472685702,France,web,French,18-24,2025-09-30
9d3b29a7-72b1-42b5-a931-34ab2baa8278,Germany,web,Russian,35-44,2025-10-17
85c99dcc-bddf-4bbe-9d57-a7c1ffc1566b,India,android,German,35-44,2025-11-03
dc9f1ccb-5b8e-4adf-b0fd-581bb8b77240,India,web,Chinese,45+,2025-10-15
20362633-7b77-425f-a69b-8284e1c03299,United States,ios,Portuguese,18-24,2025-11-23
442a135a-b58c-4b83-b657-bdfe86f54262,Germany,android,Portuguese,25-34,2025-10-17
f01f4c76-eda5-4a32-a6b6-31ac80d8a379,Germany,android,Korean,18-24,2025-11-05
af029ef0-661d-451b-856b-52c6fc477e35,United States,ios,Chinese,35-44,2025-11-30
75c2196c-c505-4178-b936-a9bba2fdc0ea,India,ios,French,<18,2025-10-24
7d1e9865-ad68-442c-b4c8-655a91acdece,Philippines,android,Portuguese,18-24,2025-08-06
8a4fd77d-6dd7-47e8-bedd-cbce15b202f4,UK,ios,Spanish,45+,2025-11-21
56ebc13a-494e-4210-9957-06aaf2025ce6,UK,android,Korean,<18,2025-08-18
0be21509-197d-4c3b-80ce-f73f9abcb0d2,United States,ios,Japanese,25-34,2025-09-03
6facb269-be5e-496a-aa88-11d540f40083,Germany,android,Japanese,25-34,2025-09-11
a467b70b-4eac-499b-ae7a-ff3ee5d28411,Indonesia,ios,Korean,<18,2025-10-22
f77d2f75-5bd6-4e69-86c9-1081f3baaa9a,United States,ios,German,25-34,2025-08-24
8c9c82e9-9b5a-4d4b-80e4-8eb3440ee8a3,Philippines,web,Italian,<18,2025-11-15
1d708e88-caba-4bf5-8e85-c7ff38c047cf,United States,web,Spanish,35-44,2025-11-16
dcf08f9a-7a8b-4af4-ac8e-8c3993da5155,Brazil,web,Portuguese,<18,2025-11-29
069e5e66-08d1-4ffd-a1f8-4e5b12524d6d,France,ios,German,35-44,2025-10-28
a162b0a4-c400-4943-a6a0-8895ef88d849,Germany,android,Spanish,45+,2025-08-08
004bb30b-06a2-4ada-a374-b958cf1a1f4f,Spain,ios,Russian,45+,2025-08-19
5e3b9f38-88a4-43ad-8f59-ef12d9b58adb,Spain,web,Portuguese,25-34,2025-10-04
7bc34b7c-e4a4-4dbf-b642-8f251bd6fc5e,Germany,ios,Russian,<18,2025-09-05
cce426b2-4152-4f15-9097-efbda374ed77,Philippines,web,French,35-44,2025-08-19
0f03d551-6c20-4b72-b4c1-334178295986,Brazil,web,Chinese,45+,2025-11-16
22f99987-7a70-4de2-b760-eb84c7f5fece,Brazil,android,French,45+,2025-08-28
4e9210a3-b51c-4ba2-aeb3-97a27c35b7a5,India,android,Japanese,45+,2025-09-04
42f24585-cbae-4d67-b41e-367bc4023f18,France,web,German,25-34,2025-10-04
a9184605-77a3-4a34-a55b-b89bc5b0fd14,UK,web,Korean,45+,2025-10-07
f967f4af-b888-4215-b17b-4452d702c62f,Mexico,ios,French,18-24,2025-09-16
d9dba8fc-889f-4ec4-af8a-d07aa269b50e,Philippines,web,German,25-34,2025-12-03
11a97e3b-f106-4487-a203-4e311e6729a1,Mexico,ios,Hindi,<18,2025-08-10
f533cb9d-9e36-4e4e-90ca-a86ee36e69b0,Mexico,web,Japanese,18-24,2025-11-23
09ca5915-d0d9-43b1-9ebe-bafbabee0465,Germany,android,Portuguese,25-34,2025-12-01
d4958ee9-c1f5-43b1-add4-220b1e1c3679,Spain,android,German,25-34,2025-11-01
7d0aaf6d-ceed-4914-869e-e734231a5736,Spain,web,Spanish,35-44,2025-11-06
e1cea80e-f2f6-4c0d-acbb-da823d6072af,UK,ios,Portuguese,18-24,2025-08-19
046878a7-fd93-40a5-ae92-5a8e3aff6704,Germany,ios,Japanese,18-24,2025-11-14
41ea9d79-734c-4eec-b796-2f42f14aab9d,Mexico,ios,French,18-24,2025-09-24
a70f991c-810a-40f9-88e5-4796a1640503,Indonesia,web,Hindi,45+,2025-08-05
8a031cc5-9a7a-4306-b674-1aabbe9a5bce,Spain,web,Russian,45+,2025-09-01
2000e6aa-9fcc-405e-890d-e1edc378497f,Philippines,android,Italian,<18,2025-09-17
a051f9f6-c97d-44e1-9b0d-7fd7be00a144,Philippines,android,Portuguese,<18,2025-09-27
b7a1d6c4-6695-4327-8098-46beb3e7a761,India,web,Portuguese,<18,2025-10-10
805f3746-97d3-4017-902b-d8ef9e7900e7,United States,android,Korean,45+,2025-11-19
71f04daf-7947-41f1-b677-10f2452288da,Indonesia,ios,French,35-44,2025-08-26
2587a9ff-f430-4378-a60b-b95ff6bda54f,Spain,ios,Portuguese,<18,2025-10-28
dd9158c7-ab31-4efb-8a2d-3851adb0915b,Brazil,web,Korean,25-34,2025-11-03
e0e83345-254b-43bd-9ef5-b542d90eb00e,Spain,ios,Japanese,45+,2025-10-26
838f1695-d171-4595-b7e8-a1a85d432b18,India,web,Portuguese,35-44,2025-11-18
fb41afdd-658e-4430-92a7-bdd8e373296e,Philippines,ios,Hindi,25-34,2025-11-27
eb7dc20d-c8a9-40a6-840d-8b836b8efde6,Mexico,web,Spanish,25-34,2025-11-03
037781f4-9784-48d0-b942-28641c04dd98,Brazil,ios,Italian,45+,2025-10-11
f7ac9935-5224-43b0-b8ba-15d8ebcc53ad,Germany,ios,Japanese,18-24,2025-09-13
b52fa2dd-719c-4972-b8c0-e693aa1eff94,France,android,Russian,35-44,2025-08-24
6e40347c-2bc8-4eab-9957-3ca525c82dca,Mexico,android,French,45+,2025-09-15
cf811b76-2484-43f9-bdd1-82d1882d5b0a,France,android,French,18-24,2025-10-06
e3ac872b-b0f4-4425-b0a8-e1e81d70d85c,Indonesia,android,French,45+,2025-11-25
a03d913b-c8ff-4434-80e3-3c570f514ad5,United States,android,Hindi,45+,2025-11-19
b0971e6c-b63d-426c-bb93-357ea456dc33,Brazil,android,Japanese,25-34,2025-08-18
1922db76-fbf0-4b3b-8c5b-a88bc19d875d,UK,web,Portuguese,45+,2025-08-10
4ef718aa-a3a2-456e-9044-cb12bd17e81a,Brazil,web,Hindi,18-24,2025-10-01
d9d4c0d0-120f-4e19-9bde-1f71d2153707,Spain,android,Korean,25-34,2025-09-18
8324bd61-c8b7-475b-a3b3-abd7e8c02cdc,Philippines,web,French,18-24,2025-09-26
954cb2a0-58ee-424f-b026-8ffd855c4c6a,Spain,android,Russian,18-24,2025-12-01
fd5e6d24-08e1-4f7b-a6cc-aec7c3f2d5e1,Spain,web,Korean,25-34,2025-09-14
4ef2340a-267c-4f45-a89f-7ae2139e14e9,Indonesia,ios,Italian,18-24,2025-09-29
18778efe-8ac5-4c9a-bf1a-b5600677575b,Mexico,web,Portuguese,<18,2025-09-21
69e721ae-48d0-48b2-b6f8-2666aa323ffe,UK,web,Portuguese,45+,2025-11-03
4d0a931d-cbb6-4b3a-953b-91efef9dbc91,UK,web,German,25-34,2025-09-03
3671a217-0682-47e0-b59c-fc9236faaa50,Spain,ios,Russian,25-34,2025-11-15
b3b3e481-542f-4ea6-93d0-4e0a99d192c5,France,android,Hindi,<18,2025-10-27
2bc87742-90b7-4367-bd4a-1f501696338c,Indonesia,web,Hindi,<18,2025-10-10
a54c4971-9a1e-42ce-a1a2-35a4888b6fe4,Spain,web,Chinese,<18,2025-12-03
55ad546c-fdf0-4aa3-9fcf-e1965bf5b3f5,United States,ios,Italian,<18,2025-09-16
58991f6f-4aa8-4166-a457-6e936a75bc14,Philippines,android,French,35-44,2025-10-19
d04990bf-670e-4752-9d4b-e48a3b1ca32e,Mexico,web,German,25-34,2025-11-03
fe4d8563-ed32-473f-b8fb-95168ac77830,Germany,ios,Korean,18-24,2025-09-21
3d0048ce-17dd-442a-bed3-8c82f0596168,United States,android,Portuguese,25-34,2025-10-11
4e6e2d4f-9152-4c9e-a44c-39f739f82356,France,android,Chinese,25-34,2025-11-10
9892f652-5864-42e0-ae9f-6e4525480832,Brazil,web,Chinese,25-34,2025-09-09
dbe39c8c-fc15-4a78-a4e2-0f520718bdb7,Brazil,web,Italian,<18,2025-09-09
8d183208-6ad0-47ed-b0ed-be5a698af326,United States,web,Spanish,<18,2025-11-23
dbde7cc0-a4f3-4a77-8162-d9cba086d769,Spain,web,Portuguese,35-44,2025-09-27
cdb8e161-bcc8-42e6-9324-075983fa104a,Germany,ios,Hindi,25-34,2025-10-18
3e1c8ef2-1108-4818-9385-9ba909808535,India,ios,Korean,45+,2025-11-25
9f91c399-d63c-4d0f-a34f-80acb39958b2,India,web,French,35-44,2025-09-27
21d06392-b8cb-439e-84f3-ac04e713c752,France,android,French,<18,2025-09-25
5356a63f-858c-4605-92e8-ded7eb0b38d3,Spain,web,Russian,25-34,2025-09-30
f7cc496a-65ac-4052-8a87-c0cc653adbbe,UK,android,Spanish,<18,2025-08-25
bda3ad5f-f84e-4411-8ce4-8fc82cddd29f,UK,android,Italian,18-24,2025-09-30
51019b8e-111f-44a6-a2a2-dda59d105106,Mexico,android,French,<18,2025-09-24
469d05b7-72b4-4421-a692-92cc24fbf6e1,Germany,ios,German,<18,2025-12-01
a74bb146-f76a-4b90-9181-6c066683e95d,Germany,android,French,35-44,2025-10-15
b2e5bff8-06e4-4396-932e-19e999e666f0,Brazil,android,Japanese,18-24,2025-08-14
7b5b5056-2ca3-40cc-92ca-ec6b478c0aef,Indonesia,ios,German,45+,2025-10-04
016dc28e-9c8f-4670-b977-562c32cacb43,France,android,Korean,45+,2025-11-28
45edbd48-9a47-44a8-8cf5-8ac84bcaafc0,India,android,Russian,45+,2025-09-13
a3221deb-906e-4c10-b496-64f65075b1a5,France,web,French,25-34,2025-10-15
11064822-741e-48b6-b557-80b9afa960c8,UK,android,Hindi,45+,2025-10-17
ec421a66-ec86-4829-862b-fc11ac8a6d64,UK,android,German,25-34,2025-11-01
eb0e83e7-53ef-4703-b0cd-c674d6a47ae8,United States,android,Russian,<18,2025-08-30
e39713ec-bf82-4f2a-bf30-4efa22a75f2e,Mexico,android,Chinese,45+,2025-12-01
295437c6-1eb5-44b3-a3cc-8c15dff3ced7,Germany,android,Japanese,35-44,2025-10-19
d9df37cd-f6f4-4bc6-bab9-2d893e34253d,Philippines,ios,Japanese,18-24,2025-08-25
ca663fa1-7d1f-4696-9737-62c1b90046c9,France,android,Korean,18-24,2025-11-25
ee7d7ba4-f6db-4cac-93b7-4715e01f5830,UK,android,German,<18,2025-10-20
b90a3af1-16d2-4236-9acb-31571f67e859,Indonesia,ios,Hindi,18-24,2025-11-03
f5a2a3bc-9491-4a29-97fa-362200d9c46e,Brazil,ios,Spanish,18-24,2025-09-01
d61985ca-d0c3-4288-89b8-df2924828371,India,android,Hindi,<18,2025-09-10
686ff8c0-0acc-4e95-962f-684dfb2b34fd,Mexico,android,Russian,<18,2025-09-14
9b6eb2f4-3abb-4dc8-bd9d-d98304342269,Indonesia,android,French,<18,2025-11-20
eec1e33d-3216-4d10-aeae-39bfec1684e3,Mexico,web,Portuguese,35-44,2025-08-27
7be88d5c-fd87-40e2-8cc3-94c5c60912e8,United States,web,Korean,<18,2025-09-20
c1bb0649-bcca-4304-9b47-e885b9ebf174,Philippines,android,Portuguese,<18,2025-08-31
dc41a6f9-2aed-4e31-b9a6-02dfae89295c,UK,ios,German,<18,2025-08-29
20a1b0b0-2403-43ba-8bf6-5d590635c7fa,Brazil,android,Spanish,45+,2025-10-22
b9ac66a3-2239-4369-86df-ecd7c881f3e6,Indonesia,ios,Japanese,45+,2025-11-16
27934a33-81f8-4c12-831c-eb2ee8f199d1,Mexico,ios,Japanese,35-44,2025-11-28
138dc149-5bf2-4cad-a81c-31b06e79d470,Germany,ios,Chinese,35-44,2025-10-19
17af3118-da48-4d80-9091-17a533ab7b50,United States,android,Russian,18-24,2025-09-25
3c51ab1c-8a86-4c66-a389-37c4166667b1,Germany,android,Russian,45+,2025-10-21
7a98b3f7-7e2d-4eb4-a446-bb9d60b6f43e,Brazil,ios,Hindi,35-44,2025-08-21
66a63f91-5997-4f7f-b5c9-69e1a1a92a48,Indonesia,web,Russian,35-44,2025-09-12
0ffa1a74-2580-4923-a5a3-85ec94ab1d33,United States,web,Hindi,18-24,2025-11-11
ccc3e40c-deff-471a-be19-42975810b2e5,Indonesia,web,Hindi,<18,2025-08-19
a22c0af4-286a-4557-bbd8-7697163fa316,UK,ios,French,25-34,2025-08-26
97268a08-c2a7-42ed-96f3-888d54c40c7b,Spain,android,Korean,18-24,2025-09-07
97184dc4-54c7-4181-85ad-5eba3d56c939,United States,ios,Portuguese,25-34,2025-10-05
1b449151-6faa-4833-bea9-37930b84dcc4,Germany,web,French,18-24,2025-09-05
7a0ece56-0408-48d6-acfa-42ae0c092d4a,Brazil,android,Spanish,18-24,2025-10-03
48dddbf4-bdeb-4ec5-b303-58908801d4e1,Philippines,ios,Spanish,<18,2025-09-14
43b03ffb-691b-48f0-a6db-c788238d7109,UK,ios,Spanish,35-44,2025-11-10
13e95a07-0f27-4709-bbfb-600ac05871c8,Spain,web,Japanese,45+,2025-08-22
2c3c2918-0665-46e5-afe6-8e99cb7a78cc,Philippines,ios,Japanese,18-24,2025-11-16
e12f4957-91c0-41ae-9642-a1e707afc2fb,India,android,Korean,<18,2025-11-25
8b7bf845-7f51-44e5-805e-e1668fedc013,UK,web,Spanish,25-34,2025-09-03
3696ff92-c33f-4a1a-8a83-a5351fcf2fe2,Brazil,web,German,35-44,2025-08-26
9a214b25-cf08-4af6-91d0-8188bf0940f3,Mexico,android,German,18-24,2025-08-05
69f19adf-609b-4670-a930-bb41f3f72382,United States,web,Chinese,25-34,2025-10-06
255913c4-8120-4749-b5e1-4720bd1b8783,Indonesia,ios,French,18-24,2025-11-29
64a49167-6d2e-4fab-b473-0dfd24f662fb,Brazil,ios,Portuguese,45+,2025-10-27
bec075d6-ca04-4ab0-945d-168b5da004b5,United States,web,Japanese,45+,2025-11-08
02b5322e-b634-45f3-a6e5-56567070b822,Philippines,android,Russian,35-44,2025-11-28
a2a88689-ee2a-4c2a-a899-b53a376c2623,Indonesia,ios,Portuguese,25-34,2025-08-24
78b48ed9-27f0-435d-a996-586cbaeb5a12,France,android,Italian,45+,2025-11-08
a23e8d5f-b911-48d2-abae-fcd1f1cd5838,Germany,ios,Korean,<18,2025-08-12
7d5972a6-ca37-4536-8e92-eb2715271471,India,ios,Korean,35-44,2025-11-28
32bd7671-f227-4eda-a469-48eb588f5a76,UK,web,Spanish,18-24,2025-10-24
64a95299-cf2e-456b-88d3-0bfc3dc6acc3,Brazil,web,German,25-34,2025-08-06
0b020201-20aa-4739-8ca6-d632a81f3d18,India,android,Spanish,25-34,2025-10-25
3e65aee2-c299-48a0-a9b2-bbdad0de26ab,Mexico,web,Portuguese,<18,2025-09-29
0718e1e3-4c4c-4d9a-a6da-7cd709c07999,United States,ios,German,45+,2025-10-14
23cc7200-2d20-49f6-a6a7-f1e52cfd0d5c,United States,ios,Spanish,25-34,2025-08-21
b41a1150-4739-4c13-ac1b-5fa71072f168,Brazil,android,Portuguese,<18,2025-09-25
efabc161-8a7d-40ce-b5c1-3a1745233608,Spain,android,Italian,<18,2025-10-04
b0b72cd8-aadc-43d4-9b9c-4e81e8d7b8f4,Spain,ios,Chinese,18-24,2025-11-01
37067975-9d93-4b00-93bf-0366bd1ce283,France,web,French,<18,2025-11-29
8e58f68a-b561-4718-bf10-da4453f9703f,Germany,web,Chinese,35-44,2025-08-29
b0040877-18fa-49b5-b678-5e8f88825233,Indonesia,android,Italian,25-34,2025-09-12
15f80fea-39e9-4290-9d54-63323d5dcf1b,Mexico,android,Chinese,35-44,2025-11-09
656a236b-856b-43d3-ab39-32dfb863009a,India,ios,Russian,<18,2025-10-28
fc2c2ff8-149e-47b1-9ebb-6b3276adfbf7,Spain,ios,Japanese,<18,2025-10-19
dfc6eff7-e6dd-485b-b3a8-cd60d5099814,France,android,Japanese,35-44,2025-08-15
44fa25fc-30ac-4f1e-9c79-73219f17abc2,France,ios,Russian,18-24,2025-08-26
9edeeff2-47ad-4d2c-b6e6-e4f8e62c3f30,Brazil,android,Japanese,<18,2025-11-27
b908c5d7-3e42-4e86-9f1a-2ea4b318d4d2,Mexico,android,Portuguese,35-44,2025-08-15
a3edbb2c-9478-4f32-967d-ad9ab1eeedaa,Philippines,web,Japanese,35-44,2025-09-11
696600db-abf4-4e3e-86b2-043b6b2321a7,Indonesia,android,Korean,25-34,2025-10-22
4e69f117-43c3-4d2f-8aa9-c70018ee88cf,Germany,ios,Korean,18-24,2025-10-30
e76791de-a560-4f04-bd45-a9f2fafb72b1,UK,web,German,45+,2025-11-18
082080c6-9f62-4a89-bb36-2153da571ab7,Brazil,web,Hindi,35-44,2025-08-23
22cdc77c-e5f4-4e77-86a2-08bde5ff81e1,Indonesia,ios,Italian,25-34,2025-10-17
834116b5-0d5d-46a9-8733-e58fa7915676,UK,ios,Korean,45+,2025-10-09
b2358fe5-250e-4769-9297-aa92733be881,UK,ios,French,25-34,2025-08-12
fda7c949-f0aa-40d2-8e8e-0ac3b9d04e29,Mexico,android,German,25-34,2025-10-13
17de651d-94a3-4918-ba5f-0e35011b6c34,Mexico,web,Russian,18-24,2025-08-30
38218c8f-2e4c-4357-a322-f0ff0e2f2d1a,India,android,Italian,<18,2025-10-08
4433eba9-f851-48c9-9a1d-b71292ce7e14,France,android,Italian,18-24,2025-08-11
8ab55040-46ca-4ee4-be64-43c8a034d112,Indonesia,android,Russian,45+,2025-10-15
84cb28a6-ee27-4abb-82ad-8c9a71b3cbdc,Brazil,android,Hindi,18-24,2025-10-21
0d172198-9820-4f28-bac6-3e647cbf3a64,United States,web,Chinese,<18,2025-11-10
53162190-6c30-4682-bab8-69a0d40918af,Brazil,web,Chinese,18-24,2025-10-01
cbc99bd1-83e8-4062-b735-dd8f7f5da12a,India,android,Spanish,18-24,2025-09-06
beb85d7c-436e-4afe-837e-6bbb8e75fa37,Germany,ios,Spanish,18-24,2025-10-01
680dc8ff-9dbe-4072-9073-cfedb3b7b001,France,web,German,35-44,2025-10-17
68b92735-5ebc-4d3f-8fbb-4b5154e9573b,United States,android,Spanish,35-44,2025-08-07
2029beca-438a-4d83-aa7e-5be30ea9781f,Spain,ios,Spanish,18-24,2025-08-23
b39e9b7f-21a6-43e6-a9ae-77c344e86cff,Germany,ios,Russian,<18,2025-09-28
6e957c55-39ba-4235-a706-9577843f7151,Mexico,android,Chinese,<18,2025-10-30
b7b79de5-5028-4c74-98e1-9e4968dd2f7f,UK,web,Spanish,<18,2025-08-23
ea369402-da80-4017-8527-484aea6b314c,Spain,ios,Korean,<18,2025-11-23
9b970181-52f6-42e0-82f6-9f5e536dd959,Brazil,web,French,25-34,2025-09-01
fdd70703-d579-4f46-a7c0-2f01c607282e,Brazil,web,Korean,18-24,2025-10-10
08ddbed4-4cd7-49cd-bf9d-af653dedd2d0,Mexico,ios,Hindi,18-24,2025-11-23
856434ef-223b-465a-b13c-108a0085bdcf,India,android,Korean,25-34,2025-10-09
2c3a1e2e-0cba-4fe1-96fe-db159db07f9e,Indonesia,ios,German,<18,2025-09-17
3dabf695-c9e9-4ac9-b135-db501aa1560d,Spain,ios,Spanish,45+,2025-08-20
648716fb-b67f-48bf-8f10-f117bd896155,Spain,web,Spanish,45+,2025-11-10
4497a7c4-d749-445c-b9b7-fcf6e7f6d87a,Philippines,android,Russian,25-34,2025-09-25
cb1c9297-a848-4b1f-a032-d7b704fe8b56,Germany,web,Portuguese,45+,2025-10-27
c159b9db-e221-49b3-992f-0d7b0f67b612,France,ios,Hindi,35-44,2025-10-23
07621c9c-d662-49bf-ab40-a6f25403229b,Germany,android,Korean,18-24,2025-11-20
c6af7049-affe-4870-9141-325ac2df2612,Indonesia,android,Portuguese,45+,2025-11-23
649afc1a-de5e-4336-bcb2-42595db842be,Brazil,android,Italian,35-44,2025-10-23
76540223-da2b-4a7e-aeb2-868c95fa98e3,Brazil,android,French,18-24,2025-09-10
ab130516-43bf-4e89-a892-2c9f00a5714a,Brazil,android,French,35-44,2025-10-27
24a32bc0-931a-4cd6-bb09-819bc1306ea6,Philippines,ios,Chinese,18-24,2025-10-25
dbd94fcc-f3a2-466f-a8f0-22d7337485c2,Brazil,ios,Spanish,18-24,2025-10-07
148519a9-3b8f-439f-a56a-e4139eed88d6,Indonesia,ios,Chinese,45+,2025-09-17
fb56dba2-cac0-4e50-89b8-d078f5eac6be,Mexico,web,Russian,25-34,2025-09-03
c259d999-52f8-4f1f-af65-4b4d684302da,France,android,Hindi,45+,2025-10-10
bb72a815-bb8e-489b-8c64-0b27e13a5422,Indonesia,android,Hindi,<18,2025-11-12
346537d1-0b94-4547-b967-84c1a3b49d1d,France,ios,Italian,35-44,2025-09-06
fed3f615-c05d-4165-ada2-175bea51b2cd,Indonesia,android,German,<18,2025-10-08
a246e915-9cd8-44c8-9482-35949b586eaf,Brazil,web,Hindi,18-24,2025-10-20
c052a347-01f9-4753-ac18-8f390607c6de,Mexico,android,Hindi,45+,2025-10-07
0a331441-6bbe-48dd-bcf4-5e497bf8bb9c,Spain,android,Hindi,<18,2025-11-28
b669daa1-9763-4130-bf32-7137438e8314,Germany,web,French,<18,2025-09-01
96c7dedc-3664-49d3-a659-91943fd7cf45,UK,ios,German,<18,2025-08-14
1dc1af4d-b007-42dd-83e0-ec3fdb730e85,Mexico,ios,German,18-24,2025-08-09
ce442ae4-3eb4-4bfb-b552-607a0d63f194,Spain,android,Japanese,18-24,2025-10-19
253e2922-c616-4c16-9980-f69758854192,India,web,Korean,18-24,2025-09-16
466b1ffe-1c28-426d-a6bc-0a5ab98868f3,Indonesia,ios,Russian,<18,2025-10-09
1d69bcec-fda6-4ecf-85eb-b9be8e07f649,India,ios,Spanish,35-44,2025-10-29
fe414987-6c17-493b-a0fc-ef9589874358,Spain,ios,Hindi,45+,2025-09-13
889578ad-6bef-489b-9713-81fbce054a83,Mexico,android,Hindi,45+,2025-08-24
b1058958-ad3e-4836-956b-18ba19374ee1,Indonesia,web,Japanese,18-24,2025-11-26
baf14f53-196c-46c3-a0e4-4c515a2c8038,UK,android,Spanish,<18,2025-11-24
e329bda0-a2c1-4cba-ae07-4658b1567771,Brazil,ios,German,35-44,2025-09-09
404083c2-666d-4eeb-891c-75734aa42422,Indonesia,web,Italian,25-34,2025-09-13
55f5109e-0559-40be-ad55-3850f2f8f8b9,Indonesia,android,French,18-24,2025-10-13
4c4671b9-0a29-4e28-9334-2c6b89804b3d,Mexico,ios,Hindi,25-34,2025-10-18
2d3f11f4-eaf9-420b-82f5-f794b4887b64,Mexico,ios,Russian,45+,2025-09-29
12e5cf39-1bbe-4c8c-bbb7-2689bc0b1e04,Spain,android,Russian,45+,2025-08-23
a934fefb-661e-4731-bcd7-c4c5914645e3,United States,ios,Hindi,35-44,2025-08-30
43b48084-b45e-4409-8047-c16e062ef0bd,Indonesia,ios,Russian,35-44,2025-09-08
5b462547-7ada-4161-9be4-b90814b851d4,Germany,web,Italian,25-34,2025-11-13
3ef849b0-11a2-4668-929c-e26e5b755c16,Indonesia,ios,Russian,45+,2025-11-30
e24e2098-8c57-48ac-8e08-8b8273a2dcb9,Spain,android,Portuguese,35-44,2025-11-15
5f531f63-4893-4436-8d1a-1512deac5ac2,France,web,Spanish,35-44,2025-08-17
e1bbd786-83a8-4200-bf47-0b704155e695,India,android,Japanese,45+,2025-09-17
986c382c-528d-46a6-a67a-37f3cc61a677,Brazil,ios,Japanese,45+,2025-09-08
4fbddc13-88f5-4fb1-98e6-f1fd0d22f992,United States,web,Chinese,<18,2025-08-25
aa3a05c5-4119-4562-9cfd-4fcfebae00a7,UK,web,French,35-44,2025-10-08
452fb9a1-cabc-40e9-9ac1-e39d3726964f,UK,web,Spanish,25-34,2025-11-29
a6c8bcf8-8b7c-4ede-898a-3d0593631403,UK,web,Hindi,18-24,2025-11-17
3916ef06-38ea-43a2-812a-e94833b5db68,Mexico,android,Portuguese,18-24,2025-11-25
d3b15f89-461a-444c-8881-c94d36e8c1d7,UK,ios,Italian,45+,2025-11-03
59d7182e-60bd-4429-88b0-1fc9e4d532a7,Brazil,ios,Chinese,25-34,2025-08-26
5d58ef14-e9cb-4300-b41a-12dbd63be7c5,India,web,French,<18,2025-09-12
ba5f16ff-8e92-4f99-b165-a6eac7788886,UK,ios,French,35-44,2025-10-18
fefd35e7-4e7d-4090-b04d-3a376b4a3d43,Indonesia,android,Korean,<18,2025-10-18
508a8085-8bcf-4727-92b5-8ff2f394e7d1,Indonesia,ios,Spanish,25-34,2025-10-15
24f214c8-5a62-4d6f-a2f0-b3d6823c9e82,Mexico,android,Portuguese,<18,2025-09-22
13cd7b97-2024-4eba-83f8-9a44d9480667,Brazil,android,German,45+,2025-11-29
6e62c4cc-07a1-40f3-8aa0-021a03590d0d,India,ios,Italian,18-24,2025-09-17
0594550b-7c2d-47b7-b47c-98ac7a720808,United States,android,Chinese,45+,2025-11-14
9994c6a7-6278-4605-863a-009a70588400,Spain,android,Hindi,35-44,2025-09-08
a3ade29f-cbd9-4bca-b2f5-afd166bdb7e5,India,android,Japanese,45+,2025-10-07
b9e4b257-10cb-4a27-903d-4becb12ca1ec,Spain,android,Chinese,25-34,2025-10-17
991c3fa1-c758-47bd-be3e-abcdf62faff3,France,web,Russian,25-34,2025-10-17
57b2eb5d-7f42-4636-8401-0b7bd7b3ee91,Spain,ios,French,35-44,2025-10-08
beeb682c-da79-4959-b226-5cff3d641276,Germany,web,Hindi,35-44,2025-08-28
a6cc922c-891e-46d0-9238-8e9b4bfc9774,Indonesia,android,Italian,18-24,2025-11-24
87118984-b3cd-4225-82f8-a98298d26482,Brazil,ios,Portuguese,<18,2025-09-21
607ecf9a-3350-4aff-a90f-ab9bdb4caf94,Philippines,android,German,18-24,2025-11-16
7964164b-1e1e-413f-a678-f2dc657ac784,Mexico,ios,Russian,45+,2025-09-27
f8218918-0431-4079-8a3f-6e884733d782,Germany,web,Hindi,<18,2025-10-18
e5464c55-57dd-4fc9-9f93-e0053a2f3d8a,Spain,ios,Hindi,35-44,2025-10-14
b76f0a75-bcd1-46bb-b69c-45732bce349e,UK,android,French,25-34,2025-10-24
275b02aa-053b-4e33-b398-c8cd902099b8,Brazil,ios,Spanish,45+,2025-09-11
af13bc61-eafa-438f-a75b-f9d79f336b2a,Germany,ios,Russian,18-24,2025-10-29
b101bb21-0159-4b9f-80df-f216e968498f,Mexico,web,French,35-44,2025-11-02
48b7b61b-e46b-452d-b518-0f4c2a53b306,Indonesia,android,Chinese,<18,2025-11-19
ed9980bf-0081-4e2b-846d-569741c84d0c,Brazil,ios,Russian,<18,2025-11-30
847e61c3-b536-48fe-bd60-75069b5ef2aa,Mexico,web,German,25-34,2025-08-31
0e503a01-2553-4faf-b682-1688b1fd6bba,France,ios,Japanese,35-44,2025-11-10
8d7bf108-7f40-4be9-96b1-c65228bd70d4,France,android,Chinese,35-44,2025-10-01
468bcfff-c9ae-494e-a04a-a11de8103105,Mexico,ios,German,45+,2025-09-28
dc95e457-218b-4658-8990-388462ae5bbc,Germany,ios,Portuguese,45+,2025-10-15
8175ce9b-9d4a-4335-9818-9d5c0d27fd82,Brazil,ios,French,<18,2025-08-09
c742bc6d-7966-4db0-b52c-291bd300f15e,Germany,ios,German,18-24,2025-09-23
ca008fd8-24f5-4060-824d-9de93ff6ec1c,United States,android,Spanish,<18,2025-11-18
09b162d7-cf13-483c-8e6b-e10bbc117160,Spain,web,Korean,45+,2025-10-31
1e1943df-0497-430f-9ec0-f66e3425f5f5,United States,web,Japanese,45+,2025-08-26
0b9e74c2-19d3-4e01-910e-7b30a48115e0,France,ios,Portuguese,45+,2025-10-31
a3244225-29fe-4556-827a-90a42edcf4e4,Indonesia,android,Hindi,<18,2025-09-04
d0a870cb-8a96-4a53-9e0b-d0630c4c2ab6,India,android,French,35-44,2025-10-07
c0688316-95d2-4495-b3e8-9c2e0286733a,Spain,android,Chinese,18-24,2025-11-06
4926604b-b003-43b8-bf13-f7e88f27e180,France,android,Korean,18-24,2025-09-16
f926714e-f076-4387-b406-2b16d54ac97e,Germany,android,Russian,45+,2025-10-28
a84f0f9e-368e-4cc2-b44e-204d1a4f9eb1,Germany,android,French,25-34,2025-09-06
1b2dbf3e-099a-40d1-bded-f7e9bffa3990,Germany,ios,Italian,<18,2025-08-08
80ab2880-e342-4e86-b863-2a9199837d40,Indonesia,web,French,35-44,2025-10-02
9dde744a-a3f6-45f3-a338-f287ea16b35e,United States,web,Italian,45+,2025-11-08
64f6ef12-9f04-4fe2-94fb-310e599527b0,India,ios,Hindi,25-34,2025-11-18
fe8b0406-db23-4e57-8afd-929ff621e03a,Germany,web,Portuguese,45+,2025-11-16
410cb1be-55ee-4c81-80f0-39f63f4a6a2b,Philippines,android,Japanese,25-34,2025-08-16
7d9d64ba-267a-4905-8bee-39cc2a3dbedb,Spain,android,French,18-24,2025-11-24
ea84c328-1168-49f5-87a2-74895cda68b1,Brazil,web,Hindi,25-34,2025-10-07
1d6afa17-4b78-41e7-83c5-f48376a46b26,Philippines,android,Russian,18-24,2025-11-11
9ef09fd2-84e5-4f3d-bf6e-61cb32fa4543,India,android,Korean,18-24,2025-08-10
702faf61-c3d8-4ebd-bf22-99b9cbb0b0b2,Indonesia,web,Spanish,<18,2025-09-03
1890e396-25bb-4d01-b730-689bbdf067b3,India,ios,German,25-34,2025-10-08
75605045-d564-46c4-96b5-26f3e35f14bf,Brazil,web,Hindi,35-44,2025-11-22
666fb40b-49ca-43c7-a83f-fbe4ce83b66a,Spain,web,Korean,35-44,2025-08-22
82cca225-4514-4984-9ddb-8fec7baab6d7,Brazil,web,Italian,25-34,2025-09-07
67b8745c-bad8-49ed-956e-2f2583633374,Mexico,web,Hindi,<18,2025-08-17
0cbc6aa7-5c0d-4b34-a9bc-b4f906462e97,Spain,ios,Russian,35-44,2025-10-24
4029435c-329e-41bd-86d0-b3b1e25e5ec9,India,ios,Hindi,45+,2025-09-09
cba9a942-6cd9-4435-8084-c48cac3dfd70,Germany,android,Japanese,35-44,2025-10-20
63ea837b-a6e6-4201-8f66-ad2bfd483c4e,India,android,Italian,<18,2025-09-04
f206221f-cb86-4f75-ba4a-669bf802c0d0,India,web,French,18-24,2025-11-25
5f142242-600c-40e9-80ea-756eb103a780,Spain,android,Chinese,18-24,2025-09-24
4b0628f8-e0d0-415d-8179-e8f4cc9845b7,Mexico,ios,Spanish,18-24,2025-09-25
fe2b76f7-bf49-4f83-abd2-501bf7aebb69,India,android,French,<18,2025-10-27
c007171d-f428-4db1-baf0-36c14394cff5,Philippines,android,German,18-24,2025-08-11
bbf1ec52-1130-40df-9cb8-7efb7a28f3bf,France,android,Hindi,18-24,2025-10-26
6b1a1d4e-73cd-4bb7-a076-9f77996a37ae,UK,web,Portuguese,<18,2025-08-17
f31a9ee1-cb10-4398-b170-3f06ad1db8a1,UK,android,Hindi,45+,2025-11-13
e19c14f4-79e1-4b46-abb2-8513374f85a3,India,ios,Italian,35-44,2025-09-03
7eae1895-8efe-4b4a-9892-f0539cc6056c,Philippines,ios,Japanese,<18,2025-09-04
2ee00c58-2bc4-4d1b-9e0c-3b9b96e56e04,Germany,ios,Hindi,<18,2025-08-07
6298262b-95c1-43be-9bef-1c79f1472b76,Indonesia,ios,German,25-34,2025-09-05
2cfaa55f-c212-4042-8bdd-0f312f35e6d2,Indonesia,android,Russian,18-24,2025-09-13
48c6d675-1b09-4df6-80e4-c9b9245e0772,Spain,web,Hindi,45+,2025-11-11
c9ed0f9c-2235-4242-b1f5-2a74a0d7bd42,UK,ios,French,25-34,2025-08-24
64116dee-5286-47bf-9944-e3301ea3079e,India,ios,Chinese,45+,2025-10-18
5f256afd-b801-4ff0-a493-008211732223,Indonesia,web,Portuguese,18-24,2025-09-29
d553eab5-1bfd-454e-a078-773aea21db67,India,web,German,18-24,2025-11-05
d5001100-a8ea-4984-b5c0-f1fdb0372dac,Spain,ios,German,18-24,2025-11-18
5d934dd8-c28e-4a4d-892b-3acdbbbdc52e,UK,ios,Italian,35-44,2025-11-08
ded838d0-11e3-40fd-b665-5bd46d5056a3,Brazil,web,German,45+,2025-08-24
5b519c39-cb5a-46d4-b088-5b2d78c32c11,France,ios,Portuguese,45+,2025-11-16
57deb45a-4ad5-4726-996e-8fc0c4448140,France,ios,French,25-34,2025-11-03
d5adb70a-bc44-4922-ae20-9fdaef4a34ff,Indonesia,android,Chinese,<18,2025-08-24
c1b80bdd-3c8d-4934-bac0-905d5c7848a8,France,web,Korean,18-24,2025-10-01
1228aff5-04d8-4d21-8dfc-21937bbcd0c0,Brazil,android,Hindi,18-24,2025-11-30
43367b01-ea39-4ed2-8274-e2ebc18260f9,India,android,German,25-34,2025-10-18
fe39e594-6d4d-4bc4-b8f3-b76a1ef20be6,Spain,web,Russian,45+,2025-09-24
b3287414-cf14-4890-8c4d-aeabf0f10c42,Brazil,android,Japanese,35-44,2025-09-21
5dc4db8a-7c02-484d-832b-1daf35ecbdd5,Spain,ios,Russian,45+,2025-10-17
2dd70422-990a-4020-8b7e-2bed6ec25d47,Spain,android,French,35-44,2025-10-05
54ea0656-9000-4e5f-a471-6a170329cf40,UK,web,Korean,35-44,2025-08-23
dc763a04-4d52-444f-baab-4f67a1ce15e8,India,ios,Italian,45+,2025-09-24
a047aadc-fab2-4e49-b924-191a3878bb96,Philippines,ios,French,18-24,2025-11-17
bcd0555e-6d57-4130-9404-c763a67870de,France,ios,Russian,35-44,2025-09-16
c91c60ba-6ff6-453a-9002-e6d47b3aa1ba,Philippines,ios,Portuguese,25-34,2025-08-12
aa342713-9a75-402e-a132-47452316190f,UK,android,Hindi,25-34,2025-11-22
0520c0ca-2a5b-4560-8788-0e89a215ed1c,Spain,android,French,35-44,2025-11-25
26f2f707-c521-427d-b55a-de6f6e386e3a,Indonesia,ios,Spanish,18-24,2025-10-25
54f9f882-43c6-4ba5-94e7-e710539ec43f,France,web,Hindi,35-44,2025-10-14
392e862e-2ecd-4be1-8e6a-1239d73f3bfc,France,ios,Spanish,25-34,2025-09-03
89542deb-533a-45cb-9216-0ba16a5f7e9a,India,android,German,25-34,2025-09-02
a8b7a2df-1831-4c6d-875b-1f722f25e003,Mexico,ios,Japanese,45+,2025-10-03
1565abe2-bd79-4d83-81f6-5e6275e77fa8,United States,android,French,18-24,2025-09-27
edf14571-2567-429e-8d24-de87dad78d8e,United States,ios,Hindi,45+,2025-10-12
b44bccc2-e99e-42ef-9f1f-6c4fbe32f2fa,United States,web,Italian,<18,2025-08-27
31e19787-bec4-433b-9362-eacd75027a6a,Mexico,ios,Spanish,35-44,2025-10-12
a79a07bb-66fe-42d0-910a-2f37c7924288,India,web,Chinese,45+,2025-08-20
05a78186-8164-4274-9010-ad535641bf7b,Mexico,web,Russian,18-24,2025-09-21
2688e4f1-4454-42e1-86ad-50f8cf0587f1,United States,ios,Hindi,35-44,2025-11-24
ac4532e1-95a7-4533-b6cc-46f3a34265f0,UK,web,Japanese,35-44,2025-11-17
093dec07-5978-4de0-b762-bdee4bbb1c78,Brazil,web,French,35-44,2025-10-24
895528da-694b-4372-bb8d-4428f232ad03,Spain,android,Hindi,35-44,2025-09-12
345e6415-f653-4ad2-bd53-73fe437ef900,Mexico,android,French,35-44,2025-11-24
05bfb2f0-abde-4291-b1b2-d5b9c0078e43,India,web,Portuguese,18-24,2025-10-07
b16b6469-cd1a-4acd-94ac-de47fc55be61,India,ios,Spanish,<18,2025-10-05
b9514a59-d512-4396-b90f-3521f2c0b1c0,Philippines,web,Hindi,25-34,2025-09-07
cca9fd52-5702-49ff-9765-9ecd7f936325,Brazil,ios,Hindi,<18,2025-09-28
e2a7b561-95ed-479d-89b5-eb40b853fee9,Indonesia,android,Japanese,25-34,2025-10-20
8faa953c-f880-4353-b0bf-b0fdaae16959,France,ios,Japanese,45+,2025-11-17
3b6c1dff-63e1-419a-8bf3-e66c240d6ea7,United States,web,Russian,35-44,2025-08-13
a711b7bf-0c4b-4a23-a8b2-e1d14ef93d22,Indonesia,web,Italian,45+,2025-08-19
73feaf2a-4fa2-4eae-aae9-90d4cfa432cf,Philippines,web,French,45+,2025-08-26
605e68ef-e420-4d99-a2a1-54019ba24f02,United States,web,Korean,25-34,2025-09-24
8071caf3-0787-4c73-a6db-162c6bc447ce,Brazil,web,Russian,18-24,2025-09-13
fc6fbe1b-e5ea-456f-a8cd-a53c6e191c19,Philippines,ios,Japanese,35-44,2025-09-19
0d8bdacd-a67b-4aae-8ed2-63d94eeffb2a,United States,web,Korean,45+,2025-11-10
aa6c34f5-f44b-4d43-b282-192ccd0f276c,Brazil,android,German,<18,2025-08-27
6ec50a9b-6f80-4240-80c5-eedb7e0257e6,Germany,web,Korean,35-44,2025-11-17
e5a407d7-9ba9-4ad6-99fe-bc17928748cb,Indonesia,ios,Spanish,18-24,2025-10-09
388e3b75-a060-477f-8172-d1e242c66b3f,Indonesia,web,Hindi,35-44,2025-09-30
a60b663b-d2b9-4bdb-8da6-28f3a7a2f84a,France,web,Japanese,45+,2025-08-09
df822f22-7045-459b-a729-4d4dda0d326e,Brazil,ios,Hindi,<18,2025-08-14
9e3932d3-2f4e-4b71-ad04-b7e9d1d6fd36,Mexico,web,Russian,45+,2025-11-26
599c2f2a-086d-4c48-90d1-b092d63c928e,Germany,ios,Portuguese,18-24,2025-08-19
25d59075-3045-456e-8f4d-1e1ebff5537a,UK,web,Japanese,25-34,2025-11-18
c1c8e7cd-c57d-4709-b70a-fb6170b5844a,United States,android,Japanese,<18,2025-09-28
3fb4f6a0-46f1-469e-a371-6c26a0485cf5,Germany,web,Chinese,18-24,2025-11-14
a28c70a3-7999-44f8-98e4-4dede9be3442,Brazil,ios,Hindi,18-24,2025-10-26
f8163de8-8557-4283-9305-3fa75204a488,Spain,android,Japanese,45+,2025-11-12
95743892-6fd7-4641-9cee-5254d79a31a7,United States,ios,Portuguese,45+,2025-11-13
fd08ecb8-e93c-4391-aaeb-3a0a5f092688,India,web,Portuguese,45+,2025-10-23
670b4dca-ec6c-44cd-a9ea-ab5b97fc8ba6,Indonesia,android,Spanish,25-34,2025-08-06
e6ce8777-b93e-4da5-8a8d-3cae1eccd7a2,Brazil,ios,French,35-44,2025-09-04
242ddb7a-6dc8-4219-be9f-b2bea952d49d,India,android,Japanese,35-44,2025-11-05
97c0645c-414c-4465-a366-1e0584918798,France,android,Portuguese,45+,2025-10-20
6a5dbc4f-02af-432d-bbea-0ded6e1903de,Philippines,ios,Portuguese,45+,2025-08-05
08da5f2e-897d-43bc-a6e9-fdcc583f98e8,UK,android,Spanish,25-34,2025-09-28
ee833c63-ab44-40db-b1f4-a5c6efda701e,UK,ios,Chinese,35-44,2025-08-11
beb127b3-5bea-4a94-9cdf-83afdfaec252,India,android,French,25-34,2025-10-28
45d631e9-372c-4435-a76d-1c177b41782f,Indonesia,android,Italian,18-24,2025-08-17
b35e6398-d3a1-408c-96c2-6f32b2d0ccaf,France,android,Japanese,35-44,2025-11-23
c46abe3a-4059-4585-8747-285c1e6a5655,Spain,web,Italian,45+,2025-11-01
189a218c-bc47-44fc-93a8-edc4d942a743,Indonesia,web,Italian,<18,2025-11-08
8c526daf-07d4-4b20-b255-8645f9deed0b,Germany,ios,Russian,18-24,2025-09-13
110d6f24-77e8-4429-b1ad-29c9457986fc,UK,android,Chinese,<18,2025-09-24
90b62ceb-f24a-4e79-a4b7-8faa160ce38c,Germany,ios,Russian,25-34,2025-10-29
ca49c8d4-33b1-4c75-a253-3d6e97f019fe,United States,web,Hindi,25-34,2025-11-17
877a4d9b-62f7-4ae8-835b-bb48ce8e9035,Mexico,web,Korean,25-34,2025-09-14
6bb1ccd0-f328-42d7-a336-e7cf8065eae8,Brazil,web,Spanish,45+,2025-10-26
061ad788-bdd4-4ba6-b1f1-88dd5bbee671,France,web,Portuguese,25-34,2025-09-16
28e5039d-3951-4677-b750-53e0a610ef26,Indonesia,ios,Portuguese,<18,2025-09-26
d9c2ad2e-51f6-4ec3-b4f1-ef97478ef8b6,UK,android,French,18-24,2025-11-22
43cf7348-4c00-4111-82c1-39b8acb5924a,Germany,ios,Chinese,45+,2025-09-30
d504f2a9-25e4-46fd-9ee1-0ac8e3f7ed03,Philippines,android,Portuguese,18-24,2025-09-12
6b304667-2a2e-4519-ae62-bed5335bbf84,United States,web,Russian,25-34,2025-11-12
7186869e-41e4-4f84-a5c2-f706fa88d616,Brazil,android,Korean,35-44,2025-09-19
9c324bcb-c2c7-4f96-8c97-cf6da8682338,Brazil,web,Russian,45+,2025-08-05
9d9781fe-ba4f-4a0c-a42d-129b23b286e0,Indonesia,ios,Italian,25-34,2025-09-20
3e2cbc82-d6e3-4ca8-9be9-9a32cd546011,France,android,Hindi,45+,2025-11-14
9366fc3b-00d3-43a7-8113-350a6b395544,Spain,ios,Portuguese,35-44,2025-11-12
7b28716d-f14c-4dc5-9980-a9300654abe1,Philippines,web,Italian,<18,2025-09-10
8aa78f0a-83d9-4b08-be34-486c4d39db05,Indonesia,ios,Portuguese,<18,2025-09-15
1fc36c97-3268-48bf-9895-535a4daa4d56,Germany,web,Japanese,<18,2025-09-02
1e90c465-8988-49ce-9924-419972104094,Mexico,web,German,35-44,2025-08-10
1dbb8ccf-a47c-4836-99f5-1762d05aa789,India,web,Spanish,18-24,2025-09-17
c1ea2f48-c4f4-494b-a36b-64e92f066fa2,Spain,ios,Spanish,35-44,2025-10-21
4270743d-f075-496d-a2f8-7d09197328b4,France,ios,Portuguese,35-44,2025-08-18
ebb79787-bd7b-46e2-855c-203a997f6b9d,United States,android,Korean,25-34,2025-08-07
cefe9f58-dc95-411a-9bff-61fd8b0987b2,Spain,android,Chinese,<18,2025-09-22
af08e498-a69c-462d-92c5-8dc179775193,UK,ios,French,45+,2025-11-28
dfef899e-511f-4e0a-8d26-86574a3401c8,France,ios,Korean,18-24,2025-08-20
29c442ec-5ef5-4023-bd1a-a0740c5e8486,Mexico,ios,Chinese,45+,2025-08-15
390cc4e4-851b-4f2b-86ef-67dbc3be494c,UK,ios,Korean,25-34,2025-11-30
1b607c56-4b24-4051-90b1-76e6ae0a0add,Spain,web,Japanese,25-34,2025-11-23
a8e35958-d62c-4502-a3ef-f891ec454ae9,India,web,Korean,18-24,2025-11-28
3d69f2aa-a1f6-4266-bb95-3da443780e7b,India,web,French,45+,2025-09-12
532259aa-b33c-49e4-b45a-fd0ef5610aeb,Mexico,ios,Spanish,18-24,2025-08-27
71ff3512-109f-4fe5-9bfb-d1f81b14275c,Brazil,web,Korean,18-24,2025-09-21
f137304d-ebb6-422f-9eb0-09682a7d33fa,Philippines,web,Russian,<18,2025-10-31
b6120fae-3c7c-4692-808d-db9a44d22e2e,United States,android,Chinese,45+,2025-09-11
8ed75976-172c-4007-bd83-3a3c6a20dbdc,Brazil,android,Hindi,<18,2025-11-07
935af36c-7d1f-494e-952e-ba87b6d2f18f,India,web,Chinese,<18,2025-08-27
6cfd6679-169d-4cce-8601-d402bb960311,India,web,Spanish,<18,2025-09-21
09b1186d-bbcf-46eb-83ef-84b76b43e2c4,Germany,web,Korean,35-44,2025-10-11
2339810a-f78e-458d-993a-1a29c253e677,UK,ios,Russian,25-34,2025-09-15
05893f2b-c5a9-46b0-8428-9e8cadd85382,Spain,android,Korean,25-34,2025-09-13
12ff9766-cdb8-4985-839f-dbe75b1c1ffe,United States,android,Korean,35-44,2025-11-30
1782fafe-976f-4b2e-915b-3483424f1ec4,Mexico,android,Portuguese,18-24,2025-10-01
853f833f-c832-4524-9b16-36b53abc7ca4,Spain,web,Japanese,45+,2025-08-12
f4953901-3b59-47ce-bc22-1278c8bda1f0,Germany,ios,French,45+,2025-09-14
373e8d7d-924d-4f5e-9b3a-c026f09aa326,India,android,Japanese,45+,2025-09-25
22ff39b2-24c0-4a87-9f9e-4fcaba445451,Mexico,android,Hindi,<18,2025-10-27
da782aaf-8658-40c8-a445-ce6408c4ada8,India,ios,Spanish,45+,2025-09-12
81ea0980-27a5-4034-8f28-fb2bf46830f1,United States,web,Korean,45+,2025-10-26
6f1dd143-adbc-47e4-a2d6-0bc6941c1065,UK,web,German,45+,2025-10-03
7231946b-f633-4306-a9bf-2eba9e48adb0,Spain,android,Japanese,25-34,2025-11-02
82972988-5ac9-4fde-9f27-0e37fc5a3425,Spain,android,Italian,35-44,2025-08-22
c58e9a43-126e-4b08-b52f-28adacea24fb,Brazil,ios,German,18-24,2025-08-22
6c5999b9-cfef-4809-a92c-54456c988b59,Mexico,android,Japanese,35-44,2025-09-07
bbd89542-3269-476f-a449-c5754ea3933a,Philippines,ios,Italian,45+,2025-10-13
a2c7fdca-b92d-4d27-a1f8-b1d135d49488,Germany,android,Spanish,18-24,2025-10-26
0db1a2b8-40d2-4dbf-8039-6c9e5356f240,Philippines,android,Korean,18-24,2025-10-06
e18d3a06-6ba3-4e10-8355-66310905544e,Brazil,android,Russian,35-44,2025-11-24
fabd76fb-20cb-4653-90e5-3d9ba1777234,United States,web,Russian,35-44,2025-09-06
9d3ae48e-c406-4f17-9df8-9d1a55cfd3e8,Germany,ios,Japanese,35-44,2025-11-26
4ee0df5e-8db6-4372-a392-4f2e192e1f4e,UK,ios,Korean,35-44,2025-11-13
6191e181-ecff-403e-b046-ca18a03d47fd,Philippines,web,Japanese,<18,2025-10-08
c5d506ea-6006-4f4f-8a86-713b38a71ca9,UK,web,Spanish,25-34,2025-10-11
9a80d402-2d03-464d-8554-60e597609065,Philippines,web,Italian,25-34,2025-10-03
367d8fe0-dc93-45b7-b73c-bf7486173fce,UK,ios,Korean,45+,2025-10-05
f3541a3d-c070-4fe1-bd2b-33044e72124c,Philippines,android,German,<18,2025-11-07
440a9aa9-1946-4c89-9759-4da221c3e664,UK,web,Italian,18-24,2025-10-21
1a0f24e2-4552-43f8-8cf0-e8914b9e4113,Brazil,web,German,35-44,2025-09-17
a6ea9869-f3d5-4be3-9e5e-0963ab6df048,France,web,German,45+,2025-11-15
63010860-ad46-4eee-984e-e765e3795163,Germany,android,Spanish,18-24,2025-10-24
993fa340-efc5-403b-9347-eba64f19f574,Mexico,android,French,25-34,2025-08-15
08a2b15e-6637-4216-bd2c-83335b312081,United States,web,French,18-24,2025-09-03
ceae010e-0a60-48f7-a44c-c0573baf32ae,Indonesia,android,Korean,35-44,2025-10-24
23e3011e-4e03-4a1c-979a-f431a6cff3cb,India,web,Hindi,35-44,2025-09-01
790734e9-6b37-4d45-b3a9-6c6057664795,Mexico,android,Chinese,25-34,2025-08-15
f3a77275-feb0-48f1-97ba-fe5f99dd7219,India,ios,French,35-44,2025-10-20
b7936a46-45f6-4783-9ceb-1be027ed5993,Germany,ios,Korean,<18,2025-10-13
bc5c57db-a6d7-4a55-9ba2-ae988cab6dc8,Mexico,android,German,45+,2025-11-17
df711866-30ee-4c0c-be34-292f2ec702fa,UK,ios,Russian,25-34,2025-08-28
72430639-67fd-47db-a002-e60a7c552c05,UK,ios,French,25-34,2025-10-17
23f9268a-8b58-4b85-83ad-0217b19a1aca,Indonesia,ios,Spanish,18-24,2025-09-29
49478973-af57-41ac-9af5-6db7e4ada8e1,India,web,Korean,25-34,2025-09-23
7311abc5-8984-48fc-82a9-86af693d09a6,United States,android,Chinese,45+,2025-11-20
f763f794-5cc9-499a-bf35-814cff977d73,Germany,android,Japanese,<18,2025-10-24
eef8de94-2909-4f8b-9df3-c23d9165cebf,UK,android,Hindi,18-24,2025-11-03
188c1416-1f29-4397-8858-34551b3b21ba,France,ios,German,45+,2025-10-05
b4d4a45b-2be0-42f4-87fc-cdc805d9b90b,Brazil,web,German,25-34,2025-11-18
37dc3e0e-52ca-4c51-82d8-b3779f13a9ba,Brazil,android,Japanese,35-44,2025-10-30
28befcb8-3ee9-4bde-8e66-374aa103d593,Philippines,ios,French,35-44,2025-10-07
a369533e-4e38-4b90-8e27-2077f3809241,United States,web,Russian,45+,2025-11-02
48ac0488-0c4e-4354-b872-5f3f8c27a43f,Brazil,web,Japanese,<18,2025-11-15
d4b9a23c-7fed-41f8-badc-eda58e52233a,Philippines,android,Russian,35-44,2025-11-21
b8c6a5c9-ccb7-493e-b29d-f93506361cc5,India,android,German,45+,2025-11-27
b89bfe43-ab76-4861-8a99-bc2e3384e791,UK,ios,Chinese,18-24,2025-10-27
b70094e2-037c-40fd-94d2-4cbe62c14b35,UK,android,French,25-34,2025-10-15
71b63a61-c8a5-42ee-82d0-90050f6f5123,France,ios,Korean,<18,2025-08-15
73fb35d9-9942-4663-9ef2-1fc6d6e5729e,Mexico,web,German,<18,2025-09-16
9a3d7164-e039-471f-ac79-a5a6876061d7,Brazil,web,Japanese,18-24,2025-10-11
6d6aa2db-66e9-4ca0-9611-85b94779102f,India,web,Russian,<18,2025-11-02
1a2a4bc9-1fc4-46ed-81ca-0f123b0ef4c4,Spain,web,Russian,45+,2025-08-15
545457bb-5f42-4cc4-934b-0329365e0fe1,Brazil,android,German,<18,2025-08-10
2cbc2c4a-7d2a-4259-b9b2-8427246e82d4,United States,android,German,<18,2025-11-13
f3781fe8-0a80-428f-a9aa-85f27588c124,Mexico,ios,Chinese,<18,2025-08-21
717d9d99-1fd4-439a-9a4f-66426ff7e37e,Brazil,ios,Chinese,45+,2025-10-23
67353524-63c8-46a1-9ef6-c246f9c9e830,India,ios,Portuguese,25-34,2025-08-06
788a7fcc-648c-4c6b-8f3c-99bb3bbf130b,Brazil,ios,Japanese,35-44,2025-09-21
edf6f730-e629-4fcd-8839-552b580831a7,United States,ios,Spanish,<18,2025-09-02
2f549cc9-7582-47ce-a016-7fc150d59b01,Spain,web,Japanese,18-24,2025-10-24
515b45a0-3330-49ce-992f-d775b097f07a,Germany,web,Chinese,18-24,2025-11-09
de5c4462-d7dd-47d7-8a47-7065100edf7e,Indonesia,web,Portuguese,45+,2025-08-28
ec8e9e3a-ffc6-4a37-89ef-513215762c08,Spain,ios,French,25-34,2025-11-13
a956f995-6b50-4c78-a225-9e2d2ea3b0c1,Philippines,web,German,<18,2025-10-01
f3f2db75-629a-42e3-94d4-1321f7e439ef,Brazil,web,Hindi,45+,2025-09-29
1d2e4423-440e-43d4-b437-d1ae9ec9adc9,UK,web,Japanese,35-44,2025-10-05
e15e21c0-5711-49de-9d7b-c25bd0c45d29,France,web,Japanese,25-34,2025-10-01
fd3384fe-f0f6-4ddc-b093-78212010c287,UK,android,Italian,25-34,2025-08-13
7ce4415f-dcd4-47f7-a29d-90b0eaf6bdc2,Spain,ios,Chinese,45+,2025-10-25
8f1d77d0-171f-4f41-9df7-fa6f9fceb1b6,UK,ios,Hindi,18-24,2025-10-01
0960f659-0f1e-4f84-93b4-20d1ac7a624c,India,android,Korean,25-34,2025-12-01
92392b80-2a59-40de-bef1-af77d2bdf83f,UK,web,Italian,18-24,2025-11-22
95ba73ea-17f9-4c3f-ad2e-f60c1afca1f7,Mexico,web,Spanish,25-34,2025-08-05
70315a06-6ce6-4c16-a1ee-7bcbbdcb799a,Germany,web,Japanese,25-34,2025-10-14
5769f7ea-c87d-432c-adc5-837540ebe63e,Brazil,ios,Portuguese,25-34,2025-09-30
5f36bdbe-1f3f-4173-b4a2-01b387025bca,UK,ios,Portuguese,35-44,2025-10-06
2bd0ae70-20bf-45ad-80e0-53006efa245d,United States,ios,Korean,18-24,2025-11-03
e5df3719-997c-478d-a3d6-e5d1eb217318,Germany,ios,Russian,35-44,2025-11-06
04d8b057-d452-4ef8-9a91-626902d50060,Germany,ios,Italian,18-24,2025-09-20
27fa5675-9285-4d36-9497-de9f4d1780de,UK,android,Italian,35-44,2025-10-19
cbd6c8aa-cb59-4d4d-8487-b9ba715f9182,Germany,ios,Portuguese,35-44,2025-11-27
2c2fee53-50fc-41fa-a2f2-327341693f95,France,web,Portuguese,35-44,2025-11-27
dc28ac18-b3de-4eff-93ae-63899aa501a6,UK,ios,German,45+,2025-10-28
38eaf1e3-85c9-4c11-a46f-d3abaed123e4,India,android,Portuguese,35-44,2025-10-01
c74b6e26-7b70-4e24-bc99-06e100df1f97,Spain,web,Chinese,25-34,2025-09-18
8b77eaf1-d261-4df3-a31a-9b7cf717bd99,Mexico,android,Portuguese,<18,2025-08-13
5059c7fe-70d2-4e4d-8b3f-a840723ff408,Indonesia,web,Italian,35-44,2025-08-18
c5709a61-5c15-476b-a517-f2c608cb84cd,Philippines,ios,German,<18,2025-09-11
fa59c73b-7aa0-4933-a4f6-5c31d3430086,Germany,android,Spanish,<18,2025-09-08
b9b398f0-64c7-4ae9-b179-acd19ed5e586,India,web,Italian,25-34,2025-10-04
1bf5bf04-0a01-415d-af91-c32b7bd53590,Brazil,ios,Portuguese,<18,2025-10-28
54f0d8d7-e89a-4483-927f-681771646f39,Brazil,web,Portuguese,<18,2025-09-26
f78612f6-9b09-4c76-af25-624255ab58bd,Philippines,android,Portuguese,<18,2025-12-02
8a8e5f86-9a0a-4561-a527-4801315e6331,Mexico,android,German,18-24,2025-08-17
a283a215-1008-48b9-b0d7-aa7e3aa27283,Germany,android,Japanese,35-44,2025-11-20
ce766689-2085-4e22-8996-d88f0adf15a6,France,android,German,35-44,2025-10-09
f7d9f869-fcf1-4f23-a55c-d73e0a955f00,Philippines,ios,French,<18,2025-11-16
582a6fd0-b8c7-43a3-a5ca-ae921d9d39fd,Mexico,web,Chinese,25-34,2025-08-13
1ba08fe3-5ddc-496c-a038-0a06dfc9003c,Germany,ios,Hindi,18-24,2025-10-31
7cd931bb-2527-44e3-a1b9-d5e532ec7a62,India,android,Chinese,25-34,2025-09-01
bbd4492d-db73-47bb-84f1-40039cc2a880,Spain,web,Portuguese,25-34,2025-10-18
e115fbdc-97f7-4bac-a72e-b8f3b4d51e33,France,android,Hindi,<18,2025-08-28
892c8e63-e9ae-4a8a-a2c5-3d943f96bf57,Indonesia,ios,Spanish,45+,2025-10-13
d25f0e84-9d78-40fe-a908-ef8e0f452e36,Brazil,ios,Russian,<18,2025-10-18
2ae064fe-5507-431d-9867-c1c569105986,United States,ios,Italian,45+,2025-11-28
2af0e5ca-6765-42aa-9ba0-80b6da410348,India,web,Japanese,18-24,2025-10-13
9e04d520-1b2e-419b-84ba-71c8736e81eb,Brazil,web,Russian,45+,2025-11-27
f4dc8a9d-77e0-42fc-a46d-ece8de8df263,UK,android,German,<18,2025-09-22
c670dbab-91c9-48a4-8e8f-7f6d93b758c6,United States,web,French,<18,2025-09-23
09f009a2-52e9-42d0-b481-e111426a77e8,Brazil,web,Korean,25-34,2025-11-09
80687032-2070-4cb9-a9cf-55ee14db6ab9,Mexico,ios,Chinese,<18,2025-10-18
561899bd-72f4-483c-aae9-4b4ef5b7fcc4,France,android,Russian,<18,2025-09-24
24b2de26-973d-42f8-b7cc-7950d18b8967,Brazil,ios,French,35-44,2025-10-28
e0478480-8ccb-43e4-9ad5-d8733fd55fc1,Indonesia,android,Portuguese,35-44,2025-11-24
63e4eb2b-2be4-4eaf-995a-17fe6c92d022,Spain,android,German,25-34,2025-10-15
07fb2519-16ed-4f05-a8e7-f1f357fc48b0,Mexico,web,German,45+,2025-09-30
396d2e6e-86de-404b-a691-6813dd364b97,India,ios,Italian,45+,2025-10-07
21666339-d305-4da5-bee4-2b8f3184ddfc,India,web,Hindi,35-44,2025-08-28
9c2aec6d-9731-4166-8503-9c3928915f8c,India,web,Hindi,18-24,2025-09-24
b9458344-2bc8-49c4-962f-bd58deef5a8b,India,web,Russian,35-44,2025-10-29
bf9e9119-87bd-42f2-a648-36578eb12518,Spain,android,Spanish,18-24,2025-08-20
ea99ab15-4eaf-4d30-8676-728aec6cd956,Brazil,ios,Hindi,45+,2025-09-15
8cecedc2-0e25-437e-80a4-917e1b5a0d92,Germany,ios,Hindi,35-44,2025-09-07
2697cd17-257f-4807-aa4b-bbbf702a7e9a,Brazil,web,Portuguese,<18,2025-09-16
1fd18a04-08a0-463e-a181-e18003f00ca8,UK,android,Portuguese,18-24,2025-11-18
5623bc05-90f8-4571-8029-61a6e9855b6b,France,ios,French,18-24,2025-11-17
f419b779-a794-4395-854d-c48c106f419c,United States,ios,German,18-24,2025-11-21
3bb4334e-3695-4f7d-bdfd-0423336dec98,Germany,web,German,45+,2025-10-14
99619e9c-5d27-4490-a033-010ec6491864,Germany,android,German,25-34,2025-10-17
c9014626-d204-4c4c-bc29-54d55865c327,Brazil,web,French,<18,2025-08-24
d2584bf9-45d6-453e-ad8d-1e172a488926,Germany,ios,Korean,35-44,2025-10-21
9e8aa970-0b34-4530-8023-95625a245021,Philippines,android,Portuguese,18-24,2025-09-23
eaa370eb-269d-4c02-8124-13c0098253a4,Philippines,web,French,45+,2025-08-05
09c90a53-a9fc-4d23-a755-c2f7428eb501,UK,ios,German,18-24,2025-10-18
9c895413-c5ce-4ff9-bf4e-ea7bc0392185,United States,web,Russian,35-44,2025-08-29
a276a0a2-27f6-4204-82ae-dc998086c422,Indonesia,web,Portuguese,<18,2025-11-15
deb1db47-f491-4d3b-a94c-74da83cb2a3d,Spain,web,Japanese,18-24,2025-11-08
acbd14cf-4377-41fd-a64e-d6e02f854078,Brazil,android,Hindi,45+,2025-09-17
5971360c-5217-47c0-8cf9-62c2e3f41e5d,Spain,ios,Portuguese,45+,2025-09-29
a5d53b94-dfe6-4442-901a-fd021e61c249,Indonesia,ios,Portuguese,25-34,2025-10-13
015d3dc2-1277-485e-bba8-f3bbb6a93f1a,Brazil,ios,German,45+,2025-09-30
fc361987-4455-4312-8a05-3f52c4a5b957,Brazil,ios,Chinese,25-34,2025-11-28
894844ce-0afa-48e5-bdd0-0afd184b2f73,United States,android,Korean,<18,2025-11-28
e50b2fa0-9933-4ef8-a705-6924726217da,Spain,web,Portuguese,35-44,2025-11-29
6a5ad831-c286-4a4d-aaff-74854aa4db73,Philippines,ios,French,25-34,2025-11-16
7f152075-d7bf-47fa-8e4c-0a6b8a798e2e,India,android,Spanish,18-24,2025-09-03
ebe9feb6-6340-48dc-acb0-c69d2c6044db,Spain,web,German,18-24,2025-10-22
628b371b-16f5-4543-84da-b6e97aaaa3b7,France,android,German,35-44,2025-08-23
a7282c3f-fc11-42ea-bd68-01444334afa6,France,android,Chinese,45+,2025-10-04
aabeb6bd-4249-4048-90ce-04e2acae268c,Brazil,ios,Italian,18-24,2025-09-28
9c5824cc-92d9-4371-bf6a-2f538f127973,India,ios,Spanish,25-34,2025-10-06
935eae66-9324-4be1-89fe-337974cb15ba,Mexico,web,Japanese,35-44,2025-11-14
9a2593aa-1337-4a8b-b8fe-714af1932155,Indonesia,web,Hindi,18-24,2025-09-17
ac24e85a-9a11-4057-bd1f-5ffc09776a7e,UK,ios,Italian,45+,2025-08-11
d283d3d8-0bbc-4384-9a8e-787d0eb8282f,India,android,Russian,45+,2025-09-29
d099ab45-43a7-44d3-ab83-a38878c25280,UK,ios,Portuguese,18-24,2025-11-16
e8575f30-3cf4-452f-8ee6-f2b8d4504d1f,Spain,web,Russian,35-44,2025-10-23
5119c716-80d2-42d3-bf00-1643ed8a8184,Spain,android,Japanese,<18,2025-08-06
c96e1b7f-b1da-4844-892a-9636ddb74ca1,UK,android,French,18-24,2025-09-16
3f598995-a440-495b-9ebe-a2e1c18e3c3a,Indonesia,android,Korean,45+,2025-10-24
4d77cf9c-f169-4f5f-82f5-48a8eeeb65ee,India,ios,French,<18,2025-11-13
2ead5568-6083-4a6a-af8f-cba79d342cfe,Mexico,ios,French,35-44,2025-10-14
7a980990-7036-4ddf-9f54-7eae972e64d2,Brazil,web,French,45+,2025-09-16
2f13cd4d-e50f-4ccb-9849-d61603fc1914,United States,android,Spanish,35-44,2025-08-31
0fcd5c35-7ad4-4e62-89b5-7d29f46c2511,Spain,android,German,18-24,2025-08-18
8cb3bf61-f2ca-4170-922e-3c889d1a5945,France,ios,Portuguese,35-44,2025-10-26
7d385a22-ae2c-431b-af09-9712e48553d4,Indonesia,web,Hindi,45+,2025-09-19
2e19d46c-c6ac-45e3-9b1e-a7f76893074c,United States,web,Spanish,18-24,2025-10-21
5d0157e8-887e-43cf-ad8b-9afca8b625e3,Mexico,android,Italian,45+,2025-09-30
f974b6d4-726f-43d0-8243-4960d3c43530,Germany,ios,Italian,45+,2025-08-19
261ecad5-587b-451d-afb0-459ba3aba2a7,Brazil,android,Spanish,<18,2025-09-29
f1c69dd0-5496-44b1-b97e-764809d7de29,Spain,ios,Japanese,25-34,2025-09-26
165d962c-6004-48ef-a0c9-ece6a2ba9dc7,Brazil,web,Russian,35-44,2025-10-02
78521548-88c6-4071-9a00-dfeb0b2d31f3,United States,android,Spanish,35-44,2025-09-04
1f3463a0-e684-42a1-9658-0bc0df9e675e,Brazil,android,Spanish,<18,2025-09-22
1b6187a1-5539-4ea9-b93c-0b98917d66be,Germany,android,Hindi,35-44,2025-10-26
221c8d8c-882f-4e12-867f-847a5d0d2325,United States,web,Hindi,<18,2025-10-04
0f14428a-27a6-4260-998d-90fba7b0875a,Spain,android,German,35-44,2025-08-21
1b067cbf-fe53-4773-a45e-8c381240e179,India,web,Hindi,35-44,2025-12-01
cd64ab08-b1ee-4ee3-90f2-95aa6050833d,France,ios,German,45+,2025-10-17
786bc772-6ffb-4d71-9e01-958f42e8d0ea,United States,web,French,<18,2025-10-22
2e025efb-951f-49ac-8867-b75d0e3c86ef,Philippines,ios,Russian,35-44,2025-09-08
7a60f800-f55c-4788-8dbe-ac92abf5cc3b,Germany,web,Japanese,25-34,2025-11-19
debbba2b-011d-48c5-ab47-f563880ce817,United States,web,Russian,<18,2025-10-11
f2a8253d-1dc7-41e9-bfb6-8284d1b885b1,United States,android,German,<18,2025-09-20
714668ce-7c59-4ea0-afb0-cf672713d8ad,Philippines,web,Hindi,<18,2025-10-25
989c0375-b23b-4a2a-bf2c-77fe986e4641,Spain,android,Spanish,45+,2025-08-24
76b2dd18-6f61-484a-ae60-742fa85e9d53,United States,ios,Portuguese,<18,2025-08-10
125fb99d-ae8c-47dd-aaa1-f27cafe5dd2f,France,ios,French,45+,2025-09-02
b879c687-f2bf-48a4-895b-e82c9a28b7f5,Brazil,android,Chinese,25-34,2025-08-14
caa0488f-eb3e-433f-8677-9ab1e848350f,Spain,ios,Italian,18-24,2025-09-06
8c3bec70-7062-4c51-81a3-685052157825,France,web,German,45+,2025-09-14
92266b42-0114-454b-8bf7-28af5add560c,Spain,android,Russian,35-44,2025-11-30
e87e2154-a519-4133-a988-be5914fbe105,France,android,Hindi,<18,2025-09-18
b59a4ccb-963d-484b-9c83-143ec49038b1,Germany,android,French,18-24,2025-10-04
ef21acf8-4103-4180-8bad-3517e6b012ae,France,ios,Italian,45+,2025-10-31
6f3a4522-b4af-4667-b554-1794f2c8c469,UK,ios,Chinese,35-44,2025-09-11
cff40997-ea1e-47b8-97e0-19544bd4901a,France,web,Spanish,18-24,2025-08-25
6d3baa11-bad5-452c-a311-9977f2c05bc1,India,web,Spanish,25-34,2025-08-26
2fabd3ec-afb2-43f4-b0e4-8b72bbfe31c5,India,android,German,45+,2025-09-20
f0e7ac07-8032-4b54-ba17-6750f4687d31,Indonesia,web,German,45+,2025-09-21
5725b661-4552-407a-8bc5-d34e91f06c2a,UK,ios,Hindi,25-34,2025-11-04
8db5f20e-47ab-4bad-af3c-44c1525854a6,UK,web,Portuguese,45+,2025-09-02
8b01937b-272d-4c13-bad0-3e7d78043be1,Brazil,ios,Hindi,<18,2025-11-27
228a4852-7801-452f-9eb2-7dd083ed347c,UK,web,Japanese,45+,2025-09-20
d756582a-dc06-4409-8dda-59744d018b6c,Brazil,ios,French,<18,2025-10-03
c945ae56-3528-4e13-9aa5-4ce3aec37da4,Indonesia,ios,French,45+,2025-11-12
2371db06-386e-495e-b0ec-9973dfb7712d,Indonesia,web,Russian,35-44,2025-09-27
66d56577-c64a-4721-8eb4-77db41994440,Germany,web,Spanish,35-44,2025-09-14
0f68d1d3-7be3-4251-b6b4-54511193b10c,India,ios,Korean,18-24,2025-09-02
74d43a69-7d6f-41e4-ad35-a0968cde2f9b,France,android,Hindi,35-44,2025-09-15
c0d74706-1392-4a80-a22d-d1a5184ac3cd,France,web,Russian,25-34,2025-08-26
666d0894-26ee-4f2b-9e8f-4902c9011904,Philippines,ios,German,18-24,2025-08-18
b8df4fa2-979a-4833-bc9f-8a6381e36c0f,Philippines,web,French,35-44,2025-10-16
3762cbfb-d4ef-4df9-93f8-c2109b9365d2,Mexico,web,German,<18,2025-11-15
7f4b9757-53c8-4cf6-83fa-291242a3299e,Spain,web,Hindi,45+,2025-08-20
0e460d90-1d99-4b84-9cab-514f95bb7330,Germany,web,Italian,35-44,2025-09-07
f1786d3b-c6bf-450b-8773-0b0d106740bd,Mexico,web,German,<18,2025-11-02
b49a0742-7477-44db-b336-d1b11ef407ad,Mexico,android,Korean,18-24,2025-11-29
47887534-6fe6-4bf8-aa90-bc873a916488,United States,android,French,45+,2025-09-21
4ea99061-774f-4817-b004-c929123415b4,United States,android,Hindi,35-44,2025-09-05
b98abe97-378a-4711-a40b-e2f6671938e7,Mexico,ios,Russian,18-24,2025-11-19
c546844e-e6ae-45ec-9565-1b6dd82f3f99,UK,android,Portuguese,35-44,2025-11-09
6e248f47-26dc-4bba-960c-d9a4545019d5,Spain,android,Portuguese,18-24,2025-12-01
02bbcac7-8c8f-46c0-ba88-a34ce67c6117,Germany,ios,Hindi,35-44,2025-10-08
519e5d50-d2a6-43c3-9801-8bec26cea9af,Mexico,android,Portuguese,<18,2025-10-24
c73582fa-77d4-43cc-97be-19d1e2b9a3e4,France,web,French,25-34,2025-10-11
432bb531-02f1-4c68-a048-fb3cd6cd48a1,Spain,android,Italian,<18,2025-11-14
f04c9c57-20c8-4edd-a29e-01933cb38905,United States,android,German,45+,2025-10-12
8ed2820b-d7da-4757-aa59-dece91d38374,France,android,Korean,35-44,2025-09-06
01fa9a93-3bda-4c2a-9a00-d91cc56ed4d5,United States,web,Chinese,25-34,2025-11-07
2efdce82-2bf4-45d4-931b-b5e5c1ff0a8b,United States,web,Russian,25-34,2025-10-12
961f69b6-8b7b-4195-a56d-cbbe97d1aa5f,Spain,web,French,45+,2025-09-30
60eecef8-de5d-4edb-8f1d-fb5c1404cd2d,United States,web,Spanish,45+,2025-08-26
e96f43d5-3548-4be1-80b4-c43d978dedb7,Indonesia,ios,Japanese,25-34,2025-09-16
3cb29147-1281-42e0-b96d-8a1c81652a6b,India,web,Japanese,45+,2025-08-08
54e3451a-3357-40e7-a9a3-4085524d98e3,Indonesia,web,Russian,45+,2025-10-04
e0760dd8-23c8-4e80-bba7-ceee6a00f73b,India,web,French,35-44,2025-08-14
d5ad8f0e-232a-475d-ade8-2d10fe1433ea,Philippines,web,Hindi,<18,2025-08-17
c729241d-9fd5-41ab-9302-03f167beabba,Philippines,ios,German,18-24,2025-08-31
ac463a75-3337-4640-a6d7-a78d9a3805a5,United States,android,Hindi,25-34,2025-09-01
d0eabb09-9615-4308-9739-e0d010794883,Germany,android,Hindi,18-24,2025-11-26
044c135e-18d2-40cf-9369-6b2b72e17ca5,Germany,web,Spanish,25-34,2025-09-04
ee3a4d74-44f9-463c-a43a-a7d980d3a85f,India,web,Portuguese,25-34,2025-11-16
b562c29e-d8b1-4726-a385-7add1dd5009a,France,web,Japanese,<18,2025-09-28
0d620409-28ed-4ee5-8865-98330ed0d282,Spain,android,Chinese,25-34,2025-11-07
56735c9d-c31a-4101-a182-4d09a9487393,United States,android,Chinese,25-34,2025-09-23
e48fdf6d-6df8-43b0-ac8e-19c03140e02b,Spain,web,German,<18,2025-10-23
5a085e93-f0da-47d8-9029-632ef725b26c,Indonesia,android,Japanese,45+,2025-09-10
3398c40e-dc2f-4413-b7ca-fb62c931b990,Germany,ios,Spanish,18-24,2025-10-03
7e499e0a-9685-4bb3-87d2-d669f7645963,UK,web,Russian,25-34,2025-09-27
ced98238-5f0a-471f-a116-8a614eca781f,Indonesia,web,French,<18,2025-10-16
493073d7-dedc-4b9c-bdb0-2f7091c1bb03,Indonesia,ios,Hindi,25-34,2025-10-24
5222695c-3bc9-4106-927c-ef165e73a6ec,India,ios,Hindi,<18,2025-11-11
d6ac33e6-f7c1-4032-8f32-40ea31e047b9,Brazil,android,Korean,18-24,2025-10-06
f5841c12-6458-4a85-bbfd-896907cee5f3,Indonesia,ios,Russian,35-44,2025-08-09
9149b5e9-8540-43da-9b36-27e04124e0c6,United States,web,Korean,45+,2025-09-26
7591de74-2704-437b-9abe-73baa93a0f8f,Mexico,android,Korean,35-44,2025-10-21
1f8921d7-9658-4412-9915-278335367ed7,Mexico,ios,Portuguese,<18,2025-09-25
c9beaa3e-28ae-4bdb-a488-55fa13fd9e1c,United States,android,Chinese,25-34,2025-10-19
d3bba70b-9d82-408b-8391-3d144b3ab1a5,Brazil,android,Korean,45+,2025-09-08
da9ce53d-c714-486e-90fc-13cae0f1e44c,Brazil,android,Hindi,18-24,2025-08-27
d7b0fb2d-50d8-4aee-82e9-12d12e2ed591,India,android,Japanese,45+,2025-08-14
9acf7dc7-83c0-4a49-aad2-e6532060bfcb,Germany,ios,Japanese,25-34,2025-09-02
141efba1-fb59-4546-9954-dc250208d978,Spain,web,Portuguese,35-44,2025-09-07
55186dd3-7053-4b24-8ccc-941568fc2139,Brazil,web,Japanese,<18,2025-09-12
c8d42e23-7aed-4334-848d-f78f00d9867c,UK,ios,Hindi,35-44,2025-08-23
df809c7a-91c3-4199-b0ff-516aed51e5c7,India,web,Chinese,45+,2025-09-06
90776f46-de98-477e-b4fd-9852e08791ff,Philippines,android,Chinese,25-34,2025-10-31
4ba2a689-89d9-4d49-964d-af6ccf422b55,France,android,Chinese,<18,2025-09-16
4f93de52-1a7b-40b4-af43-e7eb7ed72924,Philippines,android,French,25-34,2025-10-03
a061a2bb-ef3d-4a10-bb2e-be980a5e8a10,India,ios,Russian,25-34,2025-11-09
e2569c75-d16f-4137-983f-3aabf4cc1a62,Indonesia,android,French,45+,2025-11-02
5f632b6f-7354-41f5-a7f0-7233c69b31cb,Spain,android,French,35-44,2025-10-29
7f4471c3-f246-4ed2-ba4f-1ee38ab71f22,France,ios,French,25-34,2025-09-23
94667cc3-891f-46af-ad42-0364735e7af4,Philippines,android,Japanese,25-34,2025-10-26
4fd1e67e-7d86-4e2e-838e-c48dc26f4fb7,France,android,Italian,25-34,2025-11-05
8ae69f92-6cf9-4612-95dc-572061201db8,UK,web,Japanese,<18,2025-08-05
17dcbc0e-944f-43b4-b2c9-9a25eccb7b68,UK,ios,Italian,25-34,2025-10-26
ae521e03-b4a7-49bd-b0d9-768355926d36,UK,android,Japanese,25-34,2025-08-27
c77e8f9c-a2c5-4dd0-9acd-8f39622b02bb,India,android,Hindi,45+,2025-10-28
58bc116e-8cf7-4468-8a87-61460cf7ec7c,Spain,android,Russian,25-34,2025-09-04
8598f28c-df6e-47f8-9aae-205a9b860bc4,India,android,Spanish,25-34,2025-11-07
e434f551-fa10-415e-854e-37f68bdba0ac,Mexico,web,Spanish,45+,2025-09-06
ae2a13c9-1a15-4149-ae8b-2bbc8b0ca46d,Indonesia,web,French,<18,2025-09-04
c1ca38ea-51d8-40a0-9ac3-b696387bc269,Indonesia,web,Spanish,35-44,2025-10-02
18d26323-53a7-41e9-914b-46b248d85c4a,UK,web,Russian,45+,2025-10-24
0f328997-e8cc-42d4-885d-366c16146c83,Mexico,ios,Russian,<18,2025-10-03
df086e5c-897e-424b-8e84-5be32eeaee2e,Brazil,android,German,35-44,2025-10-20
ee4e372d-cb88-42f8-bbc7-d98d7e34acdd,Brazil,web,Portuguese,25-34,2025-09-23
fef2bff4-258b-4997-b76f-d7055b02620b,UK,android,Russian,45+,2025-08-06
16098f93-dab9-4947-8f23-edba03807afc,Philippines,ios,Portuguese,25-34,2025-08-06
d3c8d7f1-ba04-49bd-b64a-7912eb33eac7,India,android,Spanish,45+,2025-08-24
a165a17d-967c-480b-8130-78fad218a3fb,UK,android,Portuguese,35-44,2025-09-02
dcc3ca8f-ba92-4dfd-bbf9-e686c1b04df8,Germany,web,Italian,<18,2025-10-29
6c4d8848-a682-4796-a568-7ebd32927060,France,web,Hindi,45+,2025-10-28
ced5a6c1-84a6-406b-a778-e43108bda88c,Indonesia,ios,Portuguese,<18,2025-11-18
30e756ee-0d44-460b-a019-4749da56250b,Brazil,android,Hindi,25-34,2025-09-21
7e93cd76-7f1a-4ee0-8ae7-d424e85dad14,United States,web,French,25-34,2025-09-08
ad884844-47cb-42c6-b585-588ab6b44ae0,Brazil,web,Spanish,35-44,2025-09-25
587bccf1-9da8-447c-911d-82a702b6add6,Indonesia,web,Hindi,35-44,2025-10-16
49440a7e-5123-4451-b384-7093655b8abf,France,ios,Korean,18-24,2025-08-11
1e2da03f-91df-4aa8-a965-fc8c231d2740,Indonesia,android,French,18-24,2025-10-14
a53ac78e-e3f7-4bf4-81d8-14fdf747d59c,United States,web,Hindi,35-44,2025-08-21
a1afd100-419a-45cc-b39c-354b54ba0072,UK,android,German,25-34,2025-10-20
1dfb80eb-436a-4d70-9a5b-60a106096a0a,Mexico,ios,Portuguese,<18,2025-08-27
075c304e-9427-4ff5-bace-5f8494dfa253,United States,android,German,35-44,2025-08-23
0c0810a7-0bde-4565-b9ee-7f71610f67b5,Indonesia,web,Russian,<18,2025-11-15
41da161d-9e50-4925-a2fb-dc6c385f3272,Indonesia,android,Italian,18-24,2025-10-27
13431452-ce57-41c6-869d-f5944d1a8a09,Germany,android,French,<18,2025-11-28
76b5b774-66bf-4d85-9c17-70d390d2feb3,Germany,ios,Chinese,35-44,2025-10-28
6a9107aa-9941-4e43-84a0-790730cb2925,Spain,ios,Chinese,25-34,2025-09-03
bb9525d0-7741-4cd3-a468-d5106a953c12,Germany,android,Hindi,35-44,2025-11-23
df6e7ba3-3368-4b03-9759-32b982335f1a,India,android,Portuguese,45+,2025-10-20
e809be19-5087-4829-855a-53cd233fef94,Mexico,android,Spanish,45+,2025-08-07
cf9fdbd2-cd55-429f-8b3f-a7986218ae8f,France,ios,Chinese,45+,2025-10-08
75681501-b353-4789-a6b4-29462bb13f63,United States,ios,Spanish,25-34,2025-09-11
4eae6bd9-e8db-4eca-ab4c-d7ebe4165103,Indonesia,android,Chinese,35-44,2025-11-01
34929234-cd4c-495f-b552-eb2b706ae5c9,Spain,ios,French,45+,2025-08-30
aab613e8-1746-4ec6-a8b0-bb483d6e5c2c,Spain,web,Chinese,35-44,2025-10-03
a2064f3e-05b4-4522-b728-2e21d9f3e410,France,ios,Russian,18-24,2025-11-06
05d37f04-46b3-45cc-9e22-7d95cde8b9dc,Mexico,ios,Japanese,45+,2025-11-08
d2bbf2e2-5b72-42a8-8b40-ad4d5e8e92fc,United States,ios,Hindi,45+,2025-08-20
ab16fd2f-61f0-45ac-bc9f-559dda601688,Brazil,web,Italian,25-34,2025-09-26
f1b3599d-e5d5-4631-ad83-d5d337d9f728,Germany,web,Chinese,35-44,2025-10-30
33d6bc1c-84c1-4236-9532-5fbe2566e54e,UK,web,Portuguese,25-34,2025-08-06
96bdf707-72e9-4557-8ed6-7b3a152b71dd,Spain,android,Italian,25-34,2025-09-23
2eb19cd3-17a0-4619-8513-f8648f11a581,Germany,android,Spanish,35-44,2025-09-05
76004de9-4b08-4010-be53-94ef563a309a,Germany,web,German,18-24,2025-10-30
d4ba636b-ca70-4e32-9d39-b8feee8ac9e2,India,android,Russian,35-44,2025-11-16
31d34b0d-e2d2-49ee-995d-6b7b59ce1584,Mexico,android,Korean,18-24,2025-11-20
a6798416-5e8d-456a-b944-079e45dd99fe,UK,android,Korean,25-34,2025-09-16
610fcc43-2c67-43ed-a0eb-d1a6e2ff095b,Brazil,web,Italian,18-24,2025-08-31
afa8f305-e966-45cf-942d-2e4e5b8fc2ee,Indonesia,ios,German,18-24,2025-09-19
ad39de6a-a61a-42ab-89c8-4ddd0f44c10d,India,web,Portuguese,18-24,2025-11-03
f5505345-bb1e-4809-9791-de8f57f165d7,Germany,web,Italian,45+,2025-11-02
a87ac0f4-f8b9-4815-8432-4bca80598874,Germany,android,Spanish,45+,2025-11-27
97d043a1-1683-4fa0-8f55-076880c353f3,Philippines,android,French,25-34,2025-09-09
f4ce8347-98f7-40c9-9e57-88c4a67f0457,UK,ios,Italian,35-44,2025-08-10
9808041f-9e5c-4c99-951f-c8b52f80ce41,UK,ios,Korean,18-24,2025-09-27
f2d3df4e-8667-4ab4-921e-ca50be28b702,Philippines,ios,Japanese,45+,2025-11-05
4f0e08a6-0a2e-44df-8dd1-d2bc52613cf1,UK,ios,Korean,35-44,2025-09-13
6710c7ad-ff98-4e64-90c0-a6072b70d02b,Germany,web,German,18-24,2025-11-04
22236391-27aa-4d06-bba0-01066469d62c,Spain,ios,Spanish,35-44,2025-11-27
86696ed3-14fd-4e42-96bd-68c0c6bfb46b,United States,web,Portuguese,<18,2025-11-21
8aa4033e-7119-433e-bc0d-24d21418cb16,Germany,android,Russian,18-24,2025-10-12
f9755a16-bf0e-49c2-b3a6-e805bfb8ec42,India,ios,Hindi,35-44,2025-10-22
82c38a26-8aae-4fb0-ae7d-de5df2ddf6b2,Mexico,android,Japanese,18-24,2025-09-03
0ed9180e-a266-427a-adae-d9fb0130fe3c,Philippines,android,Russian,18-24,2025-10-04
338aa5ce-5155-481f-a69e-54dda05cc0c7,Brazil,web,Italian,<18,2025-11-21
a5372448-6b5a-41bb-a80a-63df73cefaed,Indonesia,ios,Japanese,35-44,2025-09-07
1fc2939f-3139-469a-829e-f8ec2c813c26,Brazil,web,German,25-34,2025-08-27
331093ff-0f5c-475a-bd83-0343e8ce6652,Germany,android,Spanish,45+,2025-11-16
0d25631c-b607-4b5b-9d99-c49b58856817,India,ios,Portuguese,18-24,2025-12-03
d9f93b75-45ce-49c0-ad32-d2bf1cd9dd1d,Germany,android,Russian,18-24,2025-09-24
b75bb3b4-21ae-4b70-970e-9093cf82944b,Mexico,android,Italian,18-24,2025-08-07
0cd393fe-d0cf-440b-9925-0219b91caf37,Spain,ios,Spanish,18-24,2025-11-13
cac0e0f8-cf6a-4276-8ce7-4ed0975db227,Indonesia,ios,Italian,45+,2025-10-12
3be0e2a0-9c65-4eed-8ec3-f67e0db13d10,Mexico,ios,Portuguese,25-34,2025-09-11
20210ec6-725d-4d54-925e-cbd32d469a62,Philippines,web,Russian,<18,2025-08-06
abd513dc-e79b-4495-91b9-f050e4311826,Philippines,web,Italian,25-34,2025-08-13
8ed4a867-91fc-4154-97e6-50e82a1d9ddd,Germany,android,Spanish,45+,2025-08-13
25765ed8-92bd-47c7-b6c5-eeb1e1f10bfd,India,ios,Italian,35-44,2025-10-04
56912849-83e3-4a41-86aa-8facf5ea2418,Mexico,android,Russian,<18,2025-10-03
c9f25b7b-3724-466b-82bc-bf54eed33f01,France,android,Spanish,<18,2025-09-11
fa5bee59-6e89-4838-9edf-f5f3a84eb3ea,India,android,German,35-44,2025-11-08
11934c53-a260-4dec-9330-83e4558db6e6,Spain,android,French,18-24,2025-08-29
91e7c051-69ae-423c-8eb4-9de42eed20df,Philippines,android,Spanish,45+,2025-10-28
903a4db2-2c91-4651-9903-709e9dc24451,Germany,ios,Japanese,35-44,2025-10-23
d5d56855-fc74-49bf-b4d9-572e3f655af3,UK,web,French,25-34,2025-10-28
4346dbc8-56d0-47e5-b7b2-a0bac2d77ad7,Philippines,ios,Italian,25-34,2025-09-12
67f8c20a-4da8-41ae-91e4-197a694fd40a,Indonesia,ios,Russian,35-44,2025-11-26
da21bf27-e24e-4464-9d2c-1f45bd533158,United States,ios,Spanish,45+,2025-08-09
dd2ea81e-4f01-4012-a4c0-254f547d1997,UK,web,Russian,<18,2025-08-27
2a7f82dc-3f7c-468c-9390-4174af050cff,Germany,web,Spanish,<18,2025-11-22
071b0a28-5b77-4096-ab44-907a1a68fca5,France,web,Russian,18-24,2025-09-11
8f448a6f-3833-4856-9e26-dbee42fd9039,UK,ios,Japanese,45+,2025-09-21
2203bb9d-3227-426f-9b10-aaec5aff5eca,Indonesia,web,Hindi,25-34,2025-11-04
33d39841-4415-4082-9113-44d111040d4a,India,android,French,25-34,2025-09-26
d9dfdf1e-065f-45ec-a222-481b8a6d8baa,France,web,French,18-24,2025-08-31
c84d0e07-94fe-4388-9d21-5bdc86ec991e,Philippines,ios,Spanish,25-34,2025-09-02
4605182e-ff69-455f-9e5f-90e185685fe3,France,ios,Italian,18-24,2025-08-17
c9ba6d9c-2e9f-4cdb-b2c7-a2eec48d22b2,Mexico,android,Portuguese,18-24,2025-08-06
474ac540-fbe6-488b-9407-3d6f04d98d33,Indonesia,web,Portuguese,35-44,2025-11-29
95ec3b6e-99b5-4c66-9983-58918b081fa6,UK,web,French,<18,2025-08-09
48726818-7bde-4724-9274-04b1e4f2a004,Mexico,android,Hindi,45+,2025-08-08
9514c304-144f-46a6-83e1-568cb6f313c1,France,ios,Portuguese,45+,2025-11-11
13814cd0-3517-41a3-8b11-cd47fd1768b7,Mexico,ios,Chinese,<18,2025-10-11
c71a3580-548d-47fd-a70c-61f55082933f,Brazil,web,Portuguese,45+,2025-08-13
d41692c8-1172-4113-b711-9cd477cf63b1,Indonesia,web,Korean,25-34,2025-08-18
502cc1a0-0cbb-416b-94e7-0bd617e5c0f4,Spain,web,Russian,25-34,2025-11-11
55bd2823-f9f1-4de3-99df-e320dd1a8174,India,web,French,45+,2025-08-06
9beeeded-0f3e-40fb-9444-32ef0b1e1f78,France,web,Hindi,35-44,2025-08-08
20b2752f-952d-4918-8a30-c8f142523fcb,Indonesia,ios,Italian,45+,2025-11-29
0e6e6c93-55ee-48e5-9a66-d5c962478ad0,Spain,ios,Spanish,18-24,2025-08-18
f856a872-a03a-4b89-bab0-2536eb043bc8,Spain,ios,German,18-24,2025-10-14
0f37086b-676a-4d1d-a018-0c74b33bdce5,Germany,ios,Japanese,<18,2025-08-25
d54cad5e-abef-4123-a499-4a9659013c8c,Mexico,android,French,25-34,2025-10-01
47c5e728-27f1-424f-8ca3-cd98e38913cd,Spain,ios,Hindi,35-44,2025-11-10
9245896d-b1a0-4729-a527-96e2bdcc3c9d,Brazil,android,Spanish,45+,2025-08-06
77f5ce1c-664e-406e-a8ca-c74607ebba1e,Indonesia,ios,German,18-24,2025-08-30
63617b4d-ff80-479c-852b-cef8234eadda,United States,web,Korean,25-34,2025-08-14
a22355e4-b4fc-4e39-9cfd-6c3e408d77ba,United States,web,French,25-34,2025-08-07
a4d4d8b6-239a-4f6b-951d-12356cae4634,France,web,Italian,35-44,2025-10-27
37c2da2f-2287-49e5-987b-81c076228d2a,Philippines,android,Japanese,35-44,2025-08-13
b7a51f12-0334-4cae-a091-9051be23f0c7,Mexico,ios,German,35-44,2025-11-29
adf14472-b9b2-41a8-9bde-7b4bf8b0cdfe,Philippines,ios,Italian,35-44,2025-12-02
6bdc6793-a3b7-4008-9330-44be3155f864,Spain,android,Portuguese,18-24,2025-10-26
15602530-6a0f-4cdf-abeb-f24afdd446e4,Indonesia,android,Spanish,35-44,2025-09-22
a302a237-9aec-4f0c-a8a6-bab86392cf6f,France,android,French,25-34,2025-09-17
d82c9a9b-1f14-4706-9bb4-738ee0bf888d,UK,android,Spanish,25-34,2025-11-20
7c75f340-3b4e-4212-b433-1c5eea82936b,Spain,android,German,45+,2025-08-07
fedbff52-18b1-4dc1-8ea5-740a168fd846,Mexico,web,Chinese,25-34,2025-10-22
ad3a241b-45fc-4376-861a-ba1ac9fd0bb6,United States,ios,Chinese,25-34,2025-10-28
9a76ee89-ca2b-4824-bf3f-3346257ebab7,Germany,android,Japanese,18-24,2025-10-06
3cb2fc32-7f12-4956-9729-6f746c19d447,Indonesia,web,Portuguese,25-34,2025-09-12
16beebd2-0c53-4993-956d-1b52718fcd2d,India,android,Korean,<18,2025-09-25
11b249e6-f2a8-405f-b6e4-0090b723e025,Philippines,web,Hindi,25-34,2025-09-27
c78523b4-6f88-4765-b0dc-1605aa7d16bc,France,android,French,45+,2025-10-01
6dcd53d0-99ab-4e06-892b-862f4f9ed903,Philippines,ios,French,45+,2025-08-12
18fb6cb8-b079-4f19-9467-e5eb609d71f2,Indonesia,android,German,35-44,2025-08-05
4392b48a-c23d-4641-a3ea-1df6dbf97273,Philippines,android,Chinese,18-24,2025-11-16
f8539b13-7e85-4571-8017-02cee97034c4,Indonesia,ios,Russian,45+,2025-08-17
3c8c9b22-e679-482b-a6a1-9f35dda24f4b,Philippines,ios,Korean,<18,2025-09-30
8060299c-37de-4374-90f8-b311dd3da064,Brazil,android,German,<18,2025-10-05
8b5a1509-e657-48ab-b792-59b8dc463c39,UK,ios,Korean,35-44,2025-10-30
b9899aa6-7ecd-4d3f-b840-241231207349,Spain,ios,Russian,18-24,2025-11-09
9cb346a7-795c-4630-af1e-ac1eb4ebf05d,Spain,web,Chinese,18-24,2025-08-22
85c9fd5e-4124-4846-9fdc-1d9f7c5df21c,Mexico,ios,Italian,25-34,2025-11-19
c9983d39-ab0e-402e-bcfb-aae873a99bd2,India,ios,Russian,<18,2025-10-22
b3937a9b-29ed-48b5-b2ca-927442038373,India,android,German,<18,2025-11-13
0315f298-6c14-498c-99c8-c03dbcf0e5cc,Mexico,android,Hindi,<18,2025-09-01
66dba6e6-7364-4a47-9e2b-47f0d2e1004b,Germany,web,Korean,<18,2025-10-06
97fc69da-e6bc-4999-a670-5c33e08b3003,Spain,android,Portuguese,45+,2025-09-12
7dbc1bc9-bb7f-4e25-b5eb-7a4a8f0430be,Germany,ios,German,18-24,2025-11-01
2800739e-7561-43f2-90a8-182bb888e1a7,Indonesia,ios,Italian,25-34,2025-09-03
fa288cd4-068d-43a4-a0af-3c3d077b11bc,Indonesia,ios,Hindi,45+,2025-11-10
c93a3667-67d6-45f4-9f47-7314dee1f36c,United States,android,Chinese,18-24,2025-12-02
48bbce60-df0d-4477-b8e0-32bf2b12a914,Philippines,ios,Japanese,35-44,2025-08-31
9cd9a214-e992-495f-a638-b98d72713d06,India,ios,French,<18,2025-10-21
21aec2f1-6d95-4429-ad40-b6aa4cd100c1,United States,web,Russian,25-34,2025-08-24
769fcf9c-90da-4338-804f-db908552fe4d,UK,web,French,18-24,2025-10-27
a6b89ef0-967c-4d34-9934-517a78d0dbb6,Mexico,web,German,35-44,2025-09-22
94c7df39-ae56-4e78-bec1-a56c67d37b10,Mexico,android,Chinese,<18,2025-09-08
ae442f6a-af9d-42d8-9894-8d87bf29c195,Indonesia,ios,Spanish,35-44,2025-08-29
0575a7ef-ca5a-4152-a814-6f5f41a594af,Spain,ios,Hindi,35-44,2025-11-09
5f4d59c9-b870-426a-aa0d-2cb5fd20a5d3,Germany,ios,Portuguese,45+,2025-11-11
c3c5a1b0-73c2-4831-8d98-4bc12dff46f5,India,web,French,35-44,2025-09-16
b793d3a4-97d2-467f-b4a9-d69633ee55cd,United States,ios,Korean,45+,2025-08-16
3a898de0-e63f-484e-9eb7-5cd05d38d440,Germany,ios,Italian,45+,2025-09-13
d813f71e-58c1-4d89-b5cc-03dc44a6ac8b,United States,ios,French,35-44,2025-08-11
cd4f7c39-64da-42b3-bd08-1eb6021e114d,Philippines,ios,German,18-24,2025-10-13
6b14db8e-5654-4645-b950-ae87ea912b40,UK,ios,Hindi,35-44,2025-08-20
cf38008b-e532-4b8a-b439-204c21923209,UK,android,Hindi,35-44,2025-10-10
1c4ead0e-a614-4740-86d0-e64470ae3d1b,Germany,ios,Russian,18-24,2025-09-29
55d94d12-fa3a-4434-8af9-f9b66de5c5ac,Germany,android,Spanish,<18,2025-10-23
465b13ba-f60c-4748-ab7f-4c2c44c04780,Germany,ios,Russian,25-34,2025-11-22
9a07956d-8f0d-4520-b2ed-17eac0c7cacb,United States,android,Japanese,<18,2025-10-13
730786b5-83fe-418f-bc24-21bb7123ad9a,Philippines,ios,Portuguese,35-44,2025-09-09
ed9857ce-8357-41d8-9d9f-a94e689c48c4,Brazil,ios,Chinese,<18,2025-11-21
d1ec730b-c021-4c22-a8dd-4e87111aee16,Germany,ios,German,25-34,2025-11-10
4cbc637f-ee97-4e5e-9e8f-af7f2f76817c,Spain,ios,German,<18,2025-11-16
6dc5fadb-6a1f-4989-b007-c94bc8d91fa3,India,web,Chinese,25-34,2025-10-03
b69f33bc-5c63-4046-a801-7bd9b22ccb3a,India,ios,Chinese,<18,2025-10-23
549065d0-01f6-465d-9fa2-58d38245ab6d,United States,android,Chinese,45+,2025-08-06
29ea3b5a-2b9b-4702-a042-3aa4b8f01015,Germany,web,Spanish,35-44,2025-11-02
3ff8340b-fc31-4117-bf77-c6346ad0227d,Indonesia,web,Chinese,25-34,2025-12-03
be17ca16-ac89-492f-83e6-a9e67b75d578,Mexico,ios,Chinese,35-44,2025-10-31
b2f3c378-d997-479e-ba1e-c1ce3ff343d9,Brazil,android,French,45+,2025-10-15
12fe2aa9-ab65-4ab2-82d8-f0f34a359e86,Spain,android,Korean,<18,2025-11-03
c917540c-ed61-4596-a54f-5c419c2f5e60,Philippines,web,Hindi,35-44,2025-10-07
6e70f382-6422-4ae4-83f3-c9cc455add42,Indonesia,android,Chinese,<18,2025-08-29
7f38fa8a-e5be-4580-b87a-991ef308ad10,UK,ios,French,<18,2025-10-30
287c89cf-d83e-43c3-ba6a-b3903987ca97,Indonesia,ios,Japanese,35-44,2025-10-22
b7842ff3-39ad-4974-8276-cedf2f04deb2,United States,ios,Hindi,25-34,2025-10-26
b941098b-3a2b-46f3-b838-7022e9263443,Brazil,ios,Portuguese,25-34,2025-09-20
c89f31e7-26f3-4953-9883-7fdcea6e7345,France,ios,Hindi,35-44,2025-09-02
3de20231-be51-48b7-b53c-553388a03bbd,France,web,Spanish,25-34,2025-09-21
9b670e7a-74b1-4080-95aa-3250b6d17737,Germany,ios,Chinese,18-24,2025-12-02
7d012bfe-ba74-4fbe-a498-673a1c3856c2,Germany,ios,Hindi,<18,2025-10-31
caa9aa25-4cbc-4f93-88fb-204b59e66637,United States,web,Japanese,35-44,2025-09-11
58fb705f-c742-4ee2-acb8-16728c8e1390,Philippines,web,Spanish,45+,2025-10-18
736bae6f-4a97-40b5-8a90-1ba252e8d691,Germany,web,Chinese,35-44,2025-09-06
7ed60017-ea13-4844-a418-92d2b1e097f3,Mexico,android,Russian,35-44,2025-11-03
7686d32f-5460-4e6d-9cb3-68366d899a9b,Brazil,android,Hindi,<18,2025-11-26
52a9d1d9-0ee8-40e9-bf89-a2921873feea,United States,ios,Chinese,45+,2025-09-09
3ee19751-224c-4163-84de-005313eebee9,India,ios,Russian,<18,2025-11-18
03ee6469-a87c-4649-ada2-31acc51303e0,UK,ios,Spanish,25-34,2025-10-05
52db7ff2-f1f1-469c-b7c1-b26f49f6a2b6,United States,android,Italian,35-44,2025-10-25
16fc4a63-9589-46f4-8753-5788a2dd3e56,United States,ios,Korean,<18,2025-11-13
254077ef-04c4-4e11-aa56-28965d039730,France,ios,Italian,18-24,2025-10-13
50acb136-cbd9-422e-b501-51dcab934e77,Spain,android,Russian,35-44,2025-09-07
fe6eced9-b56a-4d99-8ebe-1f5b596ccadd,Philippines,web,German,25-34,2025-09-30
e4c320d8-18f1-48e0-afe0-6f0e0342a3f9,Spain,android,Korean,<18,2025-08-07
a1ae4c72-5d8b-4267-87a6-49a008e24548,Mexico,ios,Korean,<18,2025-08-11
8bd9fe99-2a62-456d-9aa6-c683b69b9380,India,android,Japanese,18-24,2025-08-12
e9518949-7118-412d-a05c-cb068cd03296,France,web,Japanese,25-34,2025-09-04
26b7c146-d22d-4451-89cc-98fa13231249,India,web,Chinese,18-24,2025-08-27
978ead8e-85ab-47a1-a219-623d74954150,Mexico,web,Hindi,35-44,2025-10-25
d7bb13e4-10b7-426e-ac4c-5db7adb92a72,Spain,web,Italian,45+,2025-09-06
99509306-60e0-471b-8073-3442fed83237,United States,web,Portuguese,<18,2025-11-18
022039fc-a579-4071-accf-df7fba2310e2,Germany,web,German,18-24,2025-09-13
b1544f9e-d9db-4de9-955e-9df90e571912,Germany,ios,Portuguese,<18,2025-08-08
1181b88e-afa3-4138-abff-94a07e3d0bd6,Indonesia,ios,Chinese,<18,2025-08-05
f41db270-8215-4a3b-a22a-50fc985658fb,UK,android,Russian,18-24,2025-10-27
18841d0d-01e1-4830-bc89-ceb180dd2c38,Philippines,ios,Korean,<18,2025-10-17
04d4f4d1-f71a-43e3-96d1-66bd4e327143,Mexico,web,German,25-34,2025-09-16
f47f5af7-b7e6-486d-8d9c-9d32708e8a73,UK,ios,Chinese,25-34,2025-11-05
a2bd6a9f-c4e2-4188-9efd-b5caf2ed6236,Philippines,android,German,45+,2025-11-05
be8f9e69-8985-484d-8566-22086758096d,UK,web,French,25-34,2025-11-16
c8d1c410-ac81-4423-9a37-7e3268e1e259,Spain,ios,Italian,18-24,2025-10-03
f2c69b5d-384d-4d8b-8bc7-83c55ea9d1fc,Philippines,ios,Japanese,25-34,2025-11-14
60ca8bea-77f1-4bac-a650-0ef277623511,Spain,android,Italian,45+,2025-10-06
801d6e80-1fea-4cba-b3ff-8b20da094cb0,United States,web,Portuguese,35-44,2025-08-30
4bf7a4b1-9839-4451-ad9a-cbfd5165eaef,France,android,German,35-44,2025-09-17
3e1f28ef-fc57-4586-92b6-58d36db74178,Spain,web,Spanish,18-24,2025-10-17
f1dfd281-5f8f-497b-be37-5e72b2dd7bb9,Germany,web,Japanese,45+,2025-10-11
f076b5a6-5216-4edb-b2d9-8a8b0444575f,UK,ios,Portuguese,25-34,2025-09-05
2793de5d-fd1b-495e-85a8-192eeb8828b9,Indonesia,android,French,45+,2025-09-24
a6cafeaa-6f15-4fcc-9e83-cbd8c1a5a264,Brazil,android,French,<18,2025-08-09
e364a0f0-e26c-4ada-bffc-04bdef9f8ea8,Philippines,android,Spanish,45+,2025-10-04
3d00ad22-ca8d-46de-a7fd-17044bc44b36,Mexico,web,Korean,25-34,2025-08-29
337e4c28-2a51-4e18-a061-448928eb1370,Indonesia,android,German,18-24,2025-09-26
312bfc58-1758-486d-a5e1-98e08a5f9ab1,Germany,web,French,<18,2025-08-23
fa79542c-3a4d-487e-9a42-eb19bb4a57c0,Spain,android,Japanese,45+,2025-09-09
74825c27-2a67-4483-be8d-6878984fae2b,France,android,Portuguese,35-44,2025-08-20
19d44fad-1606-4419-ba60-68b8cace793c,United States,ios,Spanish,25-34,2025-11-06
bce7548f-d167-41d2-9c16-671fa0561d84,Brazil,android,Korean,18-24,2025-08-28
86677f53-2e6f-4361-a09e-7f69e40e54a4,India,ios,Korean,25-34,2025-11-02
7ddbad7f-89cb-4fbc-a9c8-c81624ff17c6,Indonesia,ios,Chinese,45+,2025-09-07
b104c5da-5865-4cb9-ba3b-719a11a7a5f7,France,web,Portuguese,18-24,2025-08-29
56f358a6-3e21-4385-823f-5f4f1e3b89a6,India,android,Japanese,35-44,2025-09-18
dcf7f7cb-4ab1-4eaf-a7b1-1eedfa9c0b5f,Brazil,android,French,<18,2025-08-14
ac929cba-5ee4-4881-b388-b5dafdc70773,Mexico,android,Chinese,45+,2025-08-25
2dffc836-2454-4101-8629-3f191a36fdea,Mexico,ios,Hindi,18-24,2025-11-23
11a4105f-f1eb-4ae6-9418-385d0a321e45,UK,android,Japanese,<18,2025-09-27
2ab7a1a4-c8e7-479e-a8c1-525847acd418,Brazil,web,German,18-24,2025-10-07
099f453e-3a3e-4542-a3c7-4e1ab491240a,Brazil,web,Portuguese,45+,2025-09-27
4b2701a7-0e1f-4157-87d9-55356bc029d2,India,android,Spanish,18-24,2025-09-04
e7d170e3-b9de-4c7f-a41b-000016800765,France,ios,French,35-44,2025-10-18
93a77f77-1167-4800-b189-67017dc69d11,Philippines,web,Hindi,18-24,2025-11-24
ed682d3a-8033-4266-8bce-e792013483bb,India,web,German,45+,2025-08-08
2abb11e3-165b-44df-b59f-d30450b979fd,United States,ios,Spanish,18-24,2025-09-22
0ab2d730-e275-4cfe-9a8b-95f7fae04a19,Mexico,web,French,<18,2025-11-19
82155e3d-c26a-40d0-850b-eabbdcb2c579,Mexico,ios,Russian,<18,2025-11-26
9972436a-1f48-4713-9631-b1fe6c44c442,UK,web,Russian,25-34,2025-08-19
bcba0b8b-bf78-424d-a12d-35a6b8d7c5f4,United States,ios,Korean,25-34,2025-09-24
d2e55a57-4b91-4757-8ce5-a4feab88ec54,Mexico,web,Hindi,35-44,2025-08-10
018a71bc-af27-40b7-89c0-6dcc0f81776a,India,android,Hindi,<18,2025-09-30
c5af1e51-294f-4c98-83e6-845891fcad72,United States,web,Russian,25-34,2025-11-08
1bedbab7-e1f1-4b8c-8556-3faaed8bfc4b,India,web,Chinese,18-24,2025-09-21
21219d64-1339-4f4b-8c94-894893d40e06,Philippines,android,Chinese,35-44,2025-09-26
1b147b1a-8ef3-4f9b-b577-1b73cfad6d68,Philippines,android,Korean,45+,2025-11-14
a609bdae-2bf5-48de-9a52-feaf03d873d0,Mexico,android,French,25-34,2025-11-12
780b6149-08fe-457c-ad41-a1f481ee00ef,Mexico,android,Chinese,25-34,2025-10-23
261a121d-39d1-4199-b33a-46af9a8f3e14,France,ios,Chinese,<18,2025-08-16
5e65a8c6-2cf2-4fa1-b25e-33d9fb2bf148,Philippines,ios,Italian,35-44,2025-09-28
4c075fca-5096-49b7-b39e-15c0fdd52506,Indonesia,web,Italian,<18,2025-10-08
35233ade-53b6-4140-98ef-4bdfb27c8d18,Indonesia,web,Japanese,<18,2025-11-19
85405542-2f86-47da-af4e-0a7384020ceb,UK,web,Italian,35-44,2025-09-07
dc9b5c5c-35eb-4976-872d-1c711bac6953,Philippines,ios,French,18-24,2025-11-07
cd4c30da-2aaf-44fc-8ed6-a25d94559d5f,India,web,French,25-34,2025-09-03
15c99595-8a7b-4035-b7b8-02ccde387727,India,web,Italian,<18,2025-09-20
5183627a-fba2-4cd2-904c-7800887d82bc,Germany,ios,German,25-34,2025-10-02
532e7a51-80a0-4e5a-a3d9-93894b97c51a,United States,web,Spanish,35-44,2025-11-22
3243dfab-0888-4fd0-b072-5e237da72778,Spain,ios,Korean,18-24,2025-08-10
ef14bb2e-dfac-4ff3-8923-98bc7ebbe67a,Indonesia,ios,French,45+,2025-09-29
4b1a2219-771d-4cc0-8e81-642d265f9fbc,Mexico,android,Russian,18-24,2025-10-07
151d6952-97f8-4cb9-8e76-7aa79f4317b8,UK,android,French,35-44,2025-08-22
dd3dbc33-7222-4e1a-b1f9-93dbe9eea427,Spain,ios,Japanese,18-24,2025-11-26
a8ca973f-1d21-4ca6-b07c-51216eef0220,Brazil,ios,French,45+,2025-10-06
5b002649-5174-46a6-b04a-61592101cedb,UK,android,Hindi,<18,2025-11-17
b78cc141-a813-4e73-b718-9fb4ac08aa40,Brazil,web,Russian,18-24,2025-09-29
9b59f0d7-abb5-4a82-a9df-7865d98b0277,Philippines,web,Spanish,35-44,2025-10-11
63b83f81-1283-4c96-b850-a8b3426c9b1d,Brazil,web,French,18-24,2025-10-06
059324f2-6aaf-4d89-ad32-e0b83722358a,Brazil,ios,Italian,45+,2025-09-22
5177aeb2-901d-441e-94fc-600abc5eb003,France,android,French,35-44,2025-11-26
87f0bbb4-d7ed-4eeb-86c1-b6e023ee3362,France,web,Korean,18-24,2025-09-23
6668b682-856e-47cc-9ae9-4fdcdd7979c2,France,android,Japanese,35-44,2025-10-05
545a1b23-ca28-4d1a-a3f2-eb585f7bb119,Philippines,android,Korean,45+,2025-09-08
e7fca638-7579-47a1-969c-0abbf80f4e78,Spain,ios,Spanish,<18,2025-08-22
d07ae6e0-7c24-441a-a57b-059eacd4b6df,UK,web,Spanish,45+,2025-10-25
9eb50984-5938-425b-8676-75e12c5adfd8,UK,android,Spanish,<18,2025-09-02
cdf1a2f0-9b59-4dc3-bbd4-afa98b9eb3f3,Mexico,ios,Japanese,25-34,2025-12-01
c8ad2959-e128-4498-831a-7254ac68ce6d,France,ios,Korean,45+,2025-10-14
fbb27a1f-70e4-4f21-af17-5bc75e10cc88,Philippines,ios,Chinese,<18,2025-11-01
9a324f6d-41a8-4b8b-b1dd-96a3e4365e8f,Mexico,web,Hindi,25-34,2025-08-21
7e85ad4e-efc1-4337-9ffe-97be7f19f1c7,United States,web,Spanish,25-34,2025-12-03
9daa8733-98dd-4cee-b70a-f64c9d01f362,Mexico,ios,German,25-34,2025-08-30
b5d650e8-c385-4b91-a0df-36caf817e152,Spain,web,Korean,35-44,2025-11-06
fe7d204c-876b-4ffa-9868-f8b6a90c8699,Indonesia,web,Korean,45+,2025-09-20
19f34619-ccb9-462c-ae77-4f52765de238,Brazil,android,Italian,45+,2025-11-24
f7a76ea7-c555-4145-a392-ed76b27b5f60,France,ios,Portuguese,45+,2025-11-28
10128616-e809-49b4-92c1-a5fc16898eec,Indonesia,ios,Portuguese,45+,2025-10-10
91b94139-f7ec-404a-aff6-dd76d20fc75d,Mexico,web,Russian,35-44,2025-10-20
825da269-0e6a-48ba-9535-49bffbc43225,Philippines,ios,Japanese,45+,2025-09-05
b38dc2b9-7747-4945-b47c-f170088f13c2,Brazil,ios,Spanish,<18,2025-11-25
00191bf1-c1f5-44f1-8241-a455855f9850,UK,ios,Italian,25-34,2025-09-25
b0b7c890-f459-4007-93a5-406b1f8fbc64,India,web,Spanish,35-44,2025-11-26
250bb43a-1ac5-48a2-9825-a1deada12bce,Brazil,web,Spanish,35-44,2025-08-06
8b3c5698-c094-43ad-87f3-2648cf010e99,Spain,web,Italian,45+,2025-08-11
5cc108c2-ae71-4b87-ae71-92dbf816e866,Spain,android,Italian,25-34,2025-11-25
bc0403c7-b6aa-41af-b652-fb347a36bc49,Mexico,ios,Hindi,<18,2025-08-06
048e95fd-1eaf-4633-9830-4129251c52fe,United States,android,French,25-34,2025-10-04
4e5df096-82ad-4efb-b5b9-7bb8366a97ec,Spain,web,Portuguese,18-24,2025-11-29
cd25d7e1-2b8f-43b8-b257-a7679a3b82c2,Spain,android,French,25-34,2025-10-28
e1a7cf13-e6c6-4f05-b2fe-eef723fdb149,Philippines,ios,Russian,<18,2025-10-12
bfb83e7e-079a-4990-9de5-eab813e44a29,Mexico,ios,Italian,<18,2025-11-10
8f6863ab-3e0b-4c8f-b91d-f36b537681c3,Brazil,web,Japanese,<18,2025-08-27
dbd91e88-d45e-4661-a89c-9c42a7a7f1a5,United States,web,Russian,35-44,2025-11-16
147b80b2-3e5f-4b93-b584-ca495911467a,Indonesia,android,Italian,35-44,2025-08-27
9248c148-0d26-4c49-8ac5-258fa6b82766,India,web,French,18-24,2025-09-12
754aa300-5d76-4196-85cc-fdf914219767,France,android,Chinese,25-34,2025-09-01
b4e2055d-3579-4257-89e9-05f882573655,UK,ios,Chinese,45+,2025-09-12
a5fee349-637c-4da0-b056-9a87a00d51b0,Spain,ios,Portuguese,18-24,2025-10-11
3ebbd44d-bacd-4b25-8675-6024767db724,Mexico,ios,German,45+,2025-10-17
eee5760a-65ae-4cce-8270-17a4fe8d6d1c,France,ios,Japanese,45+,2025-08-11
5d0ddcad-a011-454e-a08f-2bac833ab351,UK,ios,Spanish,18-24,2025-10-16
fa03886d-a7e1-4d61-acde-d14f990f3149,UK,android,Korean,25-34,2025-10-07
47af4d6d-a60b-44b7-903a-6731b0b8c2f5,Indonesia,ios,Russian,45+,2025-08-14
57998c36-4aeb-4809-8910-26c994be28c5,Indonesia,android,Italian,35-44,2025-08-08
e8ce9f2c-09fc-469c-ac26-65450a6f191f,Indonesia,ios,Chinese,35-44,2025-08-09
faa3c12d-2636-40ea-a94d-4fbdfab38a19,Germany,android,German,18-24,2025-10-16
d8b66a6e-6f64-4e11-95c7-fe21dff2a516,Germany,android,Japanese,45+,2025-10-16
42a61016-4300-4916-bc9f-4d1ea9c57866,UK,android,Japanese,18-24,2025-11-23
5c7e4215-86a5-4e4a-ab52-390734717b16,Indonesia,web,Chinese,35-44,2025-09-07
32bad461-0c89-4e0c-bc6e-34bb5ad4a262,Philippines,android,Korean,18-24,2025-09-10
474d34f9-ed4d-4189-bf4e-0d81022a3480,Spain,android,German,45+,2025-08-14
fedeaecf-3a9d-47c7-acec-a355d27f7636,France,ios,Hindi,45+,2025-09-25
d9da27b3-157f-4db5-a9d6-66191c6eff8c,France,android,Korean,35-44,2025-11-16
d1522b76-fde8-487d-b96c-0a3b4fb0d8fc,Germany,android,French,<18,2025-09-11
e0786d6f-5700-4b76-bf5a-738939948aac,UK,web,Japanese,<18,2025-08-15
8f64e0c5-adfa-42ba-8335-53e0fe2a2106,Mexico,ios,German,25-34,2025-10-20
787f1700-037f-47ce-a35d-264eaa3f4a0b,Brazil,web,Chinese,35-44,2025-11-18
600b3f35-dfbb-4087-93aa-8349740d0a02,Brazil,web,Japanese,25-34,2025-11-11
8e44f6a9-815f-4680-8ffb-88022ddb6843,Germany,web,Korean,35-44,2025-09-26
da8d6e0f-9bf1-45a5-a14a-c643490f1e8a,Mexico,android,Spanish,45+,2025-10-14
6b1832a9-0419-4b31-9fb4-20c646a08467,Germany,web,Spanish,35-44,2025-09-27
a7d51d61-c1ff-4910-82f0-f4db6692183b,Brazil,web,Japanese,18-24,2025-11-17
97d8b85a-5b30-462d-927a-07c86259155d,Mexico,ios,German,25-34,2025-09-01
ae6fed7d-ad07-4929-a90f-5081840a8ad6,Indonesia,ios,German,35-44,2025-11-05
44e39c27-0d3a-414f-b1e4-ab625ffb0e65,UK,ios,Russian,25-34,2025-08-19
9666cede-5ab2-43e6-a13c-458ac2594293,France,ios,French,35-44,2025-12-03
a583e731-3298-4ed7-85d8-a8075d376076,Philippines,web,Russian,<18,2025-08-29
3c496b61-2133-4b96-b057-ed8d9827bc2f,United States,ios,Russian,25-34,2025-12-01
26084d81-00bb-4307-b3d1-ce7aeef671d9,UK,android,French,45+,2025-10-26
048dc59c-6770-4d20-af94-c2ce57a3921b,Indonesia,web,Chinese,45+,2025-10-05
2f1e6096-2cbf-457d-a4ce-25c4ecb27ac1,Brazil,ios,Spanish,35-44,2025-09-08
5322622c-5981-403f-9381-603be718eff9,Indonesia,web,Chinese,45+,2025-09-02
ba3b206d-8c89-4329-be32-f42c7f18d7ef,Germany,ios,Russian,45+,2025-09-25
2d4ab2cb-9910-4c29-9aec-443f0b87b338,Mexico,web,German,25-34,2025-10-10
091fa21b-5286-4eb1-b8ae-dd58c8884e0e,France,ios,French,35-44,2025-09-26
902c8a00-9581-4b83-9d90-ebcaac5a9456,Spain,android,Korean,25-34,2025-10-16
853a87bd-fe54-4e75-9cf0-97f76f37bf6b,Germany,ios,Italian,35-44,2025-08-20
d8dcb383-4576-4cc9-9c98-c5b4bafeb7fd,UK,web,Italian,45+,2025-11-04
1195312d-4f22-4cf3-9fff-3645dbc3524f,Germany,web,Portuguese,35-44,2025-11-02
b0e37187-0fae-4023-a72e-d610e93a5573,UK,android,Japanese,35-44,2025-10-06
2dc06c95-0ca1-482b-b215-8189e0d294a2,Spain,web,Hindi,18-24,2025-10-20
8fb225f8-a55a-43f0-a7fb-fd3891398869,India,android,Hindi,35-44,2025-11-14
4dad3642-a07c-4ee7-8d8e-db236b19f005,France,web,Korean,18-24,2025-10-29
d15e4773-f833-4d2d-b856-376f5d7ef3eb,Philippines,web,Portuguese,25-34,2025-11-09
5b2fdd67-ecfe-44bf-afa6-d35aad2c89eb,Philippines,android,Spanish,18-24,2025-08-06
8b0869d8-66e8-4f36-bc3a-85c91043e8c5,United States,web,Korean,25-34,2025-08-13
acc12038-11e0-4953-8743-ec50ee6b8385,Indonesia,web,Russian,35-44,2025-09-02
0f1ef1f1-190c-48bd-9553-ab5b260084db,India,android,Korean,25-34,2025-08-28
a5be3dc2-6756-42a5-a195-22b7a1cec52a,Philippines,ios,Italian,45+,2025-11-19
fc92a9a8-ff05-47b7-a259-e3169965fbe8,Germany,android,Hindi,35-44,2025-11-29
a5030b46-243c-4bf0-82ac-4aec36363771,Indonesia,web,Spanish,18-24,2025-08-22
34f73627-fe31-4c84-96f2-2691d0ae991b,India,ios,Japanese,<18,2025-09-10
f4cc64fa-3b9b-496e-9bcd-17cc3f704edd,Mexico,ios,Russian,35-44,2025-10-11
cd1ac92c-1834-4d30-b8ac-a18c757f9e17,Mexico,ios,Japanese,45+,2025-09-16
6390a31b-3348-43ac-82be-36508a2fcd84,Indonesia,android,Italian,25-34,2025-08-27
6f08b325-d007-4e96-85cd-758d386e25d1,UK,ios,Portuguese,18-24,2025-08-06
5baed38d-f433-465e-9137-05536d337d69,UK,ios,Japanese,18-24,2025-08-12
c5687a05-2425-4a4d-ae91-d5f3a7c17760,Germany,ios,Portuguese,45+,2025-08-12
6660df9d-2aa8-4d8e-b0ac-db63f6c38ca5,India,web,Russian,45+,2025-12-01
517a08f5-75aa-463e-81b4-48775f7984a9,India,android,Hindi,35-44,2025-11-03
34fdee7e-629a-4206-bd7d-efaee1796711,Indonesia,android,German,<18,2025-11-07
79fb64d2-62ef-4be4-a7b1-f3b375811ac1,Brazil,web,Korean,<18,2025-11-25
a0962d41-525a-410e-b6bd-ad658de9a67e,Mexico,ios,Chinese,25-34,2025-11-21
284d27d6-fe90-41a8-b6b4-234cdb97048e,India,web,Spanish,18-24,2025-09-18
c7841058-1fd9-4130-a297-888420ede169,Indonesia,web,French,35-44,2025-11-29
22f4a827-7f43-4b96-a708-fc1b195b367f,Spain,ios,French,18-24,2025-10-07
22e083a6-66af-44ff-a392-efe916615c99,United States,ios,Russian,35-44,2025-09-18
04f39d45-c5e7-49ad-99a7-722d662423b5,Spain,android,Korean,45+,2025-09-08
b6f3e083-287c-4515-b43a-b3bf01b53a96,France,ios,Korean,25-34,2025-09-04
72e5e95c-fec9-4880-8839-6ec02e984c59,Germany,web,Korean,45+,2025-08-14
bb4aa545-b5c6-46d4-88ec-2652fb7d56a9,India,web,Spanish,18-24,2025-11-27
06172c7a-654d-4976-8ea8-c8496b2d4fb1,France,ios,Hindi,25-34,2025-11-02
1a7c011a-f980-450f-acd2-33878d6d9151,Philippines,android,German,35-44,2025-08-31
05d76ec4-88a5-4682-8c34-194de09dd6e1,France,web,Korean,35-44,2025-11-28
e75ba461-22d7-4ac1-ae3e-6818c38a23f3,Indonesia,ios,Chinese,25-34,2025-10-13
68e18736-9641-47dd-bf6c-bc5190931cb1,India,android,German,45+,2025-10-08
b951d624-f9c1-46c1-9ed8-9c68eb036b6f,United States,android,Spanish,25-34,2025-11-04
d4e78a47-041d-4fc1-ae7b-625fe98c2cfb,Indonesia,web,Korean,45+,2025-09-25
6a8fdcb9-783a-4bbb-afbc-6c43b7a037e1,Indonesia,web,Russian,25-34,2025-11-06
2dce82b8-ff64-4f56-8a92-8bbfe48b5baa,Germany,android,Spanish,45+,2025-08-29
de6476ce-2a7c-4207-b3b1-c3cab7b4d26d,Germany,android,German,<18,2025-08-15
11dbf1e0-99ca-4b3a-b4a8-a6a5d3afde77,Mexico,android,Portuguese,25-34,2025-08-26
9b6e6e35-b1e5-45d8-8f77-82947f98e030,Mexico,ios,Portuguese,45+,2025-11-26
9f7a429b-99c2-44ba-91f3-ec9e9ac49bdd,UK,web,Russian,18-24,2025-11-16
7ab2ef11-e789-4858-a627-72a6fbd85d6e,Brazil,android,Japanese,18-24,2025-09-30
9ffac34f-de76-4419-a6cb-af04eb570432,India,web,French,25-34,2025-10-27
f9f47759-de28-401d-ad38-f94b1dda56aa,India,web,Russian,25-34,2025-11-04
0edaa131-4218-46d8-acb8-9fd37263a539,France,web,Portuguese,35-44,2025-08-21
45c2d9cc-63d7-4a6e-bcd0-390125aa221f,India,android,Russian,45+,2025-08-08
cbd44115-cc94-4421-b257-e4c02ebdfa90,India,ios,Italian,25-34,2025-09-01
645311d3-832d-44e1-9da9-44e81e212bac,Brazil,android,Portuguese,18-24,2025-09-21
292c5604-bea9-4583-bed9-120441ee751a,Philippines,web,Hindi,18-24,2025-10-24
df963ad8-40b9-4be9-9167-7707eeef3ecb,Mexico,android,Korean,18-24,2025-09-21
dbcbce0d-a1fd-48be-a18e-2fb68dec34da,Mexico,android,Hindi,45+,2025-09-18
b9825f6f-b3c7-424a-aee7-6a4cf9f009dd,United States,web,Japanese,<18,2025-08-27
aa9ba794-bdcd-4d32-b6be-dca153c36a18,India,web,Russian,25-34,2025-09-08
7a20afbe-6b56-4ab2-a296-2dddcf6de447,Brazil,android,Italian,<18,2025-08-21
ea835033-6ca7-4b4c-9ca2-23a7f1010fe2,Mexico,android,Portuguese,45+,2025-10-23
941f5a35-0a80-47e9-a524-16e732dccfd2,Brazil,android,Korean,25-34,2025-11-03
0733d25c-15d3-469a-9050-6cb1a1fdca62,Spain,android,Italian,35-44,2025-10-26
9805f84f-f730-4272-9228-2ea8b4c8d3c3,Philippines,ios,Italian,25-34,2025-08-13
de3c2488-0873-487e-b08f-4ec1553c3942,India,android,Hindi,25-34,2025-11-15
fe6b4824-50a0-4a50-ad24-0aedc2d35d0e,United States,ios,French,25-34,2025-09-10
8384b7d7-2bb7-4a1f-ae7b-c3a2670d5719,France,web,German,25-34,2025-09-28
aa4c84cc-c318-4a6c-8472-978dfc4c760c,Mexico,ios,French,25-34,2025-11-05
f72960b1-5dfb-4777-aa25-28446584d5e0,Spain,web,Russian,45+,2025-10-12
3c40d5fe-8616-4d4d-812e-a40397751b94,Brazil,ios,Russian,25-34,2025-10-26
f50adb8c-738a-4c89-8227-3e2438f1c501,Germany,web,French,45+,2025-10-29
6677f74f-4263-4394-a848-aa11720ed7d1,Indonesia,android,German,25-34,2025-11-26
1caee3f0-83b7-4382-9898-a49da65315f2,India,ios,Portuguese,25-34,2025-09-23
dad7c968-b9d9-429a-b489-623798f09920,India,ios,Italian,45+,2025-09-19
43349419-f304-44f8-a0b3-756d476bd0df,Spain,web,Italian,25-34,2025-08-13
0d38da4e-4d24-4952-ac69-442ded8dcd66,Brazil,web,French,18-24,2025-08-31
f2b7849f-fccb-4d85-abf6-4d00d039096d,UK,ios,French,25-34,2025-08-09
0856d4dd-758b-4ba4-bd27-739a472e2b6f,India,web,Spanish,35-44,2025-11-11
f87d1155-6e38-4c74-9b7c-e551c208e324,UK,android,German,45+,2025-09-14
91a3a2ea-0bcb-4ca6-8685-b2fbb26d228e,Germany,ios,Hindi,25-34,2025-09-08
6e0ee797-d46f-4f6d-8184-f0648604d1ce,Spain,android,Italian,25-34,2025-10-10
200702d0-e040-4169-8536-8d423fce7224,Brazil,ios,Hindi,45+,2025-09-23
3aa0a964-c6db-4443-86e9-6fddbafc21e7,Brazil,android,Korean,<18,2025-10-01
ad42e364-f244-4f6c-bfd5-3602e75f27d7,Philippines,ios,Portuguese,18-24,2025-11-27
f3c54a1e-9027-4411-acde-e14fe81cc99f,Indonesia,web,French,18-24,2025-10-20
a4500608-abe3-4eca-8638-1a91a0ed9937,Mexico,ios,Spanish,25-34,2025-08-05
81333159-58be-4100-b53c-b553e596bad6,Mexico,android,Spanish,45+,2025-09-12
f901aaf3-c19d-4282-b35c-35d848a5cae2,France,ios,Russian,35-44,2025-09-09
880ad4b6-2aa6-41ae-9564-6365f1b33307,United States,android,Korean,25-34,2025-10-16
4c66f82c-5920-4494-b5a3-523dfe652283,Spain,android,Portuguese,18-24,2025-08-25
3235972b-bcca-4798-950e-796534917cc9,Germany,android,Portuguese,25-34,2025-09-27
da7cf93e-365a-4eb0-8c5b-abc3085eefed,Brazil,web,Japanese,45+,2025-10-24
4400faae-e04e-4f43-8e41-676060427532,Indonesia,ios,French,35-44,2025-09-05
1a58d37d-27d8-4afb-80ae-0a8b68abfcd6,UK,android,Russian,<18,2025-10-11
04b4f8ce-1be2-4ed5-9067-bd69a4bcb171,Spain,web,German,35-44,2025-10-12
f599efe5-5461-40c8-ad13-2af310f4afe3,France,android,German,25-34,2025-11-14
803c87ec-e208-4a7c-b4ec-1b59930969c4,Spain,ios,Chinese,18-24,2025-10-26
601cabc9-6866-4947-be98-acbf3813ba26,France,web,Portuguese,45+,2025-10-16
7f30e68e-ec6c-4aba-a7ff-b41748cdb54f,Brazil,android,Hindi,25-34,2025-11-10
3f2268c8-c4a7-4ddd-85f2-b05774859a64,United States,android,Korean,<18,2025-08-29
e55b36a2-90d2-47d8-870c-e35632be63d1,France,android,Spanish,45+,2025-09-26
b804d977-82f6-449a-a447-319845e1486a,Brazil,ios,French,45+,2025-10-04
a8af08fa-5718-4ecc-a744-97171fe52848,Brazil,web,Korean,45+,2025-11-03
0e7c24a4-656a-400d-9cff-fa100555a439,United States,web,Italian,25-34,2025-08-17
94394dce-6deb-41d8-916f-3f695c4f95f1,Mexico,web,Japanese,<18,2025-11-05
32443bb5-9359-4d9f-b90e-3f71a7d21a32,Spain,android,Spanish,25-34,2025-10-26
5e6b0b6f-9fac-4ae3-adeb-08d3151f9b86,India,web,Korean,45+,2025-08-16
547e29b7-62ff-4a0d-b4d1-32f317306d1c,India,android,Korean,45+,2025-09-04
4b9b17bf-2ab2-424c-b29c-6c73f81d8925,UK,ios,Japanese,18-24,2025-11-15
566f41b6-989d-4af7-8a53-0ced42dcabad,UK,web,Korean,35-44,2025-08-22
d00457e3-0922-4fa8-bfd8-d2774fa55d3d,India,android,Russian,25-34,2025-10-05
57a0441b-6158-4d72-8d70-27548f632da9,Germany,web,Spanish,<18,2025-08-08
eed79dc4-eabc-4845-9960-7fa25aeea5b9,India,web,Italian,45+,2025-11-26
e54d2411-e1f5-4cd3-ab2a-674fb0173352,UK,ios,Spanish,25-34,2025-09-23
65da2d02-ecec-44a6-a5f5-c4ce96d71a5e,Indonesia,web,Japanese,35-44,2025-10-12
e9f6da30-dafb-41f4-b0ea-488cfde5cbf6,UK,ios,Italian,25-34,2025-10-11
17a6c525-097b-4632-8f77-275f860476d8,Germany,web,German,35-44,2025-09-23
301ebbfa-2ebe-47c5-8c1f-3e0378fa38f7,Spain,web,French,25-34,2025-09-27
4f0a1bd4-1605-463c-8299-a6dc1547fee3,India,web,Portuguese,18-24,2025-11-16
a7542acf-ecc7-41b4-b14a-51a4b1987ba8,United States,web,German,25-34,2025-10-15
46f5e8fd-c433-483f-a006-336897c18d68,Indonesia,web,Russian,18-24,2025-11-02
5261a5c1-cf9e-48fd-baae-b387b7330ac0,Brazil,web,Spanish,35-44,2025-11-01
1d16322d-93d4-4f7f-afb5-f5d77207e565,Germany,ios,Italian,45+,2025-11-07
a711b99a-6464-481a-9663-355b8e89f99a,UK,ios,French,45+,2025-10-22
efc9223d-a11e-43b7-81cb-5b10b698a3eb,United States,android,French,25-34,2025-09-12
2e151aea-f25e-4af1-9792-adf67c93f0e9,France,web,Japanese,<18,2025-11-23
dce262cc-54ca-487d-bd93-e1a3a14de682,Mexico,ios,Japanese,25-34,2025-08-07
8e31a7a2-6661-4c10-abce-d276c2bc0673,India,web,Japanese,18-24,2025-10-07
e475aa38-b66f-4c7c-b13c-192c350b6842,Mexico,web,Hindi,18-24,2025-08-17
ccbcb408-86d8-4fcc-b42b-406c126cb384,Germany,ios,Spanish,35-44,2025-10-17
f6ef332f-bd4e-414d-b780-6b143b4ae797,France,web,Chinese,25-34,2025-11-22
f7fccfde-23ae-4a6a-ac95-121dc6e60558,France,ios,Russian,35-44,2025-09-26
681aa753-b6a9-4722-878c-a5bc2583d717,France,ios,Korean,<18,2025-09-02
995f871b-a721-451c-8939-eb9f3faa2c4e,Brazil,android,Russian,45+,2025-08-19
ba0d320a-d77c-466a-8d15-06f2172dece5,Germany,android,Portuguese,45+,2025-11-09
50d09103-eb09-41f4-bdef-cff08327db38,Spain,android,Japanese,25-34,2025-11-27
4c55d309-b1b0-4c53-bc26-35dd023e7449,Mexico,android,Portuguese,35-44,2025-10-30
e8d1eec6-4d51-465e-af7f-b41af83f2a53,Spain,web,Russian,35-44,2025-10-16
52536b99-a96f-4235-82f0-d9dc829fdcdc,United States,web,Hindi,<18,2025-09-08
1f25a09c-b803-4ff8-85a3-dbdaf26e6ff5,Philippines,android,Portuguese,35-44,2025-09-17
f39541fe-736d-47a7-a1c5-f252a5ea6785,Indonesia,ios,Spanish,18-24,2025-09-17
4f791ca6-b91e-432e-8a9c-9a8d256a5082,Indonesia,ios,Italian,18-24,2025-11-28
3a138615-bd56-4c52-8d43-d8fa788de4c2,Spain,ios,Chinese,18-24,2025-08-14
3946e9af-0c15-45de-a122-a9f1b6e88a6d,Philippines,ios,Chinese,25-34,2025-11-24
bcb42b42-6ba4-430c-8346-c6c651b2c3da,Philippines,web,Russian,18-24,2025-11-09
5a409e75-0b7f-48da-b4e5-62a065ce0023,India,ios,Korean,18-24,2025-08-23
9630ff10-fe18-40fd-b680-1f93c5ea4bed,United States,ios,Japanese,45+,2025-08-28
e5123e67-1fc7-435a-85b1-8714e52f1e5a,Germany,android,Russian,25-34,2025-09-19
752aa65b-be74-4081-a4c6-db6de1b6f3ba,Philippines,ios,Portuguese,18-24,2025-09-02
f1713e0b-0e4a-430a-bffe-de553f152dc8,UK,web,Hindi,<18,2025-09-09
150cbd93-cb3c-4e21-81ac-7790beb5873f,Indonesia,ios,Italian,18-24,2025-09-23
d6496adc-2bbc-4092-9053-8e88640f10c8,UK,ios,Chinese,25-34,2025-11-06
9c135d6e-6c76-40dc-bb07-15ffd36d54bd,United States,web,German,35-44,2025-10-03
8e94a37d-b294-4b31-a66d-85b4fcc6d32b,Philippines,android,Chinese,45+,2025-11-07
5eda2d40-e34f-4332-a5ba-2c0431680df8,Mexico,web,Italian,45+,2025-08-14
b62d3cfd-0bd2-467f-8362-0ec48ef83f6e,Indonesia,android,Spanish,25-34,2025-08-09
2ab12fdb-ed22-40c7-9116-2530c3d1e6ea,India,ios,Portuguese,18-24,2025-10-22
87938066-13a1-4638-8f0f-f0a2d76e212c,India,android,French,<18,2025-10-26
1b55c97c-8534-4c6d-a5c9-6e0c549708cd,France,android,Hindi,18-24,2025-08-09
4e926595-6295-4935-841d-1dd24675bc4b,Brazil,android,Korean,18-24,2025-12-02
38e967c7-e1c8-4812-90fc-61a30768346a,Philippines,ios,German,<18,2025-11-06
faf0d63b-b41c-46fd-91f6-d6c3b278db7a,United States,android,Russian,45+,2025-08-06
aec07816-ddb2-4d6c-b3dd-e749de0108af,Indonesia,android,Japanese,18-24,2025-11-09
ba4c5b5c-c41e-4324-89e1-d8713f3d2691,Brazil,ios,Japanese,35-44,2025-08-31
55f1cf63-68e5-45da-a1ae-a9056d1ab5ea,United States,web,Japanese,35-44,2025-11-18
54077c54-1bae-4f46-a70d-a8d194b2addf,Spain,web,German,25-34,2025-08-30
7570d775-385c-41f3-b0ed-632758f5c567,Philippines,web,Italian,25-34,2025-08-29
4625ff57-f4ea-41b5-bc7f-52316641cd3f,Germany,ios,Korean,<18,2025-10-03
70f61060-0e7e-437a-bef9-39bdc8f2d10e,Germany,ios,Chinese,<18,2025-08-08
4cbb7944-0c17-46f9-8028-1928733c1456,Philippines,web,Russian,25-34,2025-11-02
0af202e7-b9d2-4ad5-baca-5728f5b099e3,France,android,French,18-24,2025-09-05
c3ee245e-04ab-476d-a034-da56a6227a30,France,web,Korean,45+,2025-09-17
8783ebf8-cf0d-4a68-8232-9de4cccd1c59,Germany,ios,Russian,35-44,2025-09-04
9097cbd7-f08d-4de2-bc3b-ba43039bbdfe,Mexico,android,French,<18,2025-11-07
dae276e8-7da8-4a71-99b8-d31563626d14,Indonesia,android,Hindi,25-34,2025-10-14
1292e381-bc18-4b62-9ced-fc76c85e7720,Germany,ios,Italian,35-44,2025-08-08
67971ad3-22a2-4a09-b02e-9b58f6e93dbd,Mexico,android,Hindi,<18,2025-11-03
f76c4797-7f3d-42a0-997d-8956fdbf89c9,Brazil,web,Italian,<18,2025-09-24
cfbf8432-54c9-42c2-a895-209bee3b1a31,Mexico,ios,Portuguese,18-24,2025-10-23
5e911116-3958-4154-9e26-fb13fa592272,Brazil,ios,Chinese,<18,2025-08-26
90800bf1-b850-4f20-94f0-90b5b3ae367c,United States,ios,Spanish,45+,2025-10-28
e4b66ff2-f938-43e7-9a05-b73d34434943,UK,ios,Spanish,<18,2025-10-16
e71c236b-0b8e-4c9e-bf38-aa3852763679,United States,android,Italian,45+,2025-10-05
c6821314-a5f2-4882-b5c4-b4cb1965dea6,Germany,ios,Spanish,18-24,2025-09-26
c2e434b8-cc9f-4179-bd8b-6dcd1f51b00c,Brazil,ios,German,45+,2025-09-11
5f401399-ed5c-4b45-b694-829be524b746,Germany,android,Russian,35-44,2025-10-19
901cd909-7e54-4dff-be8e-dfa8d88973a5,Philippines,ios,Korean,<18,2025-10-25
e913d965-7fcc-4541-adc4-955cb971e411,Indonesia,android,Hindi,25-34,2025-10-31
ce932d9a-3295-4e5e-bd71-8e4c61226d0f,India,android,Portuguese,25-34,2025-10-18
1befb8a8-3503-4494-bb80-c1f74bcf8b30,Germany,ios,Chinese,45+,2025-09-29
421a81b6-090f-48c6-aef2-ba62bb21f962,Indonesia,web,Chinese,18-24,2025-08-13
ca234b5e-0cab-4514-8c92-e07dcf3b5c2f,Mexico,ios,Portuguese,45+,2025-10-01
2767738c-5f18-4576-927d-2b719aa063ad,United States,web,Japanese,45+,2025-10-05
b4dd688c-483a-4a39-b177-186944782ace,Mexico,android,Japanese,45+,2025-11-21
605a3d4d-6c47-439a-872b-7a64d9da19be,India,web,Japanese,35-44,2025-08-23
0292f902-cf09-4157-b5b6-f9fbd3831c62,Brazil,ios,Portuguese,35-44,2025-09-02
f312543d-6a9b-40dc-a76c-755c63357682,Philippines,ios,Spanish,45+,2025-10-04
a9e64176-51c6-4414-829d-8fd516ec10cb,Indonesia,web,French,18-24,2025-08-28
f21574c5-b22c-4105-b4a5-0525d9f4c1fa,Philippines,ios,Portuguese,<18,2025-08-18
d30f8838-93f5-495a-b152-eef19b4681bd,UK,web,Spanish,25-34,2025-10-24
47b34d3c-f63a-4741-8f4c-825dc57f360d,Germany,android,Korean,35-44,2025-08-08
dd8a79a7-c41e-4a04-8d45-5e308782e33a,Brazil,web,Portuguese,<18,2025-11-07
095d93bb-f094-4d13-8de0-7084ffad111e,UK,web,Hindi,35-44,2025-10-17
79612088-b181-41db-af1e-87a07553ae3a,Spain,web,Spanish,35-44,2025-10-24
ccf2796c-4126-4382-b728-fde108907446,Germany,web,Chinese,35-44,2025-10-12
46b3d4a2-f093-42eb-9e35-cfd761128e5a,Mexico,android,Italian,45+,2025-11-28
ed7175e6-244e-4cc4-bbf8-64ddac1d3630,United States,android,Italian,45+,2025-09-22
d37726fd-e39f-4be0-8a55-afc21b075a47,Indonesia,android,Portuguese,35-44,2025-08-15
0d4cb87e-8e5e-4b8c-93be-55c7fcd4d1b2,India,web,Hindi,35-44,2025-11-05
d13dbd0e-15a2-43c4-8f90-d9fa343c4cee,India,android,Hindi,25-34,2025-08-31
42ae53da-ed7e-4e9a-b124-fb8342456629,Mexico,ios,Italian,<18,2025-11-15
7e3cf2a9-9cd2-4fa1-a87e-8cba992f74c2,France,android,Spanish,<18,2025-12-01
eb91beb7-47de-4f56-b003-1cc86fe90299,India,web,Korean,18-24,2025-10-31
92c5a8ae-c84e-452f-90ae-fa84fd4c9021,Indonesia,ios,Portuguese,18-24,2025-09-24
6482e350-545c-491f-b62f-e1ba30c89ac8,Mexico,web,Korean,18-24,2025-08-06
1a0c827b-f6fe-4fb3-97e8-9b07c747e161,Brazil,ios,Japanese,45+,2025-09-20
c78a03b4-326a-44f0-80fd-950a176d8d4c,India,web,French,45+,2025-09-20
1fcb9596-dcd0-402a-9b43-4d561d9f0907,Philippines,web,German,25-34,2025-09-02
9bdf2ca8-8caf-4ef0-ac5a-be671f26347a,Mexico,ios,Japanese,45+,2025-10-11
2ee54070-f375-4262-8fed-94b521a20d8a,Indonesia,android,Russian,18-24,2025-10-27
bbd1c592-88c0-43f9-ac45-57ca85e1aa46,Philippines,ios,Chinese,35-44,2025-11-14
2ebaffd9-de42-43d3-aeee-203f918a85a2,Germany,ios,German,18-24,2025-11-08
97a144d1-51e2-46de-9ffb-18f90aeb859b,Germany,ios,Chinese,25-34,2025-10-22
1b9de785-2722-4a1d-8b22-db78565360df,India,ios,Portuguese,35-44,2025-11-04
12424ac6-8f84-4a3a-87f9-554e6edfd468,Philippines,ios,Japanese,45+,2025-10-16
932b070b-d285-445c-a4d3-c4878363e657,United States,web,Hindi,35-44,2025-09-22
cdb6c715-399b-4ba3-9b91-6ee309f1afeb,Germany,web,Italian,25-34,2025-08-19
d1b46689-f307-4347-b43d-3e52fa976248,United States,android,Italian,45+,2025-11-02
54b4ccd1-0886-4468-a773-6b11af1a9774,Brazil,android,Korean,<18,2025-10-01
4300eed6-ed1b-41ac-82f3-5f643f759912,Mexico,ios,German,18-24,2025-09-24
0ebc26ba-869b-4e67-815e-6c36094be7ef,UK,android,Russian,18-24,2025-09-11
b7542e3c-82aa-4f06-a1ed-b47a1b8a5f3a,Indonesia,android,Japanese,25-34,2025-08-05
94dbdae6-f325-48b2-970c-5b263ff2c775,Mexico,ios,Italian,25-34,2025-09-07
7274e287-9acc-4fed-86f6-b0212695c46a,Indonesia,web,Spanish,18-24,2025-10-21
20dbb6ee-1c16-499e-b297-8bf0f36ad57e,Philippines,web,Hindi,35-44,2025-11-01
a4805eeb-1a34-4841-bfb4-5b0cbf595cf0,Brazil,android,Chinese,<18,2025-08-28
366f0f5a-aec3-4672-a683-6427f79456b8,Spain,web,Portuguese,<18,2025-08-20
8a7af1ee-4caa-4a99-ac9b-2788c580ddd2,India,web,Korean,25-34,2025-10-02
48f3d1e0-506c-4fe3-b04a-910321150044,Indonesia,android,German,25-34,2025-09-02
bbee95f6-e313-4f0b-badc-a1c059244a61,Indonesia,ios,French,35-44,2025-09-12
dae6cebf-c176-42c5-b3c0-1c5c9037b397,Philippines,android,Italian,25-34,2025-08-31
4275706b-0427-49ff-9a28-d9e580416783,United States,android,Korean,<18,2025-10-02
0cc2f0d4-ec61-4377-ba36-e1b06db3604d,Mexico,android,Spanish,18-24,2025-10-06
f6f8983f-c58c-435b-a204-56628bf081e8,Spain,ios,Spanish,<18,2025-11-12
df50abf0-e00c-474f-a318-7b8583411f7a,France,ios,Russian,35-44,2025-09-01
dec59467-0546-40ef-92b1-77a074a3ca13,India,ios,German,18-24,2025-08-24
10699acb-2d66-481e-ac81-a13818906dce,UK,ios,Russian,18-24,2025-10-19
39217486-fc4d-4598-8d70-3005e6789625,France,android,German,<18,2025-11-12
db14c479-bce1-4a5d-a085-930305fb4187,Mexico,web,Italian,18-24,2025-11-16
5dc6ba68-ed5b-44c4-9078-32acd305a27d,India,android,Japanese,18-24,2025-09-02
6e28afaa-936b-421a-9239-add0d68a33f6,Indonesia,ios,Portuguese,25-34,2025-09-25
446cab7a-f6f0-48ef-bf14-9f2682e0dce7,UK,web,Chinese,18-24,2025-10-02
c3701700-3add-4ce9-8303-f5cf8a840d51,United States,android,Chinese,35-44,2025-11-10
eb1f8429-aef4-4693-ac94-e5e8d2146802,Spain,web,Japanese,18-24,2025-08-08
035ab856-82ec-4617-99fe-4cc1f786f4b2,United States,ios,Spanish,25-34,2025-08-12
83713134-7355-4e53-853f-f9ce29ef2105,Brazil,web,Hindi,45+,2025-09-25
332d6229-f159-4af4-b642-addc9a9d050a,Philippines,web,Portuguese,45+,2025-09-12
ce9ba3f6-e590-47c9-b47c-873877422c6d,India,ios,Italian,35-44,2025-11-26
eda79a39-dfaf-4049-8649-2b526ca68d57,United States,web,Japanese,35-44,2025-09-27
6ea077b6-56b1-49f7-a830-e9fd054f8ae9,France,android,Portuguese,18-24,2025-11-29
51fe7613-f75a-4ae8-a8f1-9bdd65a4101e,Philippines,web,Chinese,18-24,2025-08-18
6cc7c012-330b-41fc-a202-ad04cab706e9,United States,android,Portuguese,45+,2025-08-17
63f327d8-4096-4c2f-b4a9-7fcf6fe8d873,Germany,web,German,45+,2025-11-24
bb0fb234-6979-443e-b6e1-a75c0e3686b5,Brazil,web,Korean,<18,2025-08-05
016afa8f-ffd2-4b47-818f-3cea82bdfc8b,Mexico,ios,German,45+,2025-08-21
4b2a7fa0-e06f-4092-8d7c-c5b9c78772e8,Spain,ios,Japanese,45+,2025-09-09
80c9777f-ba14-45d0-af02-d37fb409712a,Brazil,android,Italian,35-44,2025-11-27
e9715623-59dd-4f1a-9399-496fb99514a2,Philippines,ios,French,<18,2025-08-28
639d7714-3fc7-41bc-9e40-106e41037e1d,Germany,ios,Russian,<18,2025-12-03
71402195-9ce8-4e19-94a0-b8e57e238581,India,ios,Russian,18-24,2025-10-12
26472b7f-0c37-4fdb-94f2-5b343021ec63,France,ios,French,18-24,2025-11-16
b970364b-4dd6-4425-ab3a-90b7bb2ee136,Spain,ios,Portuguese,<18,2025-08-18
430104ba-2ec9-4386-94b9-c9e72af6598a,Spain,android,French,<18,2025-09-14
5854c51b-fb7a-4f96-a01e-204bcd051e0b,Brazil,android,Russian,18-24,2025-11-04
4acb21ec-7f66-47b2-b57c-746832b73a59,Philippines,ios,Spanish,35-44,2025-11-25
08c68473-e889-41a2-a888-1a2e72515b60,India,ios,Chinese,35-44,2025-09-04
d1280c21-3606-47cd-b5a0-343bef596bec,Indonesia,android,Russian,35-44,2025-11-14
1726a841-606a-445b-b14d-229e9b0baee9,Germany,web,Russian,35-44,2025-12-02
621561e1-3310-47f6-b760-81f6c1537338,Indonesia,android,Spanish,18-24,2025-11-06
27d96c6c-2312-4ba0-b9f8-b4ad64fcb270,France,web,Russian,25-34,2025-09-30
1b07bc31-59df-4caa-9116-61b116058969,India,ios,Portuguese,45+,2025-10-06
004110a8-5b15-4008-9793-3533ba9b79ca,India,ios,Spanish,45+,2025-10-17
e812c49f-a15a-4871-bd86-1a7544ae8eeb,Germany,android,Chinese,45+,2025-11-26
ff3cabee-6984-428b-bc35-43dde9a019ea,UK,ios,Italian,45+,2025-09-15
53aae56b-1133-430b-a7a2-7d5b782b3142,Indonesia,web,German,18-24,2025-09-13
2d7c9e54-a2a6-4e20-aa1a-22c7b2eb0765,United States,web,Italian,25-34,2025-09-09
db5de1ac-31f8-485a-ac3d-b06e7d7a0a5a,Spain,android,Spanish,18-24,2025-08-06
97300d28-4b55-4230-8e10-6257f27d16ec,UK,web,Spanish,25-34,2025-09-16
d08ff0e3-f0fa-43a9-9dae-f9d59a585015,United States,android,Japanese,18-24,2025-08-09
acc2b8ec-67c6-4711-8ab3-aa0739e56227,Philippines,android,Korean,<18,2025-10-03
c547d840-1129-465c-8c0d-5e6ca0efc3e1,Germany,web,Korean,25-34,2025-09-10
0f7ebac5-e4dd-4d81-ada1-aae594e44b95,Philippines,web,Spanish,45+,2025-10-02
ae9ab085-5e66-4fc2-a69a-67220fcbacfd,Spain,web,German,25-34,2025-12-01
57f7f220-471d-4669-af02-2efa4a635356,Mexico,web,Japanese,35-44,2025-12-03
9a8d3fe2-05f5-4eb1-9781-17206b5fb920,United States,web,French,25-34,2025-09-26
404488c8-d936-416f-a898-7480aa24815e,UK,web,Hindi,35-44,2025-09-24
f23275d9-bef8-4663-95b1-fd436071e31c,United States,web,German,35-44,2025-10-12
03727710-3403-455d-b1b3-81d37031ece3,United States,ios,Spanish,<18,2025-12-02
0f365a37-87ff-49c4-93db-3154e7655c8a,Germany,android,Spanish,25-34,2025-12-01
c5ab3dd8-e222-40c7-a63b-0a6d8e4fdd22,Philippines,android,German,<18,2025-09-27
2c3b6805-f9ce-4950-b85b-090a6820af37,Indonesia,web,Portuguese,45+,2025-09-02
5c2f63eb-74c7-4831-a182-ec938e560945,Mexico,android,Japanese,25-34,2025-10-29
2ed6accd-f4fa-4230-89b8-9ac45351b951,Germany,web,Spanish,18-24,2025-09-26
54ac27a4-8a58-4246-a778-21808490f486,France,ios,Hindi,18-24,2025-10-28
3054a8fc-de68-41c7-8dcc-55f24c4aaebf,Germany,android,French,18-24,2025-12-01
334e4770-90ab-4912-8119-6981c2b5dce0,Spain,android,Italian,35-44,2025-09-30
1f8c4a5c-3815-461f-b3ef-4df4699c5177,Mexico,ios,Chinese,18-24,2025-08-21
95e8cde1-806a-4464-8c22-3673bf192c6c,India,ios,Hindi,45+,2025-09-05
5082895f-db2c-4dcd-beed-41acae8c4032,France,ios,Chinese,25-34,2025-09-08
cf9f8c73-9096-4627-8d11-85112829aeca,Brazil,android,Russian,25-34,2025-10-09
cde0a37c-c744-43d9-bd90-3b3b7940b99c,Germany,android,Portuguese,35-44,2025-08-22
2ce68084-e783-4ada-8d0e-9eb8f90a37c2,United States,ios,Hindi,35-44,2025-08-05
f66ceade-42a2-4328-98e7-2c3aeabc6253,Indonesia,ios,Korean,35-44,2025-08-09
76e6e096-1e61-4762-9ef8-7f5d892434bb,India,ios,Portuguese,45+,2025-11-11
c4d82827-0c60-4498-9802-58785b6d742d,Germany,ios,Korean,25-34,2025-11-20
b3e71869-84ab-424c-b0a3-36c80e93d9d1,Germany,ios,French,<18,2025-08-08
e4a8be84-be78-4ce4-a232-ea2aefd0ee90,UK,web,French,35-44,2025-11-21
940d6c72-50da-4e72-8d65-f09c4d77194b,UK,ios,French,18-24,2025-09-27
162b339c-5841-46fb-90bb-734d6f9a1a54,India,web,Portuguese,<18,2025-11-14
6f35ab54-1d90-4d10-bc6c-3cfb81591ece,Philippines,android,French,<18,2025-11-03
155ce51c-f810-4ba4-bd92-85597fbad768,UK,android,German,35-44,2025-11-09
dee3eae7-e34f-4505-85c3-d0425045ce33,United States,web,Chinese,18-24,2025-09-15
2e54f420-7b77-41c0-aadb-087d22281ee9,France,ios,Chinese,35-44,2025-09-27
a9848c44-3e97-4989-ad90-429de2a673b4,Brazil,android,Japanese,35-44,2025-11-01
7e095797-16f2-4abd-9a75-185d2986264d,Mexico,ios,Korean,18-24,2025-08-21
c2cd3205-d941-46ad-92dd-df1e5c230815,Brazil,ios,Chinese,<18,2025-10-19
9266b4a7-db00-4f74-9e0d-33ea1285a4a6,Brazil,web,Spanish,<18,2025-10-30
a13c9e08-b383-481c-b930-80fd3feb2500,Mexico,android,Chinese,18-24,2025-08-24
3b056982-5554-4499-a00d-6f77af84b5b4,UK,android,Spanish,<18,2025-10-14
77339cad-205a-4710-b371-489f10cc141b,India,web,Japanese,45+,2025-11-23
a1a5274c-cb33-436b-bb3f-10790f0883fc,Mexico,ios,Russian,35-44,2025-10-17
4abdef1a-f2fd-483a-95f0-f2b48aaf331e,Spain,ios,Portuguese,45+,2025-10-13
aeb1d511-662d-4625-9952-bce2d24bbaa3,Philippines,android,Hindi,45+,2025-10-06
9a4842f4-eb3e-4c41-9dc7-e40695c8c878,France,web,Russian,45+,2025-09-22
50510fea-a453-480e-b2ba-2257559ebb05,Indonesia,web,Japanese,25-34,2025-11-02
55de462c-6e16-4d01-be70-6b43d613b2b9,UK,ios,Chinese,25-34,2025-09-05
bf17a6bd-5667-489c-a7de-5f5af3fa645c,Philippines,ios,Chinese,45+,2025-11-05
bd074072-f0dd-4a4d-98e4-5714e199dd1b,Mexico,web,Korean,35-44,2025-10-26
8aaa95fb-8582-4dda-b79e-fe7911596858,Spain,android,Portuguese,45+,2025-09-07
be1c7061-e4ec-4aeb-bd39-73f59d419c81,Indonesia,ios,Japanese,45+,2025-08-20
9d395263-c8e2-4a5b-a3c1-8393c379df81,France,web,French,25-34,2025-08-17
371c1930-a158-4035-bdfd-cdcf159cbb31,France,web,Hindi,45+,2025-11-23
b123c08c-97ed-4fc4-90b8-199648c4c8ea,UK,web,Russian,35-44,2025-09-11
df06748e-5e98-40fc-b240-b06602eb58c0,Mexico,android,German,35-44,2025-08-16
ecb583c6-373c-4243-9916-6a02de26f286,Philippines,ios,German,45+,2025-09-11
7398d4ad-5482-4b76-b99f-c4200e73565a,India,ios,German,35-44,2025-08-28
a7f6c825-3f8c-4ba3-80f6-8f86575cf9ad,Philippines,ios,Japanese,45+,2025-11-29
3585dcd4-798a-4dbb-b067-314445ba3e86,Philippines,android,French,25-34,2025-11-22
5b618c78-efb9-4bbd-84a4-a4f262ad277b,France,ios,Italian,45+,2025-10-13
c80df420-548c-4afb-bdd9-df375775ddce,India,ios,German,<18,2025-10-16
a489e2bc-4729-4c43-9f43-3e1b2dec9795,India,ios,Russian,25-34,2025-10-16
79ab0822-dcd9-4489-876b-bef2dcd3f0c7,UK,ios,Italian,35-44,2025-09-24
61ae4df7-1436-42e6-ae19-648fd04d130c,Indonesia,android,Hindi,35-44,2025-10-04
97d533fe-3d38-4b3a-84cb-a179a62e0a0d,Germany,web,Korean,25-34,2025-11-26
5a33245d-4de4-4e9a-a575-e67c02acc07a,Brazil,web,French,<18,2025-09-13
e9d846b8-55e1-49e7-b87a-5ebd8887a4d8,Brazil,ios,Korean,25-34,2025-12-02
6c5e802f-f6ff-480d-9f4e-57c8b4520196,France,ios,Russian,18-24,2025-09-05
5041f675-6ef4-406b-9a9d-509e8c9cf2f5,Germany,ios,Portuguese,<18,2025-11-12
8e5cf090-280c-49ab-82b0-c3a1dc6d9f92,Indonesia,android,Portuguese,25-34,2025-11-23
d5db6755-ca96-4895-85ca-bcefa89b160d,Germany,ios,German,18-24,2025-10-01
e59b5aa1-bac5-49df-9e03-5b772409a47b,UK,android,Russian,45+,2025-08-17
3dd7e7dd-db3e-4da2-9a20-e201490931b9,Philippines,ios,Korean,<18,2025-10-09
84e9eff4-5d2b-40fa-9b3d-425ee0b37c6c,France,ios,Japanese,45+,2025-09-12
f02ff941-4295-44d5-bcc0-df9b525a3c9f,India,web,Italian,18-24,2025-08-25
9288627f-14da-4557-a077-78cc4d9a57c7,France,ios,German,35-44,2025-10-22
c4e8ac82-5803-460e-aa53-75bfa5a82271,Brazil,android,Italian,35-44,2025-09-22
6064fbf4-81e7-4a4e-bcab-a373578df5fe,Indonesia,web,Chinese,35-44,2025-08-16
a6634def-7a83-40b2-b8bb-74b12eedfd9e,Germany,android,Chinese,45+,2025-11-21
49f6926f-1d4d-418e-bab1-2a638a77785b,Indonesia,web,Chinese,<18,2025-08-11
2fa621a2-d26d-4ad0-b7d9-e706df62c564,UK,android,Portuguese,45+,2025-09-27
200a172e-770d-4f11-8885-f939e8141669,France,web,Spanish,45+,2025-08-08
cd20db85-527c-48d8-a650-a9b804c4b42f,Mexico,android,Russian,35-44,2025-11-28
b6b41114-9fe8-4eea-81aa-5bc5ddb77dd0,France,android,Portuguese,45+,2025-11-04
818957ad-62a5-4edb-a78b-688b9c8a9d1e,India,ios,Russian,18-24,2025-11-06
7894d0d3-f4c6-44d8-9ee8-949af95c393a,France,web,Hindi,25-34,2025-08-10
f5fc664c-3be4-4c56-b927-ec359abb26c9,Spain,web,Korean,25-34,2025-08-14
938f06b5-4942-494c-b53b-f3f98d317b60,UK,ios,Chinese,25-34,2025-09-06
f11fd294-7a0d-4b97-88d4-7998c80ab9d8,United States,android,Chinese,35-44,2025-08-12
ff722299-d59c-47ec-bb0d-4825b685f869,UK,android,Hindi,35-44,2025-09-22
731421ef-bf1d-48e7-8c5c-4736bf893abb,Germany,web,French,25-34,2025-10-04
99c30d4a-2c17-463e-9868-eae0f0e64318,United States,android,Spanish,<18,2025-10-30
1e02e12c-b8b3-4aed-8932-16dcc42d7370,Germany,web,French,25-34,2025-11-28
6f30c8ed-771b-42b6-bbc6-b397946c3d5e,Germany,web,Portuguese,45+,2025-08-07
6f494772-4502-4ab2-ab6d-bf7ae209539d,India,android,French,25-34,2025-11-24
62c8b2db-cc40-4a8d-a83f-05c40ac61dfc,India,android,Russian,25-34,2025-09-07
756614ea-2fb1-421a-87b2-0f590706185c,Philippines,android,Japanese,<18,2025-08-07
8f44234e-015e-4ebf-a202-7e8efac09645,Brazil,ios,Russian,35-44,2025-10-29
e498f005-7afe-4d44-bd21-36c301c9167b,Philippines,web,German,35-44,2025-08-10
04a30aa4-fa5d-495f-a9c3-165157cc1232,Philippines,android,Portuguese,45+,2025-09-25
b1fc10f5-b281-42da-bca1-a51b5fd0ec5c,Brazil,ios,Chinese,25-34,2025-09-22
be255553-b7ad-442e-af42-cca022878fcb,Mexico,android,Portuguese,18-24,2025-09-10
90fb4ecb-89cf-45a7-b88e-bf0546389e84,United States,web,French,45+,2025-11-29
94cead1c-cbb1-459b-bf18-8981e4b414a9,Indonesia,ios,Italian,35-44,2025-11-11
b0f6c243-21eb-4d53-81c9-b035129f9f4c,Philippines,web,Portuguese,<18,2025-08-07
83c07b96-bd4e-4bd7-a092-885f5eefe5dd,France,android,Korean,35-44,2025-08-17
5add2870-b99b-4df2-accb-a8c1f75d67ee,France,android,Portuguese,35-44,2025-10-24
ed73a9ce-b95a-40db-a446-ca083a9ef831,Germany,android,Russian,<18,2025-12-01
577eb80f-33ac-4a40-a47a-1d58e9b686fa,Brazil,ios,Italian,25-34,2025-11-07
45f3380b-e615-46f9-b82e-2fa369fdc5f9,Germany,ios,Spanish,25-34,2025-09-19
19defe5c-af58-4302-b518-a8a8d5081bc7,Spain,ios,Russian,35-44,2025-11-15
bcdd94f9-542a-47e8-924c-9617b4b9775a,Spain,ios,Italian,45+,2025-08-29
ee58aa69-fb57-4ee1-af3a-36cf09ef3858,Indonesia,android,Italian,18-24,2025-08-20
b952ed1f-a3bf-4c0a-b72c-511d075a7059,India,android,Portuguese,45+,2025-09-03
192d17f0-97fe-4e1d-99f7-d3a102e499f6,India,android,Hindi,45+,2025-08-20
6652037a-d52f-4e4e-8734-41e7f83c3c3d,Brazil,ios,Japanese,35-44,2025-10-14
6abbac07-9180-4301-a9ee-b72a0adee82c,Brazil,ios,Hindi,35-44,2025-08-07
626cf95a-0f70-4c53-91b0-bc2d1ca5e92c,Philippines,android,Italian,18-24,2025-11-24
820a3f66-93be-4fd8-8649-b9592932e608,Spain,android,Portuguese,18-24,2025-10-26
3ea37472-678d-4422-9c03-c79067d709f4,Philippines,ios,Japanese,18-24,2025-11-13
8585a0cb-63b9-4bd4-b3ea-3ee90381305a,India,web,Chinese,35-44,2025-09-22
09b4ef1b-ae7a-4538-b2f6-af03b984fddc,United States,android,Korean,35-44,2025-11-03
480546aa-6925-483e-8a04-81da68531e89,United States,android,French,45+,2025-09-22
7aa8788a-c3c9-4bb4-b4e6-5085fbd49991,Brazil,android,Japanese,35-44,2025-08-19
b48ce1d1-05f0-4913-8cdc-2c61c445664f,Germany,ios,Chinese,25-34,2025-08-17
54de2303-52bc-429a-a13f-eb918af96520,India,android,Chinese,25-34,2025-10-15
247926d7-2ef2-4436-8d02-9d422dd6f128,United States,android,Korean,18-24,2025-09-08
97338fa6-78fd-4b5d-812d-5f6c7848cf8f,India,android,German,35-44,2025-08-11
f16f2918-4b28-49bf-a000-5053c9a2409b,UK,android,Spanish,25-34,2025-09-25
a402aa1e-7fe6-4ee6-8afa-4f06124b339b,France,android,Korean,45+,2025-10-22
4ab0b54a-44a3-4754-9b9a-f7d36a542166,Spain,web,Spanish,<18,2025-10-15
eac6570b-0dee-4915-9538-cc4678f5a476,Philippines,web,German,45+,2025-08-29
edd698bd-491e-4247-b494-143df56df480,India,android,German,<18,2025-08-31
629bae55-7bea-416d-a43c-299f8a474fcc,France,android,Korean,45+,2025-11-16
3814b367-382e-4499-a05b-cff1101d95d3,UK,android,Spanish,25-34,2025-08-24
2d559cad-428f-4467-a9f3-a1ee9f24a953,Philippines,android,Hindi,35-44,2025-09-06
755417f5-005e-4242-badb-a4e860201d11,India,ios,French,<18,2025-09-02
9d5cf246-6205-4b04-a7e1-bba259d8c0d2,Brazil,ios,Hindi,35-44,2025-11-23
324dc83b-56ac-460b-a653-caa7ad10009a,France,ios,Spanish,35-44,2025-09-30
464eab33-3d3c-4f6c-a53b-0112bd372fdb,Philippines,web,Russian,25-34,2025-08-30
8aea50eb-b44b-4a1b-9280-4b432e029f48,India,android,Russian,18-24,2025-10-20
be7e6a6d-6636-4c5a-8b11-a512d6aab2c6,France,ios,Chinese,18-24,2025-11-27
060702c2-2175-46c9-b347-efdc40e77805,UK,android,Russian,<18,2025-11-21
aed7c19f-3986-469f-8ecb-8e0a5e8cb2dc,India,android,Russian,25-34,2025-10-09
6c9c000d-af2c-4976-bdad-aebb54b8ed91,India,web,French,35-44,2025-11-04
923097c4-ce93-4488-bea9-f07a141a3074,India,web,German,45+,2025-08-18
dcfcbe15-4a53-4523-a4c0-56a7555809ba,Indonesia,ios,Chinese,45+,2025-11-24
5cf0d076-cfcd-471c-b901-23cc98636893,Brazil,ios,German,<18,2025-10-21
50c15da6-9363-472c-ae96-6ace9966dce7,UK,web,Spanish,<18,2025-09-17
e2ecea64-3c1c-47e7-9ac3-374dd35fd93e,Philippines,web,Korean,<18,2025-08-27
2bc96c9d-5162-46de-a07f-1106a39081e1,Indonesia,android,Chinese,25-34,2025-09-16
8eadac5d-ee41-4b2a-b873-3fccb029a999,Germany,android,Japanese,45+,2025-09-18
8b2e14aa-839c-4474-8ec3-e931fb1de634,Indonesia,ios,Chinese,25-34,2025-10-14
2db3d619-3f50-40a6-89a6-b7c680c5dc74,Spain,ios,Italian,25-34,2025-08-26
7d9be603-b0c4-4de2-a7c3-c53df967daa9,Spain,web,German,35-44,2025-10-23
c658a8f0-381e-4417-8308-393f3a3cbe2e,India,ios,Spanish,25-34,2025-11-30
5cd369b0-a3fc-40d1-8dda-ae03c1ed885f,Indonesia,android,Russian,25-34,2025-09-13
c3e50b7d-fd9d-434e-997f-67e99fa6dc47,Germany,web,Italian,35-44,2025-10-30
1f001444-765f-45f8-b9fa-9d4ee8d8ebaa,Indonesia,android,Portuguese,18-24,2025-08-25
f964794c-f535-4f13-a000-cbab3d210a5f,Brazil,web,Japanese,35-44,2025-10-07
5644e629-c423-4667-973c-27b6455d4115,Brazil,web,Hindi,<18,2025-10-02
c1805bc5-b1a8-4471-9742-8b049b4a5848,Germany,android,German,18-24,2025-11-04
51424980-3b74-483a-a513-93c779f5e84d,Indonesia,ios,Hindi,45+,2025-10-19
1dd4c572-89d5-4066-82b2-add41e03bd64,France,ios,Spanish,25-34,2025-09-24
838d8bea-0fba-447a-abb1-d7f4646bb013,Brazil,ios,Hindi,18-24,2025-08-05
42bf1304-d05b-4f93-b26a-2aafa66e71a4,Brazil,ios,Spanish,45+,2025-10-16
c8842997-9645-4986-8846-412dedbb320c,United States,android,Spanish,35-44,2025-10-09
194b3e56-2d38-4a0f-a1bd-1c25b18faaf8,Indonesia,web,French,35-44,2025-11-10
e594db55-56e8-4355-8b31-0b0231e3ec54,Brazil,android,French,<18,2025-09-07
57c359c4-93c6-4c8b-9116-c049a6bc9c53,UK,ios,Japanese,<18,2025-09-20
85263eca-665b-4597-8626-419097a33183,Indonesia,ios,Spanish,18-24,2025-09-10
e8c724e4-1c93-4450-9d24-dbae49a4bd23,Spain,android,Japanese,25-34,2025-10-16
f9ba8323-11ef-499a-9376-715292f71beb,United States,web,French,35-44,2025-11-23
e5611c9a-f93d-4731-8158-3255d0ffd3f6,Brazil,android,Japanese,18-24,2025-08-27
6c1a1316-8159-45bd-b60b-ea2a0b9669c6,United States,android,Japanese,18-24,2025-09-15
3f9a788f-e283-42d5-af4c-90489706fa51,Spain,android,Korean,18-24,2025-10-27
91131354-2e30-4473-ab97-f1ce3c6373ff,Germany,web,Korean,<18,2025-08-23
6c9e2e8e-a70b-445b-a469-d0470f811e27,Germany,android,Spanish,35-44,2025-11-02
9bc604eb-cb25-4630-a85d-c79e6233a121,Indonesia,android,Italian,<18,2025-09-03
478632a7-2882-4473-abe8-fc1997804f95,Spain,ios,Hindi,<18,2025-11-24
46548f64-c3d5-4451-8b5a-38d66e77696e,Mexico,android,Japanese,18-24,2025-11-23
71143c5e-4180-462b-a5df-0602188a48f5,Mexico,ios,Italian,45+,2025-10-30
90b46666-41a9-4271-b6be-e3da6c8bb50a,Indonesia,ios,French,45+,2025-11-14
6f4bcd11-c494-4d82-8c1f-994363ebd8ba,India,ios,German,45+,2025-10-16
a0c87a7e-97f4-4e73-a412-d0e667e08578,United States,web,Hindi,18-24,2025-09-03
473f78d2-fb89-49e5-ba14-aae7735ceb1e,United States,ios,Russian,25-34,2025-08-25
03a7c3c4-7c0c-4b37-acda-b13c61dc79b7,Germany,android,Hindi,35-44,2025-09-13
7050e2ca-1ca9-473d-8bc7-b47b5b302f40,Mexico,android,Japanese,18-24,2025-11-14
5ca81828-0080-45f7-87f1-1ff5f707ac55,Philippines,ios,Spanish,18-24,2025-08-31
3b6f680a-c46d-4694-9e8d-98b66a778da6,Brazil,ios,Spanish,<18,2025-10-15
97c7dac1-a5b6-4c13-b81e-30fc29959985,Brazil,android,Japanese,45+,2025-10-24
031d31f7-3231-45e9-b9bf-c3b0c76f560e,Brazil,ios,Japanese,18-24,2025-10-18
63dc373d-9436-45f6-9af2-24d072b70296,Germany,web,Portuguese,25-34,2025-11-20
c7dedc4e-d6ca-4bf0-9879-ccc23464b01e,Spain,ios,Hindi,35-44,2025-11-22
a24dc356-2a4d-454f-b04f-a8ec63aa1bab,France,web,Korean,25-34,2025-12-03
7c5130bd-178f-48fe-b919-ab143150fba5,Mexico,web,Korean,18-24,2025-08-05
95546a10-88ba-478d-8e15-866314930090,Mexico,web,Russian,18-24,2025-10-25
8f649cca-7e69-4283-b35c-fc26752faa2d,Philippines,ios,Italian,<18,2025-10-08
e09c50cb-9a41-48a4-9fe7-d604b5ace78b,United States,web,Russian,25-34,2025-10-18
b0b1fbd6-e247-46b3-8f41-05e21e9798ed,India,web,German,<18,2025-08-28
ddbfdf03-cd3f-4f9b-a08f-b58f3a490966,Indonesia,ios,German,25-34,2025-10-30
3d0dbc4b-93af-47aa-bfb9-207808141732,United States,web,Portuguese,45+,2025-11-20
32fd1438-0774-4af4-9fd4-36f4e31b1339,Spain,ios,Spanish,45+,2025-11-17
5e6d7124-5048-4afd-be5f-228bb9a40122,Indonesia,android,Hindi,25-34,2025-11-22
5e019e7f-b424-4beb-9a3c-18a8379195e4,Mexico,web,German,<18,2025-11-10
0eb57aef-a204-4337-8e5e-8c0bd5d8caa2,Spain,ios,Italian,45+,2025-10-09
461e25f6-44c4-40b7-899d-a7963d5d4e94,Indonesia,android,Hindi,18-24,2025-10-07
368f36d9-df21-4a7f-bc82-1efdc1cd9665,Philippines,web,Hindi,35-44,2025-09-23
a9e38d90-47d2-47db-8888-f8f97b6ca47b,Philippines,web,Korean,<18,2025-09-23
2a4a8517-6956-455b-92f6-59627daff2a1,UK,ios,Spanish,25-34,2025-09-29
2daf8c83-fb93-4a32-86b6-4e515dac7b79,France,android,German,35-44,2025-10-12
dfb0f5a0-3383-4514-b704-b332abab2edb,Philippines,ios,Korean,35-44,2025-11-20
d8cbe733-fed9-48be-bd31-88cc727324e8,Mexico,web,Chinese,18-24,2025-11-30
a403adf5-f409-4efc-a7a2-ee7e5373f52a,India,web,French,<18,2025-11-22
119213e9-0616-43fd-8e28-ae201b1a3747,Brazil,web,Chinese,35-44,2025-10-19
1f72bac3-8450-43e8-8740-e415507d5641,UK,web,Chinese,<18,2025-09-24
26cd3a95-d241-4f3e-ae49-7a5889b0ec2c,Brazil,android,French,18-24,2025-11-22
425f6149-8383-462a-9427-8c6f32cbbd4e,France,android,Chinese,25-34,2025-09-18
54d03910-f0ad-45f1-bb83-7ff11851e659,Indonesia,ios,German,35-44,2025-09-18
cb8d5bc4-1713-4993-9f71-1524bebfe4ac,Germany,ios,Hindi,35-44,2025-08-25
8bd43ce8-f46f-4427-b3e7-754c88647cb9,Philippines,ios,Korean,35-44,2025-10-23
cb73a302-de91-4d32-aa01-9d7647474c43,India,web,Japanese,<18,2025-08-15
8504cd25-828d-4c8f-ae00-ea1e3355e3a7,France,ios,Portuguese,35-44,2025-10-15
aa668099-d15d-4ca2-bb4a-0b18950b67eb,Brazil,android,Korean,<18,2025-12-02
1102dcf6-7477-438d-8de8-6e16650377f2,UK,ios,Italian,45+,2025-10-27
1e22502c-2285-4455-a47e-c23377026db2,Philippines,ios,Spanish,45+,2025-10-12
358bd90b-797c-45af-8470-006904cc438f,Mexico,android,German,<18,2025-10-15
80295829-7073-440a-bd68-67754dc24183,Philippines,android,Korean,45+,2025-08-26
b96572d6-ce23-4c7e-a95e-55f697bd72e3,UK,web,German,18-24,2025-11-23
652e516c-1c4c-400f-8f9c-f3ea0ffcf9b6,UK,android,Russian,18-24,2025-09-02
452ca152-3e44-4da1-ae96-692be486d7df,Germany,android,French,45+,2025-08-10
60c26e63-49ed-4931-93b7-df1cd1fc7aed,Philippines,ios,Japanese,25-34,2025-09-23
f9e8d2d8-8980-47f2-921b-12dc07546f54,Philippines,android,Italian,<18,2025-08-10
abd3494e-dff8-44ee-b514-eb4c9c297f2b,Germany,web,Hindi,45+,2025-11-02
ef3443be-f150-4ef6-ac67-173c8a2c15f4,Spain,ios,Hindi,<18,2025-09-21
d2e72a52-1eef-44bd-b331-7b3ecd8b07df,Spain,web,Korean,45+,2025-09-28
106a7bbe-7179-4b49-92e6-9039ff3b9a78,Indonesia,android,Chinese,18-24,2025-11-12
a24e2525-344f-41c0-b935-c63e23bb3177,Spain,web,French,25-34,2025-09-07
15008599-f459-4bc9-b98f-03c489b0ac9c,United States,web,Chinese,<18,2025-10-16
55443111-6b67-4709-a083-4dc3bd347718,Philippines,android,Chinese,25-34,2025-11-12
a7d6e1a3-1c4f-424c-8ac8-fd6dd49b83d0,India,android,Italian,18-24,2025-11-16
12d8ce9d-f871-4b2a-80b5-bbdc5d926372,Philippines,ios,German,35-44,2025-10-30
e4ed2809-40fc-46b5-9cad-5628fced8daf,United States,ios,Korean,35-44,2025-10-26
c0b22405-a6a0-45e6-ae56-9ed0954e67c4,United States,ios,Hindi,<18,2025-10-30
712c8fa4-d7bf-49b6-a071-9f7512ef44d6,Brazil,android,Spanish,18-24,2025-10-01
673eade7-757c-4e3d-ba59-27468442f983,Philippines,web,Chinese,<18,2025-11-15
6d133632-1a59-4c4e-b415-0d35b6e106bc,France,web,Russian,<18,2025-11-25
8db3d303-3b1b-47b8-933e-743bcda57410,United States,ios,Italian,<18,2025-11-12
91ec7ee2-9ee7-4a96-8e56-719d95356ebf,India,ios,Portuguese,25-34,2025-10-09
e85a6865-f746-4948-b3e1-0c6ee8155202,Germany,android,Korean,45+,2025-10-29
414f37c5-7736-41f6-9048-1b066e163a25,Indonesia,web,Russian,18-24,2025-10-11
1e16126d-ff42-4215-98bf-0f2868a56c22,Brazil,ios,Chinese,25-34,2025-10-26
6b77b5e9-06bb-4b02-ab05-dec56adf4387,Germany,android,German,45+,2025-10-03
9df35839-c0b5-4325-9c67-038413afa936,Brazil,ios,Italian,<18,2025-08-25
d945bef9-d43d-4cfd-8a5e-305cac8d1796,India,android,Japanese,35-44,2025-11-24
8d1ddf1b-40d2-4c52-a541-ff5624d0fabc,UK,web,Spanish,25-34,2025-10-18
b8fde879-0a77-48d0-a5cb-40c2f6bcc354,Philippines,android,Italian,18-24,2025-11-01
71612a4e-7186-494b-842a-ff93cbebe987,Mexico,ios,Russian,18-24,2025-08-05
746e70da-7641-4b03-bae7-9fc7c4c91ea6,France,ios,Hindi,45+,2025-11-02
654870ba-dbb3-4014-9279-ce2dbb97f465,Germany,web,Spanish,25-34,2025-09-02
0cb8cda3-b00b-4c90-a360-db767bd60866,Philippines,web,Japanese,<18,2025-09-14
a9363031-371c-4144-ad09-46d64f972222,France,ios,Portuguese,45+,2025-10-01
62403ca7-44b1-4feb-8af5-78900164defe,UK,ios,Korean,18-24,2025-09-18
3e03eedd-46a3-4e2a-bdb1-0360af46be5e,Mexico,ios,Chinese,25-34,2025-09-16
94e362ed-3a44-49d1-8916-9673b418d6fb,France,web,French,35-44,2025-11-08
b280d21f-0915-4932-9093-aded9ee14c64,France,ios,German,<18,2025-10-06
2a1c8782-e2f6-4830-bcf9-a726f9df3f65,Germany,web,Russian,18-24,2025-11-20
6825f0a9-8cb7-4b1f-bb1a-bd105675bc0e,Spain,ios,Italian,25-34,2025-11-16
4e47cf7d-409f-4f0a-806e-7271dd6d5284,Mexico,android,Hindi,35-44,2025-10-26
7980c504-ccad-41bf-a34b-f01c1327524b,Philippines,android,German,18-24,2025-12-03
2f711aba-7b7d-40fd-a1ea-49b27272c8e9,UK,ios,Hindi,35-44,2025-10-14
f5342983-c57c-4752-94e0-33ebec513892,Mexico,android,Italian,18-24,2025-10-22
f455e9cb-c462-48ff-bfd4-d16fa4bc1f68,India,web,Russian,45+,2025-08-18
decde211-f452-405b-9033-b58eecb9e176,Spain,android,Portuguese,45+,2025-09-15
5f237921-9b41-4099-ba93-968a3a19c1e9,India,android,Portuguese,45+,2025-10-16
36b12ead-c971-4148-b076-7a571c700d97,UK,web,Japanese,25-34,2025-08-23
b4dcc89c-cf70-40b6-b12c-e2eef0e2b63a,Germany,android,Chinese,45+,2025-08-15
e75149b0-ef19-4997-a754-dd8feea295cc,Germany,android,Korean,25-34,2025-10-22
3c63fa3b-3ee6-4d8a-b6e0-eb4929c23c8b,UK,ios,French,<18,2025-10-08
538f2949-c140-48f9-83b9-9b763672c0b7,Brazil,web,Korean,45+,2025-10-22
11a5ac82-cabe-484e-ada9-e53098042fd6,UK,web,Japanese,25-34,2025-10-09
f212b159-a463-4d62-96b6-ffa47435c5b8,Spain,ios,Portuguese,18-24,2025-08-21
ecb61ba4-3538-4b79-bf4a-f37d657e20f3,United States,ios,Hindi,25-34,2025-08-20
739b7ebf-26f7-48ae-99d2-f382fc72bb39,Germany,android,Japanese,25-34,2025-08-15
1f576878-93a2-4651-96d4-a4b7b360c2d6,Indonesia,android,Chinese,18-24,2025-09-11
04115361-b9e1-48c3-98d7-2ff34b21d437,Spain,android,Russian,25-34,2025-09-18
d9bd9321-d8f7-4252-a754-5449d05b8932,Spain,ios,Chinese,18-24,2025-11-16
d6c54ecd-beeb-4160-90e3-d87e9f546c8c,Spain,web,Spanish,35-44,2025-10-26
19c3863e-4607-4b1f-a8af-35272b1f475d,France,android,Chinese,45+,2025-10-23
b6cd7457-8ffb-48df-a6b8-561f54ba3315,Spain,ios,Russian,<18,2025-09-17
dc644180-2d9a-4ed9-93d4-89aeada39963,Germany,web,German,25-34,2025-09-06
4246e15c-6e94-45ad-9db6-217a64d8c21b,United States,ios,Italian,18-24,2025-11-08
e096cf8f-8891-4f36-9302-b7103e005107,United States,android,Russian,45+,2025-10-03
1d5112d9-316c-4dab-b8c9-41f8b312f2bb,Spain,ios,Chinese,25-34,2025-10-24
1256eac0-e997-4d22-bdaf-adcc5b4a0e80,India,ios,Portuguese,45+,2025-11-11
f2ae9193-f77b-411a-b11e-135139c415b6,Germany,ios,Japanese,35-44,2025-10-14
2f068703-a877-4ba6-9ff8-745dc6e35914,Germany,ios,Japanese,25-34,2025-10-24
6c6f1908-b2bd-434a-ae41-40994382210d,Mexico,web,Japanese,18-24,2025-10-27
50c24c40-fde8-43c9-99ac-bc2c32295e6b,Philippines,android,Portuguese,35-44,2025-08-31
73657a3e-3a1f-4850-9670-079f3afcc631,Brazil,web,Hindi,25-34,2025-09-06
b5467c4e-81d6-467b-8c32-24f07c6c3414,Brazil,ios,Italian,45+,2025-09-13
28e84003-9a6b-47ab-8afa-d7d15ff4df31,India,ios,Russian,35-44,2025-10-02
340f8413-4877-4226-9efb-d1b37b773e2a,Brazil,android,Chinese,18-24,2025-09-21
850c79ce-d5ba-40f7-aea7-63564cc79d8b,Mexico,android,Hindi,25-34,2025-08-25
01561949-d691-4ba9-a22b-e53c4b0adc95,UK,web,Chinese,45+,2025-11-02
8ed18601-5a84-4eec-9b5a-f4abb72649d1,Brazil,web,Japanese,45+,2025-10-23
7e9e5a9b-44ff-4b2e-bb33-e20a44eb80ab,Germany,android,Chinese,35-44,2025-10-16
2871b642-bfa4-4091-948f-cd6067ea51a2,UK,web,Portuguese,25-34,2025-10-29
2db97db9-033d-48a3-a79a-4e7e5ea44d2e,Brazil,ios,German,45+,2025-08-21
57961878-1b94-4cbb-b52b-a96129aa22ad,Germany,ios,Chinese,35-44,2025-08-25
ff7b1602-0e52-4e59-a6f5-a78125e5408c,Germany,android,Hindi,<18,2025-10-14
9f154e74-c4a4-4dbf-a3af-4ccc6dd8fed9,Spain,web,Russian,45+,2025-10-18
4c0dd919-bd0d-4fa4-951b-7e83087162b0,United States,ios,Italian,35-44,2025-11-19
ee9bd6eb-864f-4761-a426-a2826cc9851e,India,android,Japanese,<18,2025-08-06
5a0e0e4e-1d46-470e-8749-cc652416cefb,Mexico,web,Spanish,35-44,2025-09-22
60390c70-dd0f-431e-9bb6-796ab5246e19,France,ios,Russian,45+,2025-11-08
fa6d02a4-4b77-4aac-8ba0-45b68bb6eace,Philippines,web,German,<18,2025-09-19
9801b399-c494-4bc7-80b8-cd85bd2debce,Brazil,web,French,35-44,2025-09-25
ed7aeab6-99e5-49b1-b1ee-4c113ed22a55,Brazil,web,Chinese,25-34,2025-11-10
93c45c37-6545-4b3d-a16a-3469a852c217,UK,android,Chinese,<18,2025-09-07
e065c9ef-4091-4fc4-98bc-5a70a1d1c567,UK,ios,Italian,35-44,2025-08-27
a1c1183e-d6ee-47cf-87fe-46b2a14729d6,Philippines,android,Italian,25-34,2025-09-24
06b81107-a0cd-43ec-9436-093aed1def6e,Brazil,ios,Japanese,<18,2025-11-30
94d52785-461a-42e8-8931-de2d8f6b93d1,Indonesia,ios,Spanish,35-44,2025-09-01
f3a56cb9-bd17-4896-b251-b9f296fdd189,Mexico,android,Spanish,45+,2025-10-05
a4932f48-18d5-4185-998d-7dd4202237e4,Brazil,android,Portuguese,<18,2025-08-05
8209ec40-1a7d-439d-ac06-6b9e51d5a57a,United States,ios,Japanese,<18,2025-09-04
5434b17c-f635-48be-a646-b0fd509fb2c0,Philippines,ios,Japanese,25-34,2025-11-07
11a856b0-e1fd-420d-a9ab-a2c2f4ca18d9,Indonesia,ios,German,35-44,2025-10-08
c389e29b-1840-46f6-ad8e-c91b0d901842,Mexico,web,Korean,45+,2025-08-23
42dfb11c-0415-4dbb-a11f-dd94bce7ed9b,Brazil,ios,German,25-34,2025-10-27
e1f6a573-2f63-4016-aa87-9b9228143ad0,France,android,Chinese,<18,2025-08-19
83f75d40-2627-4edd-a509-9a00757f1efe,Spain,android,French,25-34,2025-09-06
f865c42b-8537-43a4-be3e-56530aa0b9b9,United States,android,Japanese,25-34,2025-11-25
1fa6883c-7c42-43f3-a847-34ab6988cf51,France,ios,Spanish,25-34,2025-08-21
8be15656-91f8-461b-9b55-0d3a75377e84,UK,ios,Italian,<18,2025-08-17
47a2812b-2d44-4edf-aff0-80431a3c9023,UK,web,French,18-24,2025-08-24
917d7686-04c8-4e04-a8d2-175f8ffdc177,Brazil,web,Spanish,25-34,2025-08-24
17da77f5-5ca0-4914-9d92-1aaf8f93b82f,UK,android,Spanish,18-24,2025-10-12
ede75b7b-d690-4d53-bf87-d3ac3a3176cd,United States,web,French,45+,2025-09-08
97482259-a750-45e5-851b-536478023a90,Mexico,web,Italian,45+,2025-10-01
4bfa4962-b143-4dad-be26-306febe34bb8,Germany,android,Korean,45+,2025-11-16
a3f6751c-06f8-43a4-9569-07cf18c35057,India,ios,Portuguese,35-44,2025-09-13
de010493-be06-49c0-a380-ec284776165a,Philippines,web,Japanese,<18,2025-10-26
f850efd1-b3f0-4d94-aa69-ada0998fe308,Mexico,ios,German,18-24,2025-11-03
a868aa24-ab33-47cd-b2d9-b6c16988cc7e,Germany,android,Chinese,35-44,2025-11-01
5098fb5d-4f53-4c9e-a69b-45ca2e2819ab,Indonesia,android,German,18-24,2025-09-10
9289cb28-8bff-4288-972a-fe1e255a587c,United States,web,Spanish,<18,2025-11-14
8f868b24-e2be-4135-a240-0df4d6d76112,France,android,Japanese,25-34,2025-09-03
8bcf75b7-cf99-444c-8c93-a6c45cded41c,Germany,android,Italian,35-44,2025-10-10
4ddce24d-abb2-4949-8dcc-b61372a68829,United States,android,Italian,<18,2025-08-24
a8c5812f-ad08-4a7f-b3c8-591cdb4b9bbc,Spain,web,Italian,35-44,2025-10-16
c2aba36f-7edd-403d-973c-0cf92be51a90,France,web,Chinese,45+,2025-11-24
2c085aef-3346-49aa-ade0-bab3b8ac7e08,UK,web,Chinese,35-44,2025-10-07
987161d6-f5e9-4f87-b4ad-c53a62f9c522,UK,android,Japanese,25-34,2025-09-18
7682e3c4-4f42-4b28-ae2a-c7162ea3d6d3,France,ios,Korean,25-34,2025-10-03
f51bcef9-f7e3-47f7-befa-5b3261620559,Indonesia,android,Spanish,18-24,2025-09-20
0acdc245-d520-4735-bac8-f649780d7652,Indonesia,web,Italian,35-44,2025-10-13
eac41a64-53a4-4510-89a9-f40ef6cd5d33,Indonesia,ios,Italian,45+,2025-09-26
502fc792-89c2-4847-afb5-149e9d1b9c9f,Germany,ios,Italian,25-34,2025-09-30
d59b97bd-8e63-4c61-9032-1e484534e367,Philippines,web,Chinese,18-24,2025-08-07
be81a96b-d83f-4214-b050-db3538164e69,Germany,ios,Korean,45+,2025-08-08
2759117e-361b-471d-8907-d6f4d69e9569,Brazil,ios,German,45+,2025-08-14
33810ed6-6a78-4301-974d-4663810b9b3c,India,web,Korean,45+,2025-09-06
3e833665-82ab-4d73-aebb-0018bc996eaf,France,ios,Chinese,<18,2025-10-11
3f4f272a-eaa1-49fd-9f8d-38bfe3fdf10e,Mexico,ios,German,25-34,2025-09-25
855a935e-3fc8-423c-a6aa-2376762c8d58,India,web,French,<18,2025-11-29
a53ea1d9-9dfe-4fae-8203-8e2b7394213a,Spain,ios,Japanese,<18,2025-08-24
e374c708-d7c1-4564-97d0-24db1651256b,Germany,ios,French,25-34,2025-10-18
5328011e-2dbf-4338-b691-26cb409a2445,Germany,ios,Japanese,35-44,2025-09-05
3691d538-e1b3-4720-8c9b-8fe53be702b3,United States,ios,Italian,18-24,2025-08-11
3f2d0f8f-c997-4f1d-b387-c14fc6923394,India,web,French,25-34,2025-08-22
ca69ba60-fa93-46b1-b508-4d4fee9e6b8b,United States,android,Chinese,18-24,2025-09-26
2d712af8-7e29-4aae-93ea-8b2543a4ef45,Mexico,android,Spanish,35-44,2025-09-18
ad56bcc2-1abf-4230-9d3c-358a3ea5eb60,United States,ios,German,25-34,2025-09-13
fa9d6707-77e1-4498-b438-ba964b7bfc46,India,web,Hindi,45+,2025-08-08
652bce1f-eb80-43ed-bdd7-0b32c9b0bbd4,France,web,Russian,25-34,2025-11-23
41b5703b-a798-4812-a34c-5f017302eca9,Spain,ios,Spanish,35-44,2025-11-20
9839adbe-fae0-47a0-9786-9aa375d9afb0,Germany,android,French,<18,2025-08-27
8eb33528-3c96-4d88-9c6f-04ccdea6d5e8,Mexico,ios,German,25-34,2025-11-02
ebde567c-f6b7-4277-afa7-85bd6c0bfa09,Germany,web,French,45+,2025-09-10
b82af6b2-408e-4ae3-94d0-e4dfd72c9b81,Brazil,web,French,25-34,2025-09-09
a7bd9ba6-425f-4dad-b053-20888cf54e86,Spain,android,Portuguese,<18,2025-10-19
f504fb93-d62d-4bc8-b71c-eaccd179009c,Philippines,web,Hindi,25-34,2025-11-12
b5e09546-cc33-494c-9ea2-3ba8f5970e21,United States,web,Portuguese,45+,2025-09-12
211006eb-e7b2-4935-969d-03053020bdd6,UK,web,Portuguese,35-44,2025-09-16
414a88fe-8ed3-4da1-9a40-d9202a05c389,India,android,Korean,45+,2025-11-28
c13545dd-411e-4b48-ab10-850053f87b5f,Germany,web,Chinese,35-44,2025-09-22
cea0896f-cc93-4828-be55-0a6f0ed59b87,United States,ios,Chinese,45+,2025-09-12
aacb10d0-52a9-4591-a7fc-9d486a61e4be,Mexico,android,Portuguese,18-24,2025-09-08
3d8f052c-e4d8-496c-9c0c-4c07e29576c0,Germany,ios,Italian,25-34,2025-09-12
50451283-c405-47f4-8bec-3507e2fff785,Philippines,ios,Korean,25-34,2025-10-13
364b43d6-9d89-4505-a875-5081f158f035,Spain,android,French,<18,2025-08-29
dc704ae2-abf9-4d0b-8619-8c5fc8a24acc,Spain,ios,Hindi,18-24,2025-10-22
3f874d40-a30d-459a-898a-d3b1f7155540,Germany,android,Portuguese,<18,2025-08-24
32395a93-02eb-4a4a-9fa1-fc5f6bee74eb,Mexico,ios,Hindi,25-34,2025-10-09
3b9f2c07-26ce-427c-8603-1eba6971e463,Spain,android,Japanese,<18,2025-11-20
f8e737f7-d0ac-4f29-97e9-b2f334851fdd,Spain,web,Korean,35-44,2025-12-02
7af2f0fb-d477-4d81-897d-dbcfbff4090f,Philippines,web,Hindi,18-24,2025-11-21
45e39fec-3e56-4e2b-bb2a-5f1df78eee73,India,ios,French,45+,2025-10-31
c21184e4-e4aa-4f16-bc3a-17533ff541bc,Mexico,web,Japanese,35-44,2025-11-05
9f8b5aa8-0b17-4536-a7d6-22ddcd83851d,Mexico,android,Italian,45+,2025-09-29
da7c2232-66ef-4f6c-aed6-3b34ddea605b,France,ios,French,<18,2025-08-30
7c9bac72-f5d8-47b8-abd2-f1e5056874da,France,web,Russian,25-34,2025-09-28
9e90f22f-2d5a-4710-bcb2-cbdbd869da0c,Spain,web,Chinese,35-44,2025-09-23
8de3b747-342b-4e4a-9b9c-a61319a63fc6,UK,ios,Spanish,18-24,2025-09-20
a4594cfc-4d34-439c-a5f9-27435d4beed6,France,web,German,45+,2025-09-06
5edffd33-6635-4b95-88f5-c3319925a14c,Spain,web,Spanish,35-44,2025-09-21
7b3175e0-3f39-4068-ae16-e072f3007a16,Indonesia,ios,Italian,25-34,2025-11-05
7185f192-7a14-406a-9c0f-a712b61501ce,Brazil,web,Chinese,18-24,2025-10-07
392d1825-5384-4808-a205-9a8768ebea01,Brazil,web,Hindi,18-24,2025-10-17
c811242f-aba0-4250-8077-df2a458c92e9,Mexico,web,Korean,45+,2025-10-14
82362461-df88-40c0-a3f8-e7b6a302b330,UK,web,French,35-44,2025-10-05
78c6d5bd-3633-4431-8b25-431f1053ea6b,Philippines,ios,Chinese,35-44,2025-08-27
7501839a-bb75-4b10-a297-a4f63f8feb93,India,android,Chinese,18-24,2025-09-08
d4c73063-75b0-4acd-9c9d-7721fb70d2b3,France,android,Portuguese,<18,2025-09-19
6eaef360-35a3-4680-aa88-51212e3c16f9,Indonesia,web,German,18-24,2025-09-06
6d481a43-c80c-4e11-86ee-e258890edc17,Spain,web,French,25-34,2025-09-30
7b9e194d-c3da-4278-ba99-d3e3cb58ddc2,UK,android,Chinese,35-44,2025-11-14
96308966-50d9-491f-adec-d3fc93e57de1,Mexico,web,Portuguese,45+,2025-10-20
74f41354-1a57-4534-84af-b559d7374e71,France,android,Japanese,35-44,2025-11-30
e2a4db08-a24d-4141-bd82-7c0640160f43,UK,ios,Italian,18-24,2025-10-03
9eff8443-e786-4f03-91b2-724f5d3c6d72,France,ios,Italian,25-34,2025-11-20
d7d90fa6-7f9b-4e87-9004-a253e7a15db7,India,ios,Korean,<18,2025-10-27
6f195823-01eb-49a9-9f44-30f641ea24e2,India,ios,Korean,35-44,2025-10-11
7ce28799-b5d4-4cfa-918b-6453ec8afcf6,Philippines,ios,Chinese,18-24,2025-08-08
3a8c7612-8fe6-4944-b761-af2ab151f4d5,Brazil,ios,Chinese,18-24,2025-11-23
d68c7683-b056-483f-b178-d49045e8cfcf,United States,android,French,18-24,2025-11-19
a47c5b51-8e02-4376-95d6-f23b148fb7c0,United States,web,German,25-34,2025-08-19
20321ba6-17b3-44d9-a8b3-24d4c4a3545c,France,android,Chinese,18-24,2025-08-05
dcaf821a-aca3-41ca-bb82-106fbebe81ea,Philippines,ios,Italian,18-24,2025-09-01
143b424a-a593-4fce-8512-56750abedf69,United States,web,Hindi,18-24,2025-11-15
166c71b0-f638-4f96-a6ea-42a2b1f5c0aa,Mexico,web,Chinese,35-44,2025-10-20
f5e218c5-263c-4015-9cc0-fb198b35d5f1,United States,ios,Portuguese,18-24,2025-10-25
307de3b4-78f6-4d30-82df-9e93febeb1ef,Germany,ios,Italian,25-34,2025-10-21
14d9c26c-b7db-4714-84fa-d1ae8ed21aed,Spain,ios,Chinese,35-44,2025-10-06
b701228c-a68e-41e1-8a54-1ab98bb8cf0d,Philippines,ios,Spanish,18-24,2025-08-25
e3aeca2b-2da6-4e19-8f5b-be4e4f22a8f8,Mexico,ios,Spanish,<18,2025-11-07
0db3d7d3-210b-45b7-b908-991155718904,UK,ios,Spanish,25-34,2025-09-28
2a7f2cfa-549a-4627-9552-ee98c1997002,Mexico,web,German,<18,2025-10-03
f43df0dc-6d32-4e5e-aa73-f71dd19b5e3e,Brazil,ios,Russian,25-34,2025-10-20
bf4af429-55c9-4895-bcb7-e81dbde11e7a,UK,ios,Portuguese,<18,2025-10-04
f07b616d-2cc5-47c3-837c-baf1de45118d,Indonesia,web,Portuguese,18-24,2025-11-21
fdcbcb02-e2d3-4ffa-96c5-2a23c88ee22a,Spain,android,Italian,<18,2025-10-08
e57f9e24-d3cf-4bd6-a916-8b4d99b4e917,Spain,ios,Hindi,<18,2025-09-02
d5a241e1-7b57-4e54-9866-eee08fa54b85,Spain,web,Italian,25-34,2025-09-05
06ec1171-3858-4f3e-ae6c-a3d446775bca,Spain,web,French,18-24,2025-10-07
97e10a4b-f7ed-4bce-af43-cb3593d9d028,France,android,Japanese,25-34,2025-10-24
3302242f-535b-4ba9-a837-e750294e9130,Spain,ios,Spanish,18-24,2025-11-25
15056222-b256-49a9-9609-55ed0a4e8bd4,Spain,ios,Hindi,45+,2025-10-26
61cd2591-d9cf-4b9a-a858-f5aaa179ed06,Spain,ios,Japanese,35-44,2025-11-28
9afd9a1c-20cd-4900-b53a-b7b1ba6ffbdb,Philippines,web,Japanese,35-44,2025-08-22
a325fede-b94d-4575-b6e4-be37e55e8d98,France,ios,Japanese,25-34,2025-09-04
f308b528-efef-4f60-abcd-7c5862475e82,India,ios,German,18-24,2025-11-19
f9dcae14-945b-4543-95c1-4261c2aeb543,Mexico,ios,Chinese,<18,2025-12-01
dbab1378-0791-4f21-9779-f61c80f83b94,Mexico,ios,Japanese,35-44,2025-08-17
d0c80a25-9bf9-4a53-a1db-cd85b0c2f428,UK,android,Chinese,25-34,2025-10-21
4af6bb37-9998-4d05-92d0-394ad646ebba,Philippines,android,Korean,25-34,2025-09-12
f021d5a7-018f-49a2-802c-6a618f2735b6,Germany,android,Spanish,25-34,2025-11-20
dad14bfc-ec05-48c7-8da8-ee0a5851a8cf,Mexico,ios,Japanese,18-24,2025-09-08
3e67b218-4acd-4dd4-87f1-665a152358c2,United States,ios,Portuguese,25-34,2025-08-23
6c8df458-55d8-4288-aa33-699250d2fcd5,Germany,web,Chinese,45+,2025-11-12
33a939f6-e129-4542-9b74-12c59882a8fb,Spain,web,Portuguese,<18,2025-08-06
aee20d36-bc87-4379-9e2a-3b917f1f9d4d,Spain,web,Portuguese,25-34,2025-08-31
fce251a1-a57f-4514-817f-5b798ca6226b,France,ios,Russian,18-24,2025-11-02
e7f6042e-ba80-4b44-a470-b31d8e8192c9,Germany,android,Japanese,<18,2025-09-28
e7c5652f-ef8e-4ba6-9571-4625c1a7c521,United States,android,Korean,<18,2025-11-11
c6661f24-11c8-42f4-b2ee-ab966e8da215,France,android,Hindi,35-44,2025-09-24
c2da4abd-2145-4202-8f55-031d0e79d34b,UK,ios,Portuguese,25-34,2025-11-13
e8cb87f0-f8d6-4116-a522-213e33493342,Germany,android,Spanish,25-34,2025-10-22
ba53f9ba-9e45-49c8-a7f4-b61c667b8760,Philippines,web,French,18-24,2025-09-23
4c825fc9-1b86-4002-9df1-9a92ff3ce77a,Spain,web,Portuguese,45+,2025-10-10
8df24c58-332e-4768-94b3-705ee7b6cdfe,Spain,android,Spanish,45+,2025-10-05
b44d013d-9c60-4521-ab44-cda1df259478,Brazil,web,Italian,35-44,2025-11-04
eecd8959-6f1a-4caf-8aca-b249c3365120,France,android,Spanish,45+,2025-08-23
52f0bbbf-63d6-4bba-a8bb-0b92995e42fd,India,android,German,18-24,2025-10-13
4f2bc189-f6d8-4084-a573-9044f4d9a9ef,India,web,Hindi,35-44,2025-09-14
ca94d0ba-68ec-47ee-9913-d989c9d2448b,France,web,Italian,25-34,2025-11-10
aa44041b-71ff-49ea-b957-c35bc13a04ea,Philippines,web,Russian,45+,2025-11-10
d08b28a1-eb4a-4df4-99b8-f3dc8b9e2d61,Indonesia,web,Spanish,18-24,2025-09-13
e00368e2-1b61-4793-a391-160b07512f29,France,android,Spanish,18-24,2025-09-10
853e36aa-7dfe-407c-ade3-d88f43618df3,Philippines,web,Chinese,25-34,2025-10-09
dbe9f7bc-2940-42bc-b53a-b56adb24356e,UK,web,Korean,18-24,2025-10-14
c0570d90-4430-4a8b-8956-b2151b67ca7c,Spain,ios,Hindi,35-44,2025-11-30
4d445766-d1e8-424e-ba20-1b989003572a,United States,web,German,35-44,2025-08-31
507b8f18-ccbc-4695-8766-bd6682bafcdf,Indonesia,web,Portuguese,<18,2025-09-16
8a82c2c7-ce23-4350-bfd6-738f5252ff8f,Germany,android,German,25-34,2025-08-12
0e067882-3214-4b39-836f-b1fe69349495,Indonesia,android,Russian,18-24,2025-11-08
85492bd2-eddd-4bfd-b0a4-6c41b439456a,United States,ios,Japanese,45+,2025-10-07
70960000-3af9-4060-b346-71f6c2fcfdcd,Brazil,web,Japanese,35-44,2025-09-19
2a0da57e-32f2-45f2-b4b3-58cb0c4bfd57,Spain,web,German,25-34,2025-10-10
8d63519c-1ac3-4e58-9477-17011a681047,India,web,Russian,25-34,2025-10-15
be881ca3-cfa6-4265-96e6-7bdbf251ea51,Philippines,web,Portuguese,35-44,2025-12-03
bf65be9f-40c2-497c-9b95-c86518878602,France,web,Italian,<18,2025-09-04
73a7f83e-a8a9-4a44-bbf5-e3731b3e17f8,France,web,Korean,25-34,2025-11-06
b8fd1c85-8603-43cc-a892-a692760a7ed5,India,ios,Korean,18-24,2025-11-07
7bb64e47-62f8-46ee-862b-bf34d191c000,Indonesia,web,German,45+,2025-10-29
32c8e905-93a1-4739-906a-d5eb7f484e2c,Spain,web,Korean,45+,2025-08-29
54c78f88-4026-4e66-9c77-efa7377eb011,Mexico,web,German,35-44,2025-09-04
fea59d33-7c03-48e9-ad0a-45b6ac882487,Philippines,ios,Japanese,25-34,2025-08-22
961ec834-cd9e-4938-afe2-3c1667bbb36d,UK,web,Spanish,45+,2025-08-24
d4d85273-48e9-477a-82cb-4bb46cbf478b,United States,ios,Italian,25-34,2025-11-25
9acb86c5-c895-4c4f-babf-1f4d19d51d5d,Indonesia,android,Korean,35-44,2025-09-21
2a4e647d-bac2-4f7e-a9ce-a3548d1e4d10,Germany,web,French,<18,2025-11-20
ab07e8b2-5f60-4c12-af12-be3f0f30c7ba,Brazil,ios,Japanese,45+,2025-08-23
11c8b1ce-303f-458a-b2b3-47cc4d362c84,France,android,Russian,18-24,2025-08-14
06441078-58bf-42c6-bfa5-31745e65e60f,Indonesia,ios,French,35-44,2025-09-26
28ffc9a2-e25c-430e-a3c8-e9ba3e959e70,Brazil,ios,Chinese,<18,2025-11-10
b1b9af75-5931-4204-a265-52abb669e711,United States,android,Korean,18-24,2025-10-18
49a759f9-3b93-4e95-bd2c-2ed5d92f4e81,France,web,German,18-24,2025-10-23
2a16ac03-6fe6-4653-9008-debb9388152d,France,web,Korean,45+,2025-11-08
0d34635b-dead-4346-ac72-e4a8b5e4111e,Mexico,ios,Portuguese,25-34,2025-10-06
65b7aef0-fd93-49d3-a269-8c7033b119ce,Indonesia,android,Portuguese,35-44,2025-11-19
8f25dbba-392e-4604-a77a-0acfac0bcf16,Spain,web,Hindi,18-24,2025-10-31
c7f22e6f-1546-471f-8a57-2916d72d2858,India,ios,Italian,45+,2025-09-09
b363205d-5637-4ff6-911e-b8f16afd0edd,India,android,Portuguese,<18,2025-08-15
a6704e2f-75ee-40cd-b939-6c3619f134a8,UK,ios,Spanish,18-24,2025-10-02
da92f03e-e496-4bb8-9d9a-3cfde9a3ac79,Germany,android,German,<18,2025-09-27
a646e7b0-8b13-411d-9420-72a62b1d2631,Brazil,web,Korean,35-44,2025-09-13
d446a44c-116b-412a-9554-af5756858016,Indonesia,web,Italian,45+,2025-10-24
67407371-8fbb-4f28-99c9-d05d7d53672d,Philippines,ios,Italian,<18,2025-09-18
a8853383-ded0-4025-92a6-a49bff065ba6,Germany,web,Chinese,25-34,2025-10-15
7453db0b-76fa-4d98-b35c-18cf23bb8b0c,Mexico,web,French,<18,2025-09-16
d3475d5f-9a29-4af8-93fc-f2fc0e7d1cc7,France,android,Hindi,<18,2025-10-14
146c8d03-b34c-4a2f-bb48-9c84701d7fc8,Spain,web,Korean,45+,2025-09-19
17f07978-12d9-42b7-acbf-61361e964b24,Indonesia,android,Hindi,45+,2025-11-19
82d2de4a-6341-46eb-8855-177b582e7ecf,Germany,android,Italian,18-24,2025-10-20
7e3793bf-5c89-4e7f-9096-c0f478685c2a,Germany,ios,Portuguese,<18,2025-10-19
dbea902c-d912-4278-94ed-be49bd080743,Spain,android,Japanese,<18,2025-08-17
7ec77783-c10d-407d-926d-f7481932ca29,UK,web,Hindi,45+,2025-10-06
de331e35-f5e2-4d7c-8a34-11d1a11d18f8,Brazil,android,Spanish,25-34,2025-09-15
a0447e11-2c09-4e5c-b739-1c505dfceccd,Brazil,android,Japanese,45+,2025-11-11
0050b4eb-4706-455a-a370-18e1840ee3b3,Germany,ios,German,25-34,2025-08-21
7c7d017f-2bdd-4012-b0c8-d600226131b6,United States,web,Japanese,45+,2025-09-08
ca096063-d6e8-476e-992c-8b3f0893b707,Germany,web,Spanish,35-44,2025-09-04
6c529f67-567b-439e-8564-22a2e9024e11,Germany,web,French,<18,2025-08-23
b473263f-73d6-4200-a61f-a8d656a69993,Spain,android,Korean,25-34,2025-10-26
3e7c8a08-2803-4b6d-bbbe-f3a618e1f393,France,web,Hindi,35-44,2025-08-08
1fd2177d-0aa0-41ba-9213-633c18ddd2a7,Spain,web,Portuguese,25-34,2025-09-16
8fa96c8e-afd9-4b6e-a746-40723b08d5f2,Indonesia,android,French,18-24,2025-09-19
5468e526-995b-4ee6-936c-64e5fdc506ba,Germany,ios,Spanish,18-24,2025-11-23
db68e95a-77de-47cc-957f-1cc2af6ef0c1,Brazil,ios,French,<18,2025-09-08
e7ef2fbe-399d-48d0-913e-eabeb4baa3cf,Philippines,android,Hindi,35-44,2025-11-16
81147032-b79b-4388-bc7a-c06fba0b1ef1,Brazil,ios,French,35-44,2025-10-24
56c02e54-95bf-4630-a91f-885782c752f4,India,ios,German,18-24,2025-11-18
7b3d4205-eb7e-49a3-900a-80e08eb28bd7,UK,ios,Chinese,<18,2025-11-03
1a76eaa0-c0c3-48ca-8559-364b5b35e6aa,Mexico,web,Hindi,18-24,2025-10-25
cf39dd0f-6fc7-40d0-8687-24f72f738f55,Indonesia,ios,Korean,35-44,2025-11-19
8c515c92-34bd-4084-aab3-640739635cae,Indonesia,web,Japanese,25-34,2025-11-10
28b8dd62-ec83-482f-8eb1-2025a07901c5,UK,ios,Hindi,35-44,2025-10-17
ec6fd752-5a42-4c7c-93d9-362a6465b964,Philippines,web,Spanish,<18,2025-09-06
5c39894a-781e-41c4-beea-c2f5b980a826,Mexico,android,French,35-44,2025-11-15
5048d333-e3b1-4eb0-b8d6-e599c76255d1,France,android,Hindi,45+,2025-09-29
da8b57e0-72fe-4390-9a42-9d15ea28add5,Germany,ios,French,35-44,2025-10-15
25af1fa4-9b3d-4a8f-8339-ae277da64027,Mexico,web,Portuguese,45+,2025-10-11
a874799f-4770-4d5d-9eeb-e6826c20b997,Philippines,android,Russian,18-24,2025-09-18
1d764f69-e3de-4ec9-9191-da733ef1a4fa,United States,android,Korean,45+,2025-11-16
1a610d51-306d-4eee-9ff9-c578b1108c6e,India,android,Italian,35-44,2025-09-21
5f2135a4-d20b-4b45-be8a-e7f92cb50d34,Mexico,android,Russian,35-44,2025-10-15
b83e8dec-8fd2-4320-bfaf-e0684e62d28b,Mexico,ios,Hindi,35-44,2025-10-10
2ea32458-4599-415f-bfa3-511e4b527339,India,web,Spanish,<18,2025-11-10
1d67966b-91d4-4282-b4bb-b177105517c4,Germany,android,Chinese,18-24,2025-10-02
fefef3af-b7aa-4f27-bb68-4cecb4b83fe2,Mexico,ios,Korean,45+,2025-09-13
6daf3af5-3ccc-466b-bec3-6ce7dfda3fed,India,android,Italian,25-34,2025-09-26
6608f7ba-d02b-472e-9c32-67d72114c7d4,India,android,Portuguese,45+,2025-09-06
39e33dbd-43c7-4bd3-878c-00cde94e5068,India,android,Chinese,35-44,2025-08-08
8c4ae322-b0fb-4986-9d4f-b74df6facb4d,Spain,android,Japanese,25-34,2025-09-12
0006a49b-389d-4e6c-a71b-e4ec4461a837,Philippines,ios,French,25-34,2025-08-06
35f99c6c-7934-47d2-8451-d42208218bcc,Spain,web,Russian,45+,2025-11-11
cd90bd33-368e-41d6-ac1f-53c90b7550c9,United States,ios,Chinese,45+,2025-09-23
ebdde5fc-80d1-4503-b801-73422a612d5b,France,ios,French,45+,2025-11-12
48e07eb5-c51c-465c-b1c6-d15fa7988c18,Spain,ios,Italian,45+,2025-10-02
d306368e-0054-4902-88eb-da75baf6ead6,Spain,android,Portuguese,18-24,2025-10-28
e0de393c-570a-4d0b-b884-edbb2724e548,Philippines,web,Italian,<18,2025-11-16
bcb842a2-6085-4042-9dbc-3e47abbece18,France,android,Portuguese,<18,2025-11-10
4a2dd71d-7bad-49cc-8402-881e47f9177c,UK,ios,Portuguese,45+,2025-10-24
86069f4d-c494-4aaa-99e6-ee82b6a43410,India,android,German,<18,2025-08-18
a843a2d6-4235-445a-9935-673b545e2e28,Indonesia,web,German,45+,2025-10-07
ec9c90b5-3e22-45dd-b06b-867f202f8397,France,web,Korean,45+,2025-09-15
6ab32fd8-80ba-4a1c-84dc-42d71ce6e43a,United States,android,German,45+,2025-11-27
70f58647-c7da-45c6-947f-f57ac04ca219,Germany,ios,German,18-24,2025-08-15
2eefc9b2-635b-4eca-bf51-15a4e0a250bf,United States,android,French,35-44,2025-10-19
17bc84e8-c841-4b98-ab8b-f8383f649a2a,India,ios,Hindi,<18,2025-12-02
7dedb97d-1185-4cf4-a8a4-85aeef00b24e,France,web,Russian,<18,2025-10-02
443eb686-77e1-4ff8-9434-97706f893ed1,United States,android,Russian,18-24,2025-11-16
c98c8158-cd1e-4e44-b2e2-8438fae8f38c,United States,web,Japanese,18-24,2025-11-09
e5cc22fd-5e3c-4052-837e-84ca25632ebe,UK,ios,Spanish,45+,2025-08-21
34916374-80bc-43c7-a634-3082520c9911,UK,ios,Portuguese,45+,2025-10-15
862e4484-e6c7-46e5-b542-b6a7b59770e4,France,android,Italian,35-44,2025-09-23
1759e190-eadf-4ec0-8dff-292f0d257384,India,android,French,<18,2025-09-30
f0f22c19-d51f-4297-804c-0188f6f67264,Spain,android,Portuguese,18-24,2025-09-11
29914cb6-9326-4a06-b51a-6c67f939e281,Brazil,web,Spanish,35-44,2025-10-01
9063fc1c-d0a3-4a91-a57f-a79bffdf0ddc,Mexico,ios,German,<18,2025-10-12
2edfa70d-51b3-4b69-81de-b3962bf9ce0a,Indonesia,ios,Japanese,35-44,2025-09-07
73857c3c-16ad-48ab-9784-e5d4d58a1956,Mexico,web,German,35-44,2025-10-02
0275e714-244b-483e-bddb-01f86c254fc5,Philippines,android,Portuguese,45+,2025-10-11
4b4babad-4eec-49bf-9182-beef85a2ea47,UK,android,Japanese,35-44,2025-09-04
efc97118-da41-470d-8e4d-bb2386442769,France,web,Spanish,45+,2025-08-18
19c0eaee-5714-4c7d-b381-cc837c0edf2f,Mexico,ios,Italian,<18,2025-10-08
ad92f9ed-74cc-484f-a151-790263f9e7ce,India,ios,Italian,<18,2025-10-02
9ea88ba4-c138-49f2-9911-4392cbab6253,Indonesia,ios,Korean,45+,2025-11-12
43a3e0a3-cc73-4d90-a50c-99c57e4ff5f3,Mexico,ios,Chinese,25-34,2025-11-23
099b2fa0-27ee-4ce7-b018-a4c863619947,Indonesia,web,Chinese,35-44,2025-09-22
81ce8723-8cb1-4297-af71-a0cda6c5c960,Germany,ios,Italian,<18,2025-11-30
730eaf19-cf70-421f-962c-6d1ad45eacb0,India,web,Chinese,35-44,2025-08-24
326d4970-6361-412a-82c8-0ffbd9316ab9,Brazil,android,Russian,25-34,2025-08-28
4392228d-f4c7-48c2-9cbd-0dfdf0f7a883,United States,web,Hindi,35-44,2025-11-05
ba530c93-663d-47ad-9322-f8d001696d30,Indonesia,ios,Spanish,25-34,2025-10-27
47891fcf-11f6-46c9-957a-c80fc80ab357,India,android,Hindi,18-24,2025-11-29
bbba95f6-aaab-476c-a04b-5202490432b5,Indonesia,web,Chinese,25-34,2025-10-29
03eb560e-2dcd-461a-90c0-63b6e2160a6a,Indonesia,web,German,<18,2025-11-05
e40cf7c5-6051-4218-82c7-09d3767a6305,Spain,web,Korean,45+,2025-09-26
ed4b87d9-d5f0-4aad-af7c-6867a640f8d3,Spain,android,Chinese,45+,2025-10-28
4eac8c65-a618-46e3-af15-79674f9884cc,India,web,French,35-44,2025-11-12
8a720bd5-3d07-45b0-8433-2af2a70d86ab,Spain,ios,Portuguese,18-24,2025-08-26
36208edf-a60d-4ad1-8a49-f866d88881ef,Philippines,android,Japanese,35-44,2025-10-06
0160ff68-631e-4537-99c1-ff07ab91cbbb,Brazil,android,German,25-34,2025-09-22
e44d0985-e44e-4087-8858-75b59487f4c6,France,web,Portuguese,45+,2025-08-30
f0790d65-f275-4883-99d2-ca821ae90825,India,ios,Russian,25-34,2025-08-27
4f5b0b57-f8e5-4da1-b5c3-fce76ac037a4,India,android,Korean,45+,2025-08-27
e31d92b2-eed6-44aa-885a-ce0e365ca474,Philippines,web,French,45+,2025-10-01
58108f29-d8b6-4aed-9bb3-687bb5749981,UK,ios,Russian,45+,2025-09-24
061d060f-7a22-4a8e-9d95-37f955a52ddd,UK,web,Russian,<18,2025-09-29
70846813-3b41-43d9-b6d1-a5bbc336f257,Spain,web,Russian,25-34,2025-11-19
f886609b-c71d-4a6f-8cdd-6c6b505ad2d1,France,android,Italian,35-44,2025-09-21
83b6ae91-2284-4a5e-8405-91b18ec2850a,Spain,android,Portuguese,18-24,2025-11-19
2e9fd08b-2e26-4b59-93cc-bb577ddff933,Germany,web,Japanese,35-44,2025-10-30
21701f40-5b3a-4d47-ba68-f0ba5098ba97,Germany,android,Hindi,25-34,2025-08-26
73b242ae-c9df-46f7-885d-28d35db3eba5,United States,android,French,18-24,2025-09-25
f916d6ac-6725-485b-8903-21236249cd86,Germany,ios,Hindi,35-44,2025-08-20
6ccbc6e3-7474-4e5a-97ce-1f02276ffdfc,UK,ios,French,18-24,2025-10-18
54188aff-9474-4bce-8f9d-225158b9c70d,Brazil,web,Spanish,25-34,2025-09-25
9828817b-c953-40fe-bd6a-d30b59c9dbb7,Germany,web,Italian,45+,2025-08-20
e55c4d72-eb7b-44a0-83cd-dd49d3f01a73,Spain,web,French,25-34,2025-08-29
5b6fcbf0-d68b-4ba2-89d3-3625e08f7458,Indonesia,web,Chinese,<18,2025-11-28
9741b758-3f31-4aec-9ca4-46ba08c0cf17,India,ios,Chinese,18-24,2025-08-28
c1a8993a-bd9b-498f-8f7f-9a24b0083ceb,Brazil,android,Spanish,25-34,2025-09-02
1dfc72b7-70b9-40ab-95e9-48d1841332bc,Brazil,ios,Japanese,45+,2025-10-08
cc61540a-e731-4d6a-b022-f598128963d5,Spain,web,Korean,45+,2025-09-25
d1af0ec4-19b7-49c0-bfe5-1a3bae6c55ab,India,web,Italian,25-34,2025-11-06
84459d4b-8a8b-400a-89e9-0cfa732416f8,UK,ios,Russian,35-44,2025-10-10
eeb5167e-08fd-437f-a305-b6b9dd5d89d9,Brazil,ios,Portuguese,25-34,2025-11-20
9d25c7b1-99df-4b71-9cdc-143bd134ed99,United States,web,German,45+,2025-08-31
8460e91c-582a-401f-8d7a-78f198ba80ad,Spain,android,Italian,25-34,2025-08-19
275eae4e-24ad-455e-b6de-3c396f086030,Brazil,web,Spanish,<18,2025-09-11
59fa0920-5ada-472e-bc01-4cd44b704c9e,France,ios,Chinese,35-44,2025-08-29
376c7555-23b2-4afc-8d47-7a8d196927eb,India,web,Portuguese,25-34,2025-11-02
5661f2ca-889f-466c-9212-48410f89ecf5,Germany,web,French,45+,2025-10-26
c7afcb76-0270-4687-8f2d-bc7bc221ed27,Brazil,android,Japanese,25-34,2025-08-14
bc21f433-84d3-4105-8ae8-f750c9e402fe,Spain,web,Japanese,25-34,2025-11-29
98d7d602-e5c4-4b6c-8365-6b6466625597,Germany,web,Korean,18-24,2025-10-07
7186a36a-f672-4d7c-91f4-d5deffd8f29a,United States,web,Korean,25-34,2025-10-31
b57ff926-0863-4933-99ca-00dcb3733ff7,Germany,ios,Italian,<18,2025-10-20
4bf26be5-502c-4c54-b305-6e3f167b7264,France,ios,German,45+,2025-08-15
69dc4054-fb65-445c-bd5d-f91f77d8dfa4,UK,android,Spanish,18-24,2025-08-21
1ba7a410-c3f4-414c-8125-25b55d9d088c,Brazil,web,Portuguese,25-34,2025-11-22
d1e058a0-79d8-4ed5-8cf2-fb5d312a7334,Mexico,ios,Chinese,35-44,2025-10-08
544a2f9a-38aa-4e54-ba4b-8bee6d5adc70,Mexico,android,Spanish,<18,2025-08-15
5919f16b-35e8-4b30-a2a7-1d9d42724a1e,Germany,web,Spanish,<18,2025-11-18
0e1196ec-3abc-454c-b6d0-aad2be76113e,Philippines,android,Hindi,<18,2025-08-26
80859693-b3a8-48ce-9d81-d2f51e9fbe14,India,android,Hindi,18-24,2025-08-22
e3d2bc05-cc8f-48eb-ba58-516d73a88853,Mexico,android,French,25-34,2025-11-03
8a023ad1-2864-4fe6-86ff-0691bc3f5f16,Philippines,android,German,<18,2025-11-07
9a5dfb3c-950f-4dd0-98de-b43e5ab94d71,Mexico,android,French,25-34,2025-08-22
7276060a-0e71-45ed-940b-2a3a7b157f79,Philippines,android,Portuguese,35-44,2025-08-31
df4fb953-855f-43c9-9be2-3daa5c7def38,India,android,Chinese,25-34,2025-09-19
da5f67b5-b775-4435-abb2-2c300364b16a,Indonesia,web,Chinese,25-34,2025-09-06
83130e39-9af0-42bd-a34f-5f7e0e179e69,Mexico,web,Spanish,25-34,2025-10-20
a2ff3846-cfdd-4215-9d5e-1002eaf33531,France,android,Korean,45+,2025-08-15
7153b3d5-6566-4a23-971e-cdb3b7720e4c,Brazil,web,Chinese,18-24,2025-09-04
4ffc69d4-51f6-4f3a-bd48-0bcc1a48d586,Philippines,android,Korean,25-34,2025-09-16
994948d7-895c-440a-8e9f-1bb8231a7b9e,Brazil,web,Korean,<18,2025-09-14
7faf661e-71bc-48d4-b219-4552d9cf838b,Spain,ios,Portuguese,45+,2025-10-10
ee235eb4-6b27-443f-a8c5-3da2b9df337f,Spain,android,German,25-34,2025-11-12
12be2116-3244-4e91-940c-9b310983b75d,India,ios,Spanish,45+,2025-09-16
d94e44b0-016b-439d-b045-4532bff88919,Philippines,android,Chinese,18-24,2025-11-16
c246c13e-18f9-4b7f-8d8d-7a9826b5a5c0,United States,android,Russian,45+,2025-08-25
cca27925-330a-4be4-af3b-0f5e91056997,Spain,ios,German,<18,2025-11-07
2a067966-fd78-40c0-a374-13d3628d99fc,India,ios,Hindi,25-34,2025-08-21
ab75a4e8-0e6d-46a2-bae5-6ea0b5b04cab,Spain,ios,Russian,<18,2025-11-07
9a783028-87d0-4bc9-9a3f-2fac6f208be8,Spain,android,Portuguese,35-44,2025-08-22
23132a04-c70d-4252-8c4f-6349f8600f55,United States,ios,German,45+,2025-11-26
cb19c43d-88c7-457a-ad21-a625959c14f3,Mexico,ios,Portuguese,45+,2025-09-22
65ac1975-1650-4c6a-bdc7-dfd676d7eb14,Germany,web,German,45+,2025-10-20
07e9f68a-ac7a-4758-b801-e027e960e241,Indonesia,web,Korean,18-24,2025-09-26
ad5ba809-57a8-432c-81a5-91a798bcfc6f,Spain,ios,Spanish,<18,2025-10-29
beed9785-ed32-49ac-bfb7-571fb05459eb,Spain,ios,Chinese,35-44,2025-09-18
0dea2350-3b98-4045-a4cd-22e0a7850df6,France,ios,Italian,18-24,2025-09-26
a1bd75d9-d185-4366-bf25-351c70e7259e,Indonesia,ios,Japanese,18-24,2025-11-12
3d61546a-af56-42df-89d4-25b233b78f22,United States,web,Spanish,25-34,2025-10-23
b722550e-6068-4967-bed8-af702f4d9825,Brazil,android,Korean,35-44,2025-09-04
b628de17-30ac-4b87-ae57-85d08ad71f45,Philippines,ios,Korean,45+,2025-10-27
cc18e608-4796-4de0-beac-964e72deffc5,Spain,ios,Italian,45+,2025-10-27
df68e873-77c0-417f-b147-0e267e9aed32,Germany,web,Korean,25-34,2025-09-21
98fad6f0-df7a-4950-823c-654904959b92,Philippines,ios,Russian,45+,2025-10-30
585dd5f2-8d0c-434a-9ed9-c57bc04d01be,Indonesia,ios,Korean,<18,2025-08-16
b7ee23fe-a491-4eba-b404-af9acc383cbb,Philippines,web,Hindi,45+,2025-09-29
d03a2ae9-0606-4ce3-becf-d7422fdd62c4,Mexico,ios,Chinese,<18,2025-08-10
5d0fdc03-b504-48b1-a130-a5e6c968dc4d,Spain,ios,Spanish,25-34,2025-09-08
956281f0-0626-43e1-a844-07151aef7562,Philippines,web,Japanese,25-34,2025-08-21
09681aad-11bc-434b-aa01-aae7792dfa59,Brazil,android,Russian,<18,2025-11-21
649f5543-e2e7-43da-be1d-b4f19cd75a7d,Brazil,ios,Russian,45+,2025-11-16
46ba3442-701c-4eb6-a502-b18a7232b39f,Spain,ios,Japanese,25-34,2025-08-29
ab91b130-b2f0-4548-a6b4-8bd97082c325,UK,android,Korean,25-34,2025-08-25
cea6a865-6a71-4e52-9d1b-347d8ad2ed00,Brazil,web,German,<18,2025-10-12
f9a887da-c5ae-42f3-be36-d898adee3b4a,Philippines,android,Russian,25-34,2025-08-08
2b027784-e4b8-4906-a18e-e40c1eee4bf6,India,ios,Russian,45+,2025-11-26
7fb3e9a0-b75e-4bdc-95b0-4a9289577339,Brazil,android,Spanish,25-34,2025-10-29
90208cd1-e85d-4894-84c3-ee9400c186dd,Indonesia,web,Italian,<18,2025-08-15
d11df1cf-0813-4664-9105-78de1298f8f7,UK,ios,Hindi,45+,2025-09-11
dd455f51-bf0d-4a28-ae2a-293bc7bbfe78,Philippines,web,Japanese,35-44,2025-11-17
8945f36a-4401-47e9-8c0d-c73b8b5db2bc,United States,web,Korean,<18,2025-09-05
9cbe37b5-5de8-4b79-8cef-ed4481a767ba,France,android,Portuguese,35-44,2025-08-15
996800ca-f0f5-4342-9b9f-3ca84906fac3,United States,android,Portuguese,25-34,2025-11-17
6acf56dd-4ae5-42ef-a1b5-08eb0e3044a5,Mexico,web,German,45+,2025-11-02
82418eb5-2fdf-432f-b6c5-36a6235c5360,France,web,Russian,25-34,2025-11-15
1385b932-23ff-489c-b1ca-cbfc903e50cd,Mexico,ios,Russian,45+,2025-09-03
0bee63e0-48c9-408b-80a4-cac493d87eb1,France,web,Italian,18-24,2025-10-23
f5f3e4dc-8976-4c37-a1ff-3ddc5d3e347e,France,web,Russian,25-34,2025-08-19
c16e8dd5-e29a-4e93-a8a3-80c56184a4a8,India,android,Portuguese,25-34,2025-11-02
ad4f85d8-3837-48af-b74d-76cf2350932c,Germany,web,Japanese,25-34,2025-08-28
b0409b93-fb68-4e35-bc3e-e9f7659306da,Indonesia,web,German,<18,2025-08-18
e1a11807-73f1-47f5-bdba-4a9127a3d440,United States,android,Italian,45+,2025-09-08
135dfe1f-3203-4eb4-83cb-2a67819ae8d3,Brazil,ios,Hindi,45+,2025-10-14
279fb4b7-e117-4b1e-acfc-52572953a6e9,Philippines,android,Portuguese,45+,2025-10-02
85cb7bd0-f306-4d8f-baef-597d45ef4ba2,UK,android,French,<18,2025-11-15
19d6fc8b-3af2-4ac2-996b-05a3774b6c9f,Indonesia,web,Spanish,45+,2025-09-21
b59ef54e-d661-4aef-baa9-27743868ea9f,Mexico,web,Italian,25-34,2025-09-14
f6c15994-6174-48af-b3e2-5d5f76765214,India,ios,Italian,35-44,2025-10-30
37cda8e1-9912-48dd-9b77-49f8603aed0f,Mexico,web,Portuguese,18-24,2025-09-14
05cc64b6-4f58-43b8-a2e9-0305e6d1680a,Germany,ios,German,45+,2025-10-11
010dd8cd-5d03-4cbd-a7de-5c94d368b8de,UK,ios,Spanish,<18,2025-10-16
c9de3d32-c7e7-4c42-8b24-82962d925cef,India,ios,Japanese,<18,2025-10-07
26061841-fedd-4377-a1c3-6672fab8e73b,Mexico,ios,Japanese,45+,2025-11-24
4fce0795-3af1-4794-a928-907486bee1c0,Germany,web,Russian,35-44,2025-09-13
cc0ff78d-698f-4ad0-a287-7b556f5a89ed,Philippines,android,French,45+,2025-08-24
5421e62d-2bfa-4fc0-9c66-59140efcb26d,Philippines,android,Chinese,<18,2025-08-13
e135e2d0-a9e2-47a8-aad0-46ae6c381ef3,Mexico,web,Portuguese,18-24,2025-08-27
4b96d7f9-7232-4d73-9d67-af7b900a5632,Indonesia,web,German,35-44,2025-11-22
74510363-5ce6-4b7a-87ff-c8b312c462d3,UK,ios,Spanish,45+,2025-10-13
a6828673-faf0-4c0c-a76b-efed1d370b01,Spain,web,German,18-24,2025-09-29
c37ec99f-bd3b-4b64-933e-616e1f49edaa,Indonesia,android,Chinese,45+,2025-08-30
b4c69135-e5cf-4034-b544-0ddf5e7e4fac,Philippines,web,Japanese,35-44,2025-10-29
cef5d62b-ba6d-44e5-88c0-d1b8b80c2d0f,UK,web,German,<18,2025-09-06
82f8954a-244f-434f-a0c4-fc6e7b9ccde0,Germany,ios,Japanese,35-44,2025-08-06
4150dfdf-f46c-41a3-b3e1-c04e43294d3f,India,ios,Japanese,25-34,2025-08-13
fbdf5a6b-968f-4ccf-9424-6e17baf4c72d,France,ios,French,45+,2025-10-17
7cc0cd4c-ad7b-48c2-bd04-530cf950c1ee,Mexico,ios,Japanese,18-24,2025-10-06
57bc7a79-38f9-41d8-908f-2bf483b6e9ba,United States,android,Korean,18-24,2025-10-02
dd18f211-fba8-40c6-a947-a01fa4aa6d58,UK,web,Japanese,35-44,2025-10-23
c3260ea2-33ca-4d43-8d9e-7efedaf79fbe,Brazil,web,Spanish,35-44,2025-09-20
501d0b9c-0548-419a-becd-2ce3a8576c1d,Germany,ios,Spanish,35-44,2025-12-03
657c8250-2c8c-49be-8c9c-32185feebdfe,Spain,android,Spanish,18-24,2025-08-14
52098367-ffe0-48e4-85e6-4697ef998f38,France,android,Italian,<18,2025-08-26
2ee4e8d3-72df-4d70-ba1d-11867b2986ca,Brazil,web,Portuguese,18-24,2025-08-17
44c3a3f2-5e1a-4a93-a2c8-3f5d23dc5b96,Spain,ios,Portuguese,<18,2025-09-01
6e4c5d2b-b819-4870-be4b-84ffdf0454a5,United States,web,Portuguese,35-44,2025-11-22
1bd39a53-1afe-4f4b-9de4-f37973de0e1a,Philippines,web,Korean,25-34,2025-09-01
6a240a04-7054-44e1-b88d-abcd009e24f5,Indonesia,android,Spanish,18-24,2025-10-06
12c14825-11da-4872-b4a6-151e9b003183,Mexico,android,Russian,35-44,2025-09-13
0627065b-40f6-4ede-af88-c170b6e4efb5,India,web,Portuguese,18-24,2025-09-09
5f10ab07-c1a8-48d6-961e-3e1ebb765279,Spain,ios,Chinese,35-44,2025-09-05
7e8418f9-c6c7-485b-9660-283a98de3eb4,France,ios,Chinese,18-24,2025-10-19
afd100c4-73de-4b56-9deb-5dfbb7d0287c,UK,web,German,45+,2025-08-17
d7044c36-8760-4d35-9a6a-aa43c7a652c1,Philippines,web,Italian,18-24,2025-11-25
d81f4e29-8f30-4275-b2b0-9cd8685cefea,UK,ios,Russian,45+,2025-08-24
24692dc9-a589-41bd-94d4-6ff06691564c,France,ios,Japanese,<18,2025-09-26
df5774f6-ad1c-4057-8b92-50bddd725f1f,UK,ios,Spanish,18-24,2025-10-14
75529009-2301-4dd7-b105-810199523a69,Spain,web,Korean,<18,2025-11-06
9155f385-fdd2-4f21-a2b1-f8c558e49ad9,Germany,android,Italian,25-34,2025-10-10
4ac74342-8efb-41ec-8172-9d8e11dccaeb,UK,ios,French,45+,2025-08-20
2171b1d3-dcb7-447d-bf22-7b05c380c895,Indonesia,ios,French,18-24,2025-11-06
bbff5438-5d9f-4bda-bc38-70c461bc9247,United States,ios,Hindi,<18,2025-10-01
09372bf0-168e-4f5a-b549-e4fc7f0c6551,India,web,Japanese,35-44,2025-10-30
216678d5-ea54-44a5-b080-549206c3cea1,Spain,android,Spanish,<18,2025-10-23
dd863342-f717-4156-a349-06ff38aedd53,Brazil,android,Italian,18-24,2025-08-19
1155193b-ab29-407a-bce9-55caaa28c675,France,ios,French,25-34,2025-10-28
683fcb08-176f-4554-a062-e3fe55998091,Philippines,web,Hindi,45+,2025-10-21
1d792144-3de2-4cb8-a6de-af74859f141e,Spain,android,Korean,35-44,2025-09-24
873947e1-889a-487b-8cb8-fd31d0039906,Germany,web,Spanish,<18,2025-09-21
4055bdad-344f-4630-ac5d-8c8f991f74f3,Philippines,android,French,18-24,2025-11-17
4aee6a14-72f7-4f35-a971-823b5d2195f5,Indonesia,ios,Portuguese,18-24,2025-09-22
d1b8933d-dfd0-470f-9f29-effb244a71b4,France,web,Chinese,45+,2025-08-16
439739bf-3441-4c09-9e13-bc556f5fce0e,Philippines,ios,Hindi,35-44,2025-10-02
2591f5a4-546c-4528-92a8-f5d4e60d3ecf,UK,android,Korean,<18,2025-08-25
0bcae59e-219e-494c-b8be-d5d4e07d5468,Spain,android,French,<18,2025-10-21
6ba823d4-b3e8-4266-a9e3-18f9d18cec95,United States,ios,Korean,<18,2025-08-11
3dc01f86-09b2-4864-9ea8-d5d835042831,France,android,Japanese,45+,2025-09-07
e551c3cb-e987-4932-ac2c-a7d5b1a13e81,Mexico,ios,German,45+,2025-08-28
a9ffb535-419a-4584-a028-19534b89b1cf,Indonesia,ios,Hindi,35-44,2025-11-27
a96a4d88-9e85-4f8d-840e-4a6d70606ad4,India,ios,Italian,<18,2025-11-28
27c2d4e9-fa3d-4f52-8619-6327c66fc790,France,android,Italian,<18,2025-11-21
19e10ec0-5aa1-4cb3-b03f-3456c9daffb5,Germany,web,French,35-44,2025-09-14
1433d541-a14e-4f72-876a-37747ae5816a,Spain,ios,Portuguese,35-44,2025-08-25
af010d71-fb30-4809-a8e1-cbc7718f9d39,UK,web,Portuguese,35-44,2025-08-18
228c03bc-bf96-4b5e-bd94-debba30db074,India,android,Japanese,18-24,2025-10-06
972f58ef-7b23-4e9d-9d47-f9b1168cbf55,India,android,Italian,35-44,2025-12-01
1fbff5e7-d4b8-4994-b21c-8649444c589c,Indonesia,web,Hindi,25-34,2025-11-18
bc50dd1a-fc3e-4cfc-a755-81018c709b01,Philippines,ios,Chinese,45+,2025-08-07
a55cf0a3-fb90-4f30-9d7f-2ee2b95a1a45,Germany,android,Portuguese,35-44,2025-08-16
ee8dbc8b-5d92-4002-947b-7e68aadf35d1,Philippines,ios,Italian,18-24,2025-11-13
7f99ab22-2bfc-4a7d-8361-1d79c1fafbcd,UK,ios,German,25-34,2025-10-08
93a81d50-6e08-4223-ab01-0e75466be68f,India,web,Hindi,18-24,2025-10-06
67713197-aee3-4764-bb7b-3154d3e047aa,Germany,android,Chinese,18-24,2025-12-03
50fd2989-f5cd-4ea7-936b-8971c46db49d,Germany,web,German,18-24,2025-10-10
803a2068-23cc-4e88-aa58-02613b40ad0a,Brazil,android,Italian,18-24,2025-11-08
5cfadab3-6b87-41f6-9690-834593aa7fb4,Spain,web,French,<18,2025-09-06
758dce5a-8090-4fa6-b879-71faf57c53a7,India,android,Russian,45+,2025-08-09
9c0d806c-146f-4cf4-8ce2-93f1c67fe96b,India,android,Russian,<18,2025-11-17
8828ac4b-4a18-4073-a93e-d65ccb10ac8c,Germany,android,Japanese,25-34,2025-08-13
2d9fb5d2-6325-4e6f-bf2a-bfd659fb812a,Philippines,ios,Japanese,<18,2025-09-11
22a8cc23-31f3-4531-a1fa-4db6ed133dcc,India,ios,Chinese,25-34,2025-10-26
9a9c3480-e465-4a27-accf-0440cbe56b1f,Germany,web,German,35-44,2025-11-13
2a119e55-0f53-4322-85be-e8094f75004a,India,web,Italian,25-34,2025-08-14
076008d3-8b56-4050-83fb-b9be66378fa8,Germany,android,Italian,<18,2025-08-06
71f039e7-566c-4123-a5a7-8165f1e48e9e,Brazil,android,French,<18,2025-08-13
f23e15dc-f016-458c-82a3-b0aa6fcf35dc,Spain,ios,Korean,25-34,2025-10-29
3385b101-a074-4261-a25f-40762e2f0551,Germany,ios,Japanese,<18,2025-11-22
56793831-ae64-4122-aef0-2b520c5f2a6d,India,ios,Korean,25-34,2025-09-11
79fab31d-47f4-4933-955d-e9b05e4d0560,UK,web,Korean,18-24,2025-10-18
a0b8c26f-1e95-42ec-bba6-a60f68aab4ed,Spain,ios,French,45+,2025-11-01
e8121b62-aca1-4ce6-900a-5ab16bfb1b52,Brazil,web,Korean,25-34,2025-11-23
9a9382f0-0aeb-40e3-b5dc-d67ba1572fe8,Germany,ios,Korean,18-24,2025-10-17
7dd5e087-3dde-4b6c-983b-89cd0ee5994d,UK,ios,French,18-24,2025-09-09
d344e226-6632-45b2-953b-bbce1b0f9226,Germany,android,Portuguese,18-24,2025-08-10
1ac59f87-92d0-4228-a0bc-c9241eb43d3e,Philippines,web,Korean,18-24,2025-09-11
bc91072d-42bf-4ac4-afdf-486bb32afa0d,India,ios,Japanese,25-34,2025-11-12
1da86160-abae-4392-ac7a-4e7831e3d690,France,android,French,<18,2025-11-27
559f1524-132c-4eca-b6a2-6b803f71ba7a,Indonesia,web,Hindi,18-24,2025-10-14
e508b9c3-d125-4972-a237-01f36ae2ec62,United States,web,Korean,35-44,2025-09-14
5c8c53fb-015a-482e-8601-c470b8abc1d3,Philippines,ios,Portuguese,18-24,2025-10-25
5bc47bcf-f2e7-4731-b0d4-8c34dd197b09,UK,web,Japanese,<18,2025-09-02
328268e5-66c2-45b0-8de5-b1e4219fa3ec,Philippines,android,Spanish,<18,2025-09-05
c53ec203-ebd0-46dc-b4fd-a3967861a3fb,Mexico,android,Japanese,45+,2025-08-29
cb950283-f50f-45c2-995d-25dd610680a3,Germany,web,German,45+,2025-11-04
1f5e9940-16bb-4a4f-8a37-be91ef84cea2,Germany,android,Hindi,18-24,2025-10-10
e9c57328-fd28-4a8c-8e93-f21769ee5e98,United States,web,Russian,18-24,2025-09-11
2c5092aa-c86c-4caf-b29d-3972e6e4daa1,United States,android,Italian,45+,2025-11-22
183a62fa-7bca-402c-8c0c-b86268013883,Mexico,web,German,18-24,2025-09-04
09e6f711-cf63-4141-9a97-2f308292acc6,India,web,French,35-44,2025-11-21
74f02413-d40e-49d2-bf8e-832d8872ef70,Indonesia,web,French,25-34,2025-12-03
a7d2cedb-3018-405d-931a-74d5d5ffd7b1,France,android,Italian,45+,2025-11-06
5fd8ecf6-779a-43be-ae36-95a786fbf14d,France,web,Chinese,45+,2025-10-03
cd73afdc-b1a0-4555-b1da-b1cc5747c0b2,Brazil,web,Chinese,<18,2025-11-24
a95a7fe0-8c90-463e-8833-4d0d0ce49d26,Brazil,ios,Italian,18-24,2025-11-17
9ebe8274-8819-4792-9b50-b7fd825627b9,India,ios,French,45+,2025-09-19
292e8d50-850d-41eb-b629-58e7a5b72a30,Brazil,web,Japanese,45+,2025-11-05
6ffd21ef-3092-4f23-8ca5-a0549e1fbb2d,Brazil,ios,Hindi,35-44,2025-09-28
5de792cb-2770-49a0-96ca-376daf2163ee,Mexico,web,Portuguese,18-24,2025-09-07
b03fc4ac-39d1-4aba-b9d1-19fb89cdbb5d,Mexico,ios,Russian,25-34,2025-10-08
c7643eb8-c5fa-475e-94b4-2d44017d82eb,Brazil,android,Hindi,35-44,2025-12-02
d28f9477-fee9-49fc-ab89-99bd6aa15b44,Philippines,android,Italian,25-34,2025-12-02
2fec88cb-d6e4-49f1-93ac-9581b7bbd7e4,Spain,web,French,<18,2025-09-05
10e23b34-b206-454b-aed8-a381964cd5a8,Spain,web,Chinese,45+,2025-10-21
a10795e0-5969-4c59-a3dd-4da3c9868790,India,android,French,35-44,2025-08-21
8346764e-ea0d-4a82-bf10-11b29bbfb030,France,android,Chinese,25-34,2025-11-18
b596aa13-2d89-4b9c-bca8-3c8b00402d69,United States,ios,Hindi,18-24,2025-08-15
0fc25fdf-c8c4-407a-aa17-28f946175ac4,India,web,German,<18,2025-10-10
90e63612-420c-4f5d-a372-d6f09acdae1f,Brazil,android,Japanese,<18,2025-09-06
5cb044d5-ab7b-462c-a2e5-0b5ba0f40744,Mexico,android,Hindi,45+,2025-11-17
bc9dae51-f0ff-4168-a246-903d10d8a77c,Germany,web,Japanese,45+,2025-10-03
b4d81fc4-516f-4d3e-8d10-0a860ed2a8d3,Philippines,ios,Korean,25-34,2025-11-24
03d99cd3-296d-4f14-9200-80354eb27c75,UK,ios,Hindi,25-34,2025-11-04
32e60ac7-1c54-43c7-a90b-f4a0d04d5116,Mexico,ios,Spanish,<18,2025-10-15
b7669201-27a4-4db3-b660-65c15640cb40,Spain,ios,Spanish,25-34,2025-11-22
1212ae66-f334-4a9c-b96d-589cf2b9327e,Mexico,android,Japanese,45+,2025-09-01
ba991801-2590-4bf1-a098-6899ad72987e,Philippines,web,Korean,<18,2025-08-22
c5c182ec-0105-44eb-b0ff-d4774c039c50,United States,web,Japanese,<18,2025-11-20
79c897ee-c304-4f03-a270-a16331887f67,Brazil,android,Italian,18-24,2025-11-20
d43afdf7-07f9-4d04-bca9-b4e429c88557,Germany,android,Spanish,18-24,2025-10-24
e8f4b450-067f-4b64-b7d4-8fd43d627249,Spain,android,French,25-34,2025-10-17
0f986b54-117e-460e-8627-d2bce21011c1,Spain,web,Japanese,25-34,2025-08-13
e218bc4e-93a2-42c8-ae6d-c2ce03b46e94,Indonesia,web,Japanese,45+,2025-10-26
e196d1df-17b6-41af-adff-28b768635ff5,France,web,Russian,45+,2025-11-16
d1dde9fe-1186-4b21-a7f4-0597a1fed810,United States,ios,Portuguese,18-24,2025-10-16
5468a5f3-fa03-4c00-8d6c-047a95d294e9,Spain,android,Portuguese,<18,2025-08-26
ef11598f-6832-48fb-814e-ae3be17c7be4,France,android,Chinese,35-44,2025-08-21
8e82540e-0f1d-4568-98b3-92c8ef2468bf,Spain,android,Korean,35-44,2025-08-29
05a420ae-bc60-488d-b01d-beb07fefe958,Brazil,web,Spanish,25-34,2025-08-14
dca1b35b-9f63-4995-8ded-2b935ec58042,France,android,Spanish,35-44,2025-11-16
395a9b21-eebf-4fa9-a457-2ff0f583e840,Philippines,android,Portuguese,35-44,2025-09-12
39a9baed-d3eb-4ecd-905f-27863820a944,Indonesia,ios,Japanese,18-24,2025-09-08
b725da3f-fbae-4737-9684-731e868062d6,Brazil,web,Japanese,<18,2025-11-15
0941cce2-9233-45e2-8472-3567faf6b79a,Philippines,android,Spanish,45+,2025-11-25
92e7376a-71a5-4780-bb34-05091f042348,Germany,web,Korean,18-24,2025-09-27
c979ab86-0a18-4f9c-b6ba-4f202ce15d3f,United States,web,German,45+,2025-09-22
138738ca-0636-48fb-b21e-5a719dca359d,United States,web,Italian,18-24,2025-12-02
79ef416b-d58a-4c09-9921-8080c5b929f7,UK,ios,Russian,18-24,2025-09-16
a507c9df-b842-405b-a67e-da8783f3436d,UK,web,Spanish,35-44,2025-09-11
7b181888-fc78-488e-8e2e-b740ec090e20,France,web,Chinese,45+,2025-11-12
be33e04d-3e65-45f3-ae39-248e63c3166b,United States,web,German,18-24,2025-10-08
074c1278-bab0-4dc8-8671-ec10cc76241d,France,android,Spanish,35-44,2025-10-20
987cfd69-4be1-4d56-81e9-4fa9573e4b03,UK,ios,Russian,25-34,2025-09-02
e8cac0c5-e051-4480-916e-05cd1b2027b6,Germany,android,Portuguese,45+,2025-11-06
b837cc63-e0ec-4438-a4f6-4212c08ce9ea,Spain,ios,Spanish,18-24,2025-09-14
41299a70-fa01-424b-b3d4-6884d8fbfff6,Philippines,ios,German,25-34,2025-08-30
9cd52d45-d148-4e57-bd49-1a8a4af55265,Mexico,web,Italian,35-44,2025-11-14
04425148-51f1-4107-a41a-20994e549745,France,web,Japanese,18-24,2025-08-08
02140e39-1fd3-49e7-b513-8ff8500177e4,Germany,android,Hindi,35-44,2025-10-12
285726aa-bad4-4ea7-b8f7-bcf5955d5070,Philippines,ios,Portuguese,35-44,2025-09-16
7d9dba40-2425-4709-9b3f-74d909adcdff,United States,web,German,35-44,2025-09-07
21c40fa0-4af5-4c3b-bb72-ab7cc94b2deb,Spain,web,Chinese,45+,2025-10-08
127ed72e-77ee-40df-b0dc-1cd31c28a6b9,Philippines,web,Chinese,25-34,2025-08-15
e8196846-38e5-4ba8-9393-74083dd1a5c9,Indonesia,web,French,25-34,2025-11-06
1d0767cb-4e31-4f94-8394-d7ebf26da9bd,UK,android,Hindi,<18,2025-11-22
bbe05128-7f8f-4bf9-9386-326741d90999,Philippines,android,Spanish,18-24,2025-08-11
0ae143c5-05cc-4d85-aff1-7f7b28776aa7,Mexico,web,French,35-44,2025-11-21
538cf586-6b9a-46ea-ade6-aca5190bc8fc,Germany,web,Chinese,18-24,2025-11-16
c8a26e97-08d4-4cfb-93d6-528e62d20c8e,Spain,web,Spanish,25-34,2025-08-29
efa09938-37f8-467f-9e8a-8c5a6e7cee0b,Brazil,web,French,25-34,2025-11-18
fc055d0d-15e8-474b-b5a1-5071302011ed,Philippines,web,Spanish,35-44,2025-09-19
f319b4ef-cf69-4fe3-82ba-70a88b2a10e6,India,ios,Italian,45+,2025-09-01
d07f1a0f-0518-4459-a8f3-8f599d44cf26,Mexico,ios,Hindi,35-44,2025-10-15
471ae01c-c871-464a-9236-761956da1567,Mexico,ios,Portuguese,35-44,2025-10-20
abcf1a2c-e080-46af-9f40-124d039b65a9,India,ios,Portuguese,<18,2025-10-10
bc40fbc7-3f60-4ac2-9e6c-3c41fc34d507,Indonesia,web,Portuguese,45+,2025-10-24
9a46eaca-2a5c-49a6-91b0-d45dd0141001,Brazil,ios,Chinese,18-24,2025-08-24
f009e897-5848-42ea-bb8d-9c6e7ce74552,UK,ios,Italian,45+,2025-11-16
be42992e-4070-4268-bdd8-86f12fe27704,Germany,android,Russian,35-44,2025-11-02
bb0e1dc4-4ecc-419c-9551-55410f1d9da7,Spain,ios,Hindi,35-44,2025-10-29
2bd63c81-e4ca-467c-98cc-6f83a2bd3521,Germany,ios,German,35-44,2025-09-12
96070379-5416-476c-b108-09565d0c1608,Brazil,web,Korean,35-44,2025-11-23
3612ec61-a962-402a-af14-36c832d5f0a6,Germany,ios,Russian,35-44,2025-11-02
e9b5348f-ae83-4b5b-a6c4-3f3d3b63b023,India,ios,German,45+,2025-09-24
fd396214-7e6d-4986-a2d0-6926af3f4e15,Mexico,web,Portuguese,35-44,2025-09-18
89e7ab69-1dc3-417b-87ed-9186a745a646,Germany,ios,German,25-34,2025-09-18
368f358a-96cc-4beb-ad8c-7143bcbd0714,France,web,Spanish,25-34,2025-09-02
47d3ca71-7238-499a-b0a0-c95a07dea0ac,Philippines,ios,Spanish,<18,2025-09-17
c33e7458-de66-47bf-86d3-415c5f7ebabf,Brazil,android,German,18-24,2025-10-28
eb4c9a3d-5f02-4c77-9316-f97fd1c48191,Indonesia,android,Japanese,25-34,2025-08-26
76988f04-3194-4264-a0b8-7b47f4fc79c4,France,ios,French,<18,2025-08-05
c5f588e0-792a-4f02-9677-75cb274dda9d,India,android,Korean,45+,2025-09-06
9be844d9-7801-4366-9332-dc6086694ae0,United States,web,Chinese,18-24,2025-11-30
119bd9c6-6831-4fa0-8d42-d5fa3254c05f,India,ios,German,35-44,2025-08-17
b499cf0e-63a6-4fe7-a4fa-5512e07c9ec7,Indonesia,web,Hindi,35-44,2025-08-17
4a9cbb09-24dc-4199-ba26-2e484af9e8b8,Indonesia,android,Japanese,45+,2025-09-10
ca9be01f-9d5f-4916-bbe7-5bed022669a9,France,web,Italian,18-24,2025-08-13
e69f5ff7-c7fe-47eb-96c7-4c2b81236a76,Philippines,android,Japanese,25-34,2025-10-26
a36d8760-70de-4e6a-a3d3-223c20dd391f,Brazil,android,Korean,18-24,2025-11-07
b36326a2-6ea6-4ae2-9097-5e4643c9211d,UK,android,Hindi,<18,2025-09-28
ec01f6d8-2f62-41b8-94a6-fef0fbec0ec0,Mexico,web,Japanese,45+,2025-09-17
1c615245-0462-4d68-b36c-1728600f9c12,France,android,Chinese,25-34,2025-09-29
f08ae080-0995-42a0-8618-fad8861c195d,Indonesia,ios,French,18-24,2025-11-09
9275ad2f-2905-49b6-9ece-0768642e7c2f,United States,android,Hindi,18-24,2025-08-30
d60c7930-e694-419a-84a1-fc5d9b082408,Spain,ios,Spanish,25-34,2025-10-14
6a22852b-ec3a-4ee5-971a-75539e5d7e13,Indonesia,ios,Chinese,<18,2025-10-27
44a7c74e-fcea-478e-8907-8b7a89edbf0a,Philippines,ios,Portuguese,<18,2025-09-12
f8fa396d-690b-4b1e-9d72-e512ff168f96,Philippines,ios,Italian,18-24,2025-11-27
ed3092ef-7a07-4523-a116-b90f816affe3,Indonesia,web,Korean,35-44,2025-08-25
faf05a57-8772-4f85-85cb-22e902ee1f95,Philippines,ios,Korean,25-34,2025-08-11
1d3afcf1-ddcf-4cf7-adcb-c3234c52a2f7,France,android,German,<18,2025-08-24
57f0d523-dee2-4530-85f8-e1d545caa5db,Indonesia,ios,Korean,<18,2025-11-03
ee62383f-9461-4179-b954-bd8101300db7,Indonesia,android,Korean,<18,2025-10-01
a2a1331f-5ec7-43f7-972e-d5a2d6aa2b6a,Brazil,web,French,45+,2025-10-15
9c5ac206-cef9-420d-97fa-c37933e4fa34,Mexico,ios,Italian,35-44,2025-11-19
6463493d-525a-4149-8e90-cec5b8eb74d8,United States,android,French,<18,2025-11-03
668aecef-e74a-4102-a9e3-688b7a9f2a7d,Philippines,web,Spanish,35-44,2025-10-01
2855835c-ed49-4ce0-b28b-13b5c24f1176,Brazil,web,Hindi,18-24,2025-09-13
9248dfd8-96da-41f8-a843-2bfd5325446d,UK,android,Japanese,18-24,2025-09-18
f8768331-3f4e-485f-964c-c5e095ffbd2d,UK,ios,Italian,45+,2025-11-24
0c7cc2c2-d280-4a07-83d0-6e0626229788,Germany,web,Japanese,35-44,2025-09-27
25479c27-08d1-4184-bc91-4f2693d65e7e,France,android,Portuguese,25-34,2025-08-12
4f9615f4-0f48-4204-b871-3bfbb742a906,France,ios,French,45+,2025-12-02
2586522e-5213-4a1c-85a7-a55ed4a5bac7,India,web,Chinese,<18,2025-10-18
af8c1f7d-08e0-420d-99e2-22fa43e2173a,United States,android,Japanese,18-24,2025-08-06
c4bedbae-191e-4be6-8d80-6bd435ff0bcf,Indonesia,web,Chinese,18-24,2025-10-24
8c82f366-7dfb-482c-b777-b83688ed87d2,Philippines,web,German,25-34,2025-11-17
eae24ddc-dee7-4f72-90e7-3476e8b3035d,United States,android,Italian,45+,2025-10-15
3c5eb1b1-f296-4162-8099-59a814af0b6d,Germany,web,German,35-44,2025-08-15
1242a6ec-692a-4981-94da-1b9c5204c875,India,android,Hindi,18-24,2025-08-18
b461e011-040e-4127-a3a6-b7c205b826a6,Brazil,ios,German,<18,2025-09-22
13fe272c-c6ff-46a3-8d7d-3d41bd9f8708,United States,android,Chinese,25-34,2025-10-11
d0062d62-a76d-41a3-b7e9-000970fef1e9,Brazil,ios,Korean,25-34,2025-10-18
3cf7e4d7-b68e-4f48-9bcd-d77710bfbcac,UK,web,French,25-34,2025-09-25
b1eb4b1f-dbca-423a-b03b-1d27e135b8c4,Philippines,android,German,<18,2025-09-07
0657c334-bfea-4498-ba4d-9c6eee5183db,Germany,android,Hindi,25-34,2025-11-11
30bd3d21-aaf1-4d14-b35f-f52104e0820a,Indonesia,android,Italian,35-44,2025-08-28
572faaa9-79da-4313-a1fb-3330d2d224d4,Philippines,android,Russian,35-44,2025-10-04
825a1c83-72c4-4bf0-af1b-240ec81627f6,Mexico,ios,Hindi,45+,2025-08-27
9187a329-bebc-4030-a635-56cb569e51f8,France,ios,French,45+,2025-11-24
8d971703-55e2-429d-a6f1-a405f9e64cd6,Germany,web,Japanese,35-44,2025-12-01
9374f664-3bf5-4723-abbe-ee37f0d4dbdf,United States,web,Spanish,<18,2025-09-19
29012c4f-262c-4fc7-bb85-76c71c4f0614,Philippines,web,Italian,45+,2025-11-25
9cac957e-4b5f-48a4-ba71-2ff66d30bf82,Spain,web,Chinese,25-34,2025-12-02
c25139c3-037a-4654-b821-1763216d9033,France,android,Spanish,35-44,2025-10-31
c379e536-187c-4529-a2bc-fa38a5aa62bc,France,ios,Hindi,18-24,2025-11-06
3484637e-d17e-4118-bd0b-792cb3b59ef9,Spain,ios,Hindi,<18,2025-11-28
1747c592-e2a2-41c2-87ab-0d53bb819bcb,India,ios,Hindi,<18,2025-08-07
f7adc482-6e41-4ba3-b585-49b9e833a5ab,India,ios,Spanish,35-44,2025-11-26
2f225362-ce78-4657-b795-cc4c1698f839,Spain,web,German,18-24,2025-08-24
af7454a6-5456-4bad-9507-35dead1aeb6d,Mexico,android,French,<18,2025-10-14
a1594d70-8f7d-4eb1-ae20-a4a045efb252,UK,ios,Italian,45+,2025-09-30
2b50efac-8d93-43a8-bd01-4b96655c3642,Spain,android,French,18-24,2025-10-28
d3c3eace-510f-4e81-92ee-7ace27d5d0fb,UK,android,Italian,25-34,2025-09-14
714a3a99-dde2-43d2-8045-db32a2a167ec,Philippines,android,Italian,45+,2025-09-03
7c1ff789-e4e4-4941-80c5-50091b3b224b,Mexico,android,Japanese,18-24,2025-09-30
d6275912-8f90-49f0-9239-8e92b75c1fe8,Germany,ios,Hindi,35-44,2025-08-27
e0277e4e-f546-482d-8c83-0ba2bb4128d6,UK,ios,Russian,<18,2025-10-11
50ea2a91-7a8e-43a4-a61d-d9aec8eea22b,France,ios,Portuguese,45+,2025-10-10
cb5045f7-20ec-4bfb-b90a-9251e8d8f808,Philippines,web,French,35-44,2025-09-05
be9e85f5-7518-4f2a-bcfb-a38663b2de83,France,ios,Japanese,18-24,2025-10-13
788c2039-b586-4b34-8e25-0daffab1848a,Mexico,web,Hindi,25-34,2025-11-23
34bf365c-1ada-401b-87b3-e17313e380e8,UK,web,Korean,<18,2025-09-13
6455fd6b-3957-42c1-90f0-46587cbd99a1,Brazil,web,Korean,<18,2025-09-26
0f703144-6074-4a24-a8dd-354bc2c49a0a,Mexico,ios,German,45+,2025-09-26
1c96dd31-72ad-4ee7-9520-3f66b642fb6a,Mexico,ios,Spanish,35-44,2025-09-16
6e03c55d-dcc8-4622-a20b-8a9c32488752,Brazil,ios,Korean,18-24,2025-11-14
35838e5b-6947-49a2-8491-59b703e176cf,Philippines,web,Chinese,18-24,2025-10-29
180dc03e-ad44-4e15-aad7-d9207693d8e5,UK,web,Hindi,35-44,2025-11-23
ac62d638-f4ea-4ce8-88d2-b910537aebfb,UK,android,Portuguese,<18,2025-10-25
59f6a50c-98ac-4336-bbd8-b3972bb46162,France,web,Russian,35-44,2025-11-23
7db566bd-1e82-42ab-a4b4-c455ca87cf73,Mexico,web,Hindi,18-24,2025-09-29
0e3b5846-24cb-42a9-bf7a-1d244d16687d,Mexico,ios,Korean,35-44,2025-08-08
e9115204-c57d-413e-b7d1-f5e9b8743133,Indonesia,android,Portuguese,<18,2025-11-07
77c6b3d6-ce32-4d28-a8cf-8eb123a6aa71,Germany,android,Russian,45+,2025-08-22
78fa7454-1293-4326-be80-55d95dbebae7,Mexico,android,German,<18,2025-11-14
cc2dffc0-8d26-4a97-8e3c-afe3fb912ab9,United States,ios,German,25-34,2025-09-26
e8b10f6d-cfb5-4fdd-af23-886d9727ad13,Germany,android,Japanese,25-34,2025-10-23
51c2019b-ba0a-457d-b3f6-abe66b2709dc,United States,android,Russian,35-44,2025-10-14
cee06577-38fa-4fa1-a907-1ca8e45ec4d8,UK,ios,Russian,<18,2025-09-19
747f8f2a-4b4c-4e05-96ba-8def88ba5664,Germany,android,Chinese,<18,2025-09-13
e0b6b5a5-782b-4756-b41d-2e58f64cbdb8,Mexico,web,Russian,18-24,2025-08-28
76687d70-9c84-4b4a-b548-56e69b01bae9,Brazil,web,Korean,45+,2025-08-19
455c7fdf-1ae3-4812-8779-b83cc1a61d50,France,web,Chinese,<18,2025-09-11
bd804f52-1f68-461d-ad89-24444466271b,United States,web,Russian,35-44,2025-09-07
0c75e456-cf4f-4c35-803b-c9087fc485a8,Germany,web,French,18-24,2025-09-12
70ae5e8a-d57c-4cd0-8041-e4a83d35a74f,Mexico,web,Japanese,18-24,2025-11-25
ed1f3c25-a23f-44df-8568-6aabc9e1874b,Germany,web,Japanese,35-44,2025-10-25
1e061452-7ad5-47ff-a755-b0ae1502bb8c,Mexico,web,French,35-44,2025-09-05
56a71434-099b-4b27-8642-8ff1af5ce95a,Mexico,web,Chinese,<18,2025-10-09
c51c1fb5-4bde-4e28-bd19-ab3c301779ec,Mexico,ios,German,<18,2025-09-01
766c5d1d-bac2-4253-9687-07d112febed7,Indonesia,ios,French,18-24,2025-08-17
117634c2-defe-4900-9f0b-22e5a8078356,France,web,Hindi,18-24,2025-11-03
e13b4aff-f8d7-405a-a97b-00097b5906dd,Brazil,ios,Spanish,45+,2025-11-26
08449db7-846d-46c2-8aa8-857d5f8a9dcf,Brazil,ios,Portuguese,18-24,2025-11-02
1f5ad0cc-6316-4350-8207-311adb8c5270,Germany,web,German,35-44,2025-11-22
83131a60-2f04-4f24-b4af-97af23cd0a68,Germany,web,German,35-44,2025-08-07
4cfb67dd-a1c7-4ee1-ad31-debc22647ae4,Mexico,ios,Italian,45+,2025-10-09
af3ee8c0-f017-4f5c-9876-0d558e418abc,Indonesia,web,German,25-34,2025-11-19
61271ec7-3cd5-453c-860f-f7fdf8b867eb,Mexico,web,Japanese,25-34,2025-10-06
555dff06-be6f-4176-8896-0578d13a28f3,Indonesia,web,German,35-44,2025-09-16
51caef83-528e-4ece-a304-89dc092697c7,Mexico,web,Hindi,25-34,2025-09-17
b71ee168-cd41-48e4-8776-c32fc0f28340,United States,ios,German,25-34,2025-11-26
86ce3d0e-b819-4a66-be42-819ef8edafdb,United States,android,Russian,45+,2025-10-25
d8efe4ea-c09f-4f6f-8a6b-df881d350394,UK,ios,Japanese,18-24,2025-09-09
6c45ad37-c875-46d0-b7a5-12ed9d17e36f,Mexico,android,French,18-24,2025-08-31
9f26d776-6729-4cfe-a099-d447b0aff663,France,android,French,25-34,2025-09-10
74dd6602-87b3-41e2-91d4-5c04dbe242a4,UK,android,Korean,<18,2025-08-31
fcf49a1c-31a3-4c16-9bdc-642de135f1b4,Germany,ios,Spanish,45+,2025-11-11
45882f2b-6a7e-4462-ab0f-8cbc63a416a4,Philippines,ios,Spanish,25-34,2025-11-18
0f51a6df-d32d-4d63-b363-07a6565339c1,Mexico,ios,Russian,<18,2025-12-02
24087820-cfab-4f95-aa25-d4ff00600a2a,United States,ios,Spanish,<18,2025-09-04
aea8743a-382e-4c52-81ef-105e99677e73,Philippines,ios,German,45+,2025-11-16
73b52d81-8d7b-4de9-9879-753b82b8fd6f,Indonesia,android,French,18-24,2025-09-05
ec7e92b3-3fb5-413d-bdd0-2c8217335944,Philippines,ios,German,35-44,2025-12-02
6fa94283-f9fc-402b-8f44-b424977bda6a,France,android,Italian,<18,2025-11-13
963e5246-01dc-406c-84e1-30a67315447f,Mexico,ios,Korean,35-44,2025-10-01
26d4a16a-fdaa-4892-8bef-19d2fb12145c,Brazil,ios,French,35-44,2025-10-20
811ecd2e-8138-4877-aafe-3f23277886d0,Philippines,web,Spanish,45+,2025-09-28
1f7a77a8-28f8-44a3-b4f9-4a3b99e91758,Brazil,android,Portuguese,18-24,2025-09-28
0632cfff-e830-466c-aba0-dc655e310bd8,Indonesia,ios,German,45+,2025-08-25
cb29ec97-1940-4f6c-a481-e7b71fe46024,UK,ios,Hindi,<18,2025-08-20
b4b23193-a535-4a43-a206-8817b8a6ce17,Brazil,ios,Portuguese,18-24,2025-09-02
a9f57116-dcc9-4d0b-a7a9-fee7a587383b,UK,web,Hindi,25-34,2025-10-31
ae2bd3ec-472d-49e2-b5b4-1a6931194b22,United States,android,Italian,18-24,2025-11-12
b8a8bf65-565b-485d-8570-665950ffa2ec,Mexico,ios,Spanish,45+,2025-10-17
c303a1e6-44b7-45de-99f0-d4797ea54787,Philippines,ios,German,45+,2025-11-17
064b94c5-cf52-4e9e-84c3-b78cdf2bd0a2,United States,ios,German,35-44,2025-08-30
976df33a-8383-43cd-b92c-067034f7e238,United States,web,Hindi,25-34,2025-08-26
ed048c91-0e2c-4339-a6af-c1f4061216f4,Spain,ios,German,18-24,2025-08-14
d798b2b8-e357-4841-b6f7-b7d6a86e9fa2,India,android,Italian,25-34,2025-10-30
725a9ffc-7263-40db-b65b-b61deebe674e,France,android,Japanese,35-44,2025-09-01
2bda707a-585d-4400-ada2-1f6757034f35,UK,android,Japanese,25-34,2025-08-12
359d3c9b-fbf2-4683-8341-d634d1b5f769,Spain,android,Hindi,25-34,2025-11-18
ccba9ca1-7084-4d34-9aaf-475d39a32249,India,ios,Spanish,18-24,2025-08-27
d7cf0e90-7059-40f7-b38b-75b349e900d5,France,web,Hindi,25-34,2025-08-10
0b096e1e-7d1f-48ef-8b81-1ec913f6a111,UK,web,Chinese,35-44,2025-11-30
73b00982-1727-4d5f-8edf-4177fec602fb,Mexico,web,German,<18,2025-10-22
9a71cca5-660f-4cf1-8d57-29dedd572a55,France,ios,German,<18,2025-08-22
9e7a33ee-cd88-4fee-bae1-a298392b5fd2,Philippines,web,Japanese,45+,2025-10-10
74a39d42-52bb-4031-ac9e-d91a713bea6d,United States,android,Portuguese,<18,2025-10-30
de3f6dd0-4731-4d5a-9158-b5f05e31855b,India,ios,Hindi,18-24,2025-09-27
dce6caaa-3dee-4dbe-8695-af744e7a540b,India,web,Spanish,45+,2025-11-25
2cddf16e-9c80-4fc1-bed4-26ebe0a15f5d,India,android,Japanese,<18,2025-10-31
fd000582-191f-4a8e-b5ce-55228a243a1c,UK,android,Hindi,<18,2025-09-03
1431977c-2987-481e-9cf0-e25ae74146f5,Philippines,ios,French,45+,2025-09-21
864e816d-9333-4c4d-8565-c2306d79abc1,France,ios,Spanish,18-24,2025-09-14
280f0fdc-6766-4686-a464-21df2a4e1116,United States,web,Spanish,45+,2025-11-24
612e9633-bb37-48bb-a5cc-6c1cdff306c9,Philippines,web,Russian,18-24,2025-10-01
1cce2a15-7cfa-4890-b961-7f70fe30ebf1,Spain,web,Portuguese,18-24,2025-10-06
045d0dd8-7e40-4e53-ad73-64122c908e63,Mexico,ios,Italian,35-44,2025-09-29
ae306ff9-24ca-4625-82ea-82972f34dca8,Brazil,web,Spanish,<18,2025-10-18
8beacdef-c492-4285-b6b4-192c880c3eec,Philippines,web,Russian,<18,2025-11-26
12ddcfb0-f8d9-499c-b3e9-493a53c79a5f,Spain,android,German,25-34,2025-10-01
8fa8c3ab-bd65-4133-8f49-7b5d9f74105e,United States,android,Hindi,45+,2025-08-16
71449243-4c35-43db-8390-5b867a8cca63,Brazil,android,Korean,35-44,2025-09-22
3ade8bea-f6d7-4ea5-8956-ddd9cef440e0,Brazil,web,Korean,<18,2025-11-12
1a54734c-8c1d-454c-9bb8-4f695984f072,Philippines,ios,Portuguese,25-34,2025-10-17
3622650f-b8e4-4273-b3d3-e619eed4677c,India,android,German,35-44,2025-11-13
61e1ff95-9fc5-4ac0-9176-8d7abf22c23d,Germany,ios,Spanish,18-24,2025-11-01
cacae64f-0ef9-4b7e-9d53-c59465bbef00,United States,web,German,<18,2025-08-27
5f7d1af2-0e7c-4d79-b2ab-35fa219b87ed,India,web,Russian,45+,2025-11-20
c3f2b05e-23f1-4ebd-98e8-1d596cd7b3fe,United States,android,French,35-44,2025-08-11
2742203d-f451-4624-87d5-58496c96cde6,Germany,ios,Italian,25-34,2025-09-21
0b454a0d-fa65-49f4-8e7f-8f49ef87a8e0,Mexico,android,Chinese,45+,2025-09-08
c06d2cdd-e1bf-42aa-85f4-5b3648ce969a,Germany,web,Italian,18-24,2025-09-02
684da315-5ade-49e8-bb91-af3fb682ad69,Indonesia,ios,Spanish,45+,2025-11-19
3cf25a56-f2e6-40f5-acbf-074dfe4920ef,Philippines,android,German,25-34,2025-11-04
9dd9fc64-3117-4dad-9f69-c4da8cd1aa93,Philippines,web,Italian,18-24,2025-08-31
5a5e6b49-3ca5-4183-b828-e9b2e9880325,Spain,android,Hindi,25-34,2025-09-29
802788cc-2caf-4b0c-8b5d-06aaf675107c,India,ios,Italian,<18,2025-12-03
a0bbba44-9cb1-49ed-b948-9ba500272833,Spain,ios,Russian,25-34,2025-11-28
afae1041-58d7-42d6-a37c-345c4d866452,Indonesia,ios,Italian,45+,2025-08-16
640d79d3-ce14-4ce1-981b-feef86b1c60e,Germany,ios,Hindi,<18,2025-08-15
d7a96f9b-562a-4421-b21e-9a1c90f4dc9a,Philippines,ios,Chinese,<18,2025-12-02
3db11035-7fe4-4692-8d45-b8df0be807a2,UK,android,Chinese,35-44,2025-11-02
3fabba16-d6d9-48a4-ae27-9b6d058781a9,Germany,android,Hindi,45+,2025-11-28
045ddeb5-e7c9-4f84-a352-f7d2690f0a5d,Germany,android,German,45+,2025-10-04
ffd90ee7-61b3-462f-a944-7d01953d6c4f,Indonesia,android,French,18-24,2025-10-18
67ba970f-8fa1-4744-bccd-7ae44a4808ac,Mexico,web,Spanish,25-34,2025-10-15
4688f6a0-6d8b-4f66-8291-0e50ba736c91,United States,web,Portuguese,25-34,2025-08-08
5e6d3454-2fa0-4e98-9e82-943c053be583,Indonesia,android,Korean,45+,2025-11-14
4c3b786d-ae6d-4a28-9a23-708e451060fa,United States,web,German,25-34,2025-11-11
cfd3afbc-b11b-4a71-838c-5612f3345cf2,Philippines,web,Italian,45+,2025-08-06
e007ec0c-abe8-4c80-8853-e67545e6cd6d,Indonesia,ios,Korean,<18,2025-08-16
ba4f2e37-481a-41ce-b22b-fea0a9c4fd08,United States,android,Korean,25-34,2025-11-29
3fc5686c-954d-4838-87d9-4e527348c561,Spain,web,Hindi,25-34,2025-09-24
cc43c21f-c039-42bf-a69b-35e716178415,Indonesia,web,Japanese,45+,2025-08-23
2ce8aade-1142-44e4-9ebe-9a2514cfa224,Philippines,android,French,45+,2025-08-09
d32091b4-20aa-4be7-8afe-8fbc2c776435,Indonesia,ios,French,18-24,2025-09-03
f404efd2-21f1-4c59-82cd-cb1cade3f544,Philippines,android,Japanese,25-34,2025-08-31
cc2440d0-6a30-4b20-990b-be444b50b209,Indonesia,ios,Spanish,35-44,2025-09-11
4ef1a62a-946e-4a6c-ab42-e6d6966b6be7,United States,web,Japanese,45+,2025-10-11
86caa537-bbd7-408f-a17f-491d68d85df9,Mexico,ios,Portuguese,35-44,2025-11-05
902ee973-8bf2-4775-ba4f-716bb0aeb11f,France,ios,Portuguese,<18,2025-10-23
4e2f56dd-e954-4bd3-bf1d-c6e5597b144d,United States,android,Hindi,<18,2025-11-02
188194ae-5c65-4894-9da6-a6b009d5b355,India,web,Italian,35-44,2025-10-11
c908446f-71e7-41e8-87a9-1a5241668694,Brazil,android,Korean,<18,2025-08-08
8dcb26e9-da69-4176-9b4c-f9f3dfb17c86,Mexico,android,French,35-44,2025-09-02
ba3ab1a3-aa29-4706-baa2-d711e0d8c2e7,Spain,web,French,18-24,2025-10-24
e3635b49-c6ba-4450-be9a-3ebb8f3a1930,Germany,android,Japanese,18-24,2025-10-30
2bbaade2-ab28-43a3-b698-4da57701f29d,United States,android,Japanese,<18,2025-08-20
f16026c4-28c0-49d3-a837-347445278cc2,Indonesia,ios,Japanese,35-44,2025-11-24
eaa0c6e2-5d80-44d4-b486-b145257f9837,United States,android,Spanish,35-44,2025-09-21
79eaeb10-41b8-42cd-a431-e04f8fe0e1b5,UK,web,Japanese,35-44,2025-10-17
695dab24-b1ba-4ddf-9831-ffe79cef504e,Mexico,android,Italian,<18,2025-11-18
690a06dd-1e2f-4deb-84a5-a4170b7f6428,France,ios,Korean,35-44,2025-09-30
9cbce7e8-b7ab-4a40-94aa-629ae5093e9d,Spain,android,German,45+,2025-09-08
49e5e390-415b-4ef5-a2f0-047f5ac1195b,UK,android,German,35-44,2025-08-10
92333191-73df-4087-ae68-8ed9f6c53077,Philippines,android,Italian,45+,2025-11-27
e8eae2d7-d283-4c55-b0fa-38ee6f7228d0,UK,ios,Russian,18-24,2025-11-11
ebaa121c-1d1a-4d8f-bbbb-974665bbb6e4,United States,web,Portuguese,45+,2025-11-05
4b836f7a-bbd1-423a-ad8f-163a4d3d1b31,Spain,web,German,18-24,2025-08-23
4cfca563-b178-4cb3-8da2-88b23b8c7aa8,United States,ios,Spanish,<18,2025-09-28
1a0f0c15-8539-4444-81b0-cf5d1cd1f5d8,Philippines,ios,Russian,18-24,2025-11-28
2b698041-e924-4467-af28-f770de8ebe25,Germany,android,Chinese,18-24,2025-10-13
a6f44f4c-78ac-4903-af91-c4f70b43e1c9,Spain,web,Spanish,35-44,2025-11-25
c21db9be-4eeb-4475-b743-438d773df0a3,Germany,ios,French,25-34,2025-08-13
5f104692-8f4f-4140-ae95-adb75c94d91a,Mexico,web,German,18-24,2025-10-05
3909b452-db26-413a-8e6f-7c16be363fb8,Mexico,android,Portuguese,45+,2025-08-15
754837e0-627e-4172-ac7c-0b77255ec3cb,Germany,ios,Japanese,<18,2025-10-28
b2d42b36-d11a-42ba-aba5-06260943c181,Mexico,web,Japanese,45+,2025-08-26
4fa8e94c-7441-410e-a2c3-7c5f40465db0,Spain,web,Korean,<18,2025-08-17
5247da7f-0931-4f5d-86af-950e27547ebb,Indonesia,android,Portuguese,45+,2025-10-25
e8df3c05-c563-4a80-bcbe-e3097bae7894,India,ios,French,18-24,2025-10-23
cc9ef5ff-aa68-4aeb-b44a-e2155af3cf6c,Mexico,web,Hindi,25-34,2025-11-22
7fb88eec-4385-4c33-b706-fa4799fc143a,Mexico,android,German,18-24,2025-09-24
1cf09944-90f2-46c8-baa5-d36f583b6ea8,United States,web,Korean,35-44,2025-10-06
150e67df-57e1-4816-b157-15693fb85349,Germany,android,Portuguese,45+,2025-12-02
a60c585b-3cdb-4990-814f-9253e44387da,Brazil,web,Chinese,25-34,2025-10-17
e7037cb4-ec48-4a33-b1d5-9f54471e5844,France,web,Spanish,45+,2025-11-08
2c0d2d43-fe05-4a29-9408-bbfb1bb918ed,UK,android,French,35-44,2025-10-27
7279984c-841d-4746-9295-94168064a1d0,Mexico,ios,Portuguese,35-44,2025-09-22
f93afc38-922d-4a40-aff9-3793bf548a45,UK,android,German,35-44,2025-08-25
3b385239-e8a7-4c5d-9a23-b5e955c6ea97,Spain,ios,Spanish,18-24,2025-10-26
f359b5d8-6403-4e15-9f92-bf281e047979,Brazil,web,Portuguese,18-24,2025-08-31
46d7062b-920d-4d28-a2a0-aeb4157b05dd,France,web,Italian,25-34,2025-09-15
e1699353-2c48-4bf0-a8ec-55bc6e523f05,Germany,android,Korean,35-44,2025-11-02
7007afa9-6310-4d33-aa72-a4420ef323c9,India,android,Portuguese,18-24,2025-10-05
6ccdbbbe-8a96-4935-b728-2a3f6fbf913a,France,ios,Italian,<18,2025-10-17
f33a326c-3cfd-45de-a90c-26ab539dd4cc,France,ios,Spanish,<18,2025-09-19
98c7390e-69d6-4bd7-8ff8-01565f8f63c3,India,ios,Spanish,18-24,2025-10-01
7f5f46c5-a935-4297-9b22-ccd24a125785,Indonesia,android,Spanish,25-34,2025-08-27
f186ba50-12f8-400e-9c6a-dcf240ac8087,Germany,web,Hindi,45+,2025-08-26
9328050a-8406-42ac-90b9-b3ede2a7e9f7,United States,android,Portuguese,35-44,2025-11-08
fd8f3c2b-1811-4157-8d16-8861f4b91997,UK,web,Italian,18-24,2025-09-01
4f483cab-03d7-47ae-8999-54c7a6af70d3,Mexico,android,Japanese,25-34,2025-08-10
489105d7-135c-49a6-8177-5474f19e6971,France,android,Chinese,45+,2025-09-25
dbd006ad-79ef-41cb-a2e0-2c30d1557ed8,Spain,ios,Chinese,25-34,2025-08-28
ed30e14b-4c26-4311-a708-3ff2a00a1ac2,India,web,Italian,45+,2025-08-24
90e98719-b5de-43cd-aedc-ff0b41d55c3c,UK,android,Japanese,<18,2025-11-02
325891dc-925f-4d28-a9fa-294faf95114d,Brazil,android,French,45+,2025-11-14
8319b2b4-ffe7-40e3-a593-f66764b7a52b,India,web,Hindi,<18,2025-12-03
c0c3a75e-9d50-4852-a4db-e4846e939f90,Brazil,android,Italian,35-44,2025-08-06
43f87be7-3f54-493a-a781-ce9826e605d0,Germany,web,German,18-24,2025-10-12
bcb90744-3c4b-4e15-829d-ac1b79cb9685,France,ios,Korean,<18,2025-11-30
9dec5889-b345-42a2-a0e4-d49e1d8e04d9,Spain,ios,Korean,25-34,2025-11-04
7f739e5d-7108-416c-a691-e877cf80ca98,Mexico,web,Russian,45+,2025-09-25
0148df11-cdd4-4fd2-8288-0e9fa575f8e4,Brazil,ios,Chinese,25-34,2025-10-20
673ec54b-a395-4ec1-94e4-c41bda0a6c75,UK,web,Spanish,<18,2025-09-13
e10d52d3-5e1e-4e78-9171-94d67500f6e7,Indonesia,android,German,25-34,2025-08-18
46d2bbe2-fd80-4971-8205-1da37b862475,Germany,android,French,45+,2025-09-06
3ffb3b11-c049-4389-9e32-17b8ee7f1232,Indonesia,web,Japanese,18-24,2025-08-13
594686dc-949c-4678-a47a-2f40e00b02fd,Germany,android,French,25-34,2025-12-02
f2ba8cdc-274a-4cc8-801b-6f457259894f,United States,ios,Chinese,35-44,2025-10-22
2b8a7e66-d05b-4491-8c72-b723dcf4a5d3,UK,android,Spanish,45+,2025-12-03
7b97fbb3-6fa0-4477-8ad3-c3c872095b87,Indonesia,android,Japanese,45+,2025-08-28
42029168-9983-41b6-b171-a5eb07de2088,Spain,web,Italian,35-44,2025-09-10
058d1361-3f82-4763-93e5-4e5bde8c73f4,France,ios,Russian,<18,2025-10-16
6f5202a4-9f60-412b-8d11-18442592e667,India,android,Japanese,35-44,2025-08-17
8ca7651f-6059-4c72-8270-d967d6b84771,Mexico,android,Chinese,<18,2025-08-31
5771e148-b87f-43de-aea5-dd4e5447590b,France,web,French,18-24,2025-09-01
5a568798-b6a0-4711-b27e-20bd637a9722,France,web,Korean,<18,2025-10-25
7a0e117e-1b50-4347-a4ea-a066d5b3eab7,Germany,ios,French,18-24,2025-11-20
ae55e4ee-7489-4457-a2fc-c270386a375e,Spain,android,French,18-24,2025-11-07
e6f55456-0b23-4942-84a4-30c4a72c03ac,Germany,web,French,35-44,2025-09-27
80019ab6-d2a9-489d-a659-4b3ceac49f60,Philippines,web,Russian,18-24,2025-11-03
6624a120-3c17-4a22-9d5c-5d6e096e622c,Brazil,web,Chinese,<18,2025-10-11
8878fb3f-9355-4d00-be16-bfff5408affb,Mexico,ios,German,25-34,2025-10-02
d7a5ecc9-5e89-4f5e-bc8d-face1f007b12,Brazil,web,Russian,45+,2025-11-26
d68fba33-7db2-4c16-b379-89c8a4e425f8,India,ios,Russian,45+,2025-11-15
940da4e6-3353-4d3a-8e0e-48e607470920,Philippines,ios,Chinese,<18,2025-09-03
7613de4c-b8e1-4b4b-a294-9d6966c480a8,UK,android,Hindi,25-34,2025-10-29
919b820f-9326-4566-abfd-431d62fe452c,India,android,Russian,18-24,2025-11-22
9b26ba38-c84e-47e9-90c1-82b28bcdb371,India,ios,Japanese,<18,2025-11-28
d49904b5-313f-499e-b552-ed3073ca219c,United States,android,Hindi,18-24,2025-08-08
75bfcb6a-1b4a-47b0-ac9d-0198e9116620,Mexico,android,Chinese,35-44,2025-11-04
e4a0329d-b520-4252-893d-5533ab7ace8f,Germany,web,Portuguese,25-34,2025-08-11
228b902f-2374-4643-ac88-354ce1afd58c,Spain,android,Portuguese,45+,2025-08-17
a5652ca0-7df3-4402-bfd2-9b096b7e0c11,Brazil,ios,German,<18,2025-09-28
e4b2b631-06dd-4347-a93f-cdf3d05d4e9b,India,android,Italian,45+,2025-10-12
8b3cb4f7-e388-4cc9-a96d-3ba6f02f4151,Brazil,web,Russian,18-24,2025-09-05
7f8ad09b-759a-447a-aee2-51e6aba3aece,Brazil,ios,French,18-24,2025-08-11
698a00d2-7673-4150-9ed5-8f7c7e58a108,UK,android,Italian,35-44,2025-10-17
e964f9e8-dd8b-4851-8e51-b262db873ddc,Mexico,ios,Italian,18-24,2025-10-06
2759a528-bf36-434e-a99e-a52813966544,Mexico,android,Hindi,18-24,2025-08-30
300c1f94-8fc1-4b3a-8620-370135a9b604,Indonesia,web,Japanese,45+,2025-11-23
d38ec26c-fb1b-4f83-a156-5fa450f319f2,France,android,Portuguese,45+,2025-09-20
c88bd636-4f4b-4db3-9298-c2a0fc9e4b19,Mexico,ios,Korean,<18,2025-11-21
d3481955-bb2a-4d28-9e58-4a2106b8e04d,Brazil,ios,Japanese,<18,2025-09-30
5ceca69b-86fa-4d65-9ed5-20fcc62a0793,Germany,ios,Portuguese,18-24,2025-11-16
e5147d40-4991-4793-962d-70a8eb740359,Brazil,android,Korean,25-34,2025-09-13
cdbc745a-fa26-4fdb-9663-adb1b82435e1,Germany,android,Russian,<18,2025-08-21
eaefe9e7-34bb-44e5-a971-da1ccf6a9a52,Indonesia,android,Spanish,18-24,2025-10-14
baccb091-aae1-4c98-8216-8bee60ccb5aa,Germany,web,Chinese,45+,2025-11-24
2a71efaa-3cfe-4c8a-b592-e6e41f77ebdc,Mexico,web,Spanish,35-44,2025-09-19
568818d0-484b-4ed9-8b97-18dde0ab48a5,UK,web,Japanese,45+,2025-09-22
8d055a95-db9b-4183-b926-ddf7de074531,Germany,ios,German,45+,2025-11-26
9b11b5f8-2216-4a18-82b6-4b33f1c5a50c,Brazil,ios,Japanese,35-44,2025-10-09
a7c5975d-61ad-4811-ae82-ea45a4204e84,Spain,ios,Hindi,45+,2025-09-10
916a4fb7-5ba9-4a92-b976-1b60a618419c,Mexico,ios,Korean,<18,2025-11-17
4a0ca77a-b87a-4ae1-bf0c-38ab9fadef95,Spain,ios,Korean,45+,2025-11-03
b2c94674-7af9-4eee-be1f-33ae26a4900f,Philippines,android,Russian,35-44,2025-10-27
f5aed6f2-9255-428c-8f59-fe3055403ec8,Philippines,ios,Spanish,18-24,2025-10-31
fb24c0a1-4321-4bff-9fad-1a6bffa2e870,Brazil,android,Russian,18-24,2025-08-17
cc20bdef-695e-45d0-b7e0-aaf098e7e96d,Philippines,web,Spanish,18-24,2025-10-24
73d8627f-b1be-46cd-987c-ac1c9bdbb3e8,France,web,Korean,35-44,2025-08-07
a8c2a802-b25e-4080-a32a-813da3087f47,Indonesia,web,Japanese,35-44,2025-08-23
b2ed4ef3-b4c4-481f-b614-6d281164ac60,Mexico,web,German,<18,2025-10-14
c9bf02a6-2104-4793-a29a-fe00cefb2194,Spain,web,Korean,35-44,2025-09-05
fa758968-0d1d-4db0-b364-6a96d68f2ee6,Brazil,ios,Italian,18-24,2025-08-19
bbcbb1fe-8044-4592-bcbb-ad7c13d0f63f,France,ios,Portuguese,35-44,2025-08-31
dba3ba9c-935a-489b-b6f1-a3522918889c,Brazil,ios,Spanish,25-34,2025-10-23
12186238-a3b8-4f57-834d-1e01f47b74c6,France,web,Spanish,45+,2025-10-24
206b7891-f164-4eb7-bacb-016342ea0720,Philippines,web,Hindi,<18,2025-10-07
ef3a8132-2359-4fe3-8f7f-3788eec97a44,Philippines,android,Russian,18-24,2025-10-30
a7dc3eef-d107-4f34-b55e-f04147f43b60,Germany,ios,Chinese,18-24,2025-11-04
70ec5943-3ad3-43e4-bae7-d019f238d703,United States,web,Chinese,25-34,2025-11-24
a6080609-68e2-4a9a-bb21-3d2999e4ff31,Brazil,web,Hindi,<18,2025-08-05
b774108b-ce28-4af2-81b3-b1294e95f8b1,Germany,web,Korean,45+,2025-11-08
0dfaee00-b4bf-4fef-a6c0-526f62a733d0,Mexico,android,Spanish,<18,2025-11-16
08da1cc4-0605-4df9-b35a-cc6f9d5d58e0,Germany,web,French,<18,2025-08-26
19df27a5-1afe-45b8-bf93-d8ba828d484e,India,android,German,18-24,2025-08-27
16414ac6-d410-4706-8ce2-e5fa1a9d9094,Philippines,android,Italian,35-44,2025-09-20
e69e3345-2c0c-440e-9b3c-64d6d6f34c58,India,ios,Japanese,45+,2025-11-20
a815b6a4-96af-4707-aca0-2e02faec589b,Brazil,web,Japanese,<18,2025-11-14
692961bd-125f-473d-a2e5-aad0014ea085,Spain,android,Chinese,25-34,2025-11-20
23a2575b-b5cb-496a-8720-11ea5d24fd99,Spain,web,Chinese,18-24,2025-11-12
3353c44c-fda7-4614-9be3-507dd10ba020,Mexico,ios,Hindi,35-44,2025-10-07
2b671273-c90f-440b-9fbb-8afae21f3937,Germany,ios,Spanish,35-44,2025-10-05
52e06068-5b82-4e93-a0f2-bb1e4c651080,Spain,android,Russian,18-24,2025-10-24
518c862b-9c2f-485d-b30a-d02c25ea4050,France,ios,Japanese,<18,2025-10-12
f800ce52-a8ba-426a-8a5a-fe34704bfa7c,France,ios,Spanish,18-24,2025-11-18
30e97ff2-342c-42da-8df8-4bd8248fa0fb,Mexico,ios,Italian,35-44,2025-09-26
ab90d2eb-f833-4249-90f6-5f9a61d59785,Indonesia,web,German,35-44,2025-10-19
f9d56693-62e3-4a00-a65c-c88c2d11d14c,Philippines,web,German,25-34,2025-08-27
78e876b3-8d9d-44f1-b51e-e1b1e6eb998b,Germany,android,Japanese,25-34,2025-11-07
09ce48b8-fdd9-406c-8a46-406cd3ad70bd,Brazil,android,French,35-44,2025-10-07
3fe353e7-7659-455a-a19c-5d434ce7b92e,UK,ios,Hindi,25-34,2025-10-25
e1d9ea97-9bdc-486b-bcb4-e27a512a97d0,UK,ios,Japanese,25-34,2025-10-05
d79f5dc6-5a3a-49f8-a496-6627bd1412fc,UK,android,Italian,25-34,2025-10-31
89357c7e-ed8c-49d8-83a7-372b623bb48a,Spain,ios,French,35-44,2025-08-16
de1c4b33-362b-4e68-9957-1cc9d2e72082,Indonesia,android,Portuguese,<18,2025-11-18
b81962cb-c911-4e1d-a10a-ee2d76971b34,Indonesia,web,Korean,<18,2025-11-22
b5a4118a-bd83-4c5b-8baa-8400edcacec6,Germany,ios,Chinese,45+,2025-11-13
b28dee6f-f28b-4ebd-9049-c93231c6c59e,Germany,ios,Chinese,25-34,2025-08-22
dad529cb-5e39-4633-bd9e-0c67102f310c,Indonesia,ios,French,<18,2025-09-07
d2ac3167-23d5-4c53-bc2e-43748ce582cc,Mexico,web,Japanese,45+,2025-10-26
98a972c1-b759-483d-88ec-eb4dae818ed1,Germany,web,Chinese,18-24,2025-08-20
33fc070e-d1b0-4296-827d-2d7f2b1ec186,Mexico,ios,Spanish,25-34,2025-09-04
d25f1d3f-d67a-4305-aec1-c6955477e1b2,India,android,Chinese,<18,2025-09-05
88ec57a8-3772-4117-98a9-909d40c94f73,France,web,German,<18,2025-09-17
282c3276-7329-489b-bb7f-e0c9948fef25,Philippines,ios,Chinese,<18,2025-11-28
5b7a57c2-1cac-4016-9a99-aa3583749cbd,Germany,ios,Portuguese,45+,2025-11-06
c2c54155-1fff-464f-b0ba-d52c4bcb47b0,Indonesia,web,Hindi,18-24,2025-08-19
8e2332c8-2c70-49fd-8f38-adb7234c7fb4,France,android,French,25-34,2025-08-16
1e7db5a8-67c5-421c-ab9c-247083c1d159,France,ios,Spanish,<18,2025-10-23
1d59b361-530f-4d2d-9fd9-61cb0e0e47b8,United States,android,Portuguese,35-44,2025-11-15
b6fb8b17-4bc1-4024-bdde-97ef9bf42b59,Indonesia,android,German,25-34,2025-11-22
766991a9-9c7d-4400-9c67-77a50dc36ef8,Philippines,web,Japanese,35-44,2025-09-03
38a45e1c-70cd-4031-af17-6465128cf402,Indonesia,ios,Korean,45+,2025-11-02
23b58a72-4906-4cd0-948a-3a0245339649,Germany,ios,German,<18,2025-10-19
3b75d18e-9cef-4818-a120-a14028aa705e,Brazil,android,French,25-34,2025-10-14
ddea48fc-33f2-4ffc-ad4a-efcaba041f36,India,web,French,25-34,2025-09-29
25b4ea3c-a1de-4e88-90dc-dde1abf51562,Mexico,web,French,<18,2025-11-27
e3e6f383-2c84-4687-8471-a89077ebda02,Brazil,web,Portuguese,18-24,2025-09-08
47a8ba75-c374-4531-b2a6-c72639c77db0,India,android,French,45+,2025-10-26
065e80a5-a8ce-464c-8832-1141010d59e3,Brazil,android,Hindi,<18,2025-10-31
fc71a17b-e32d-4dcb-9212-b8f47f67c6cb,Mexico,ios,Hindi,25-34,2025-08-21
17958d00-c7df-403d-a1a6-0b0e09f970b4,Spain,web,Hindi,18-24,2025-11-11
9ba851ac-f8c4-415b-b642-66375b90e0dd,Indonesia,android,French,25-34,2025-11-30
360d5c29-166c-45e2-86bc-cf50217ab68a,Brazil,web,Hindi,35-44,2025-10-13
5c950933-61a2-4fa0-9e21-f75141986a83,Germany,android,Russian,25-34,2025-08-16
059c5a75-e8fa-44d8-8b70-f8b25006fa4a,Philippines,ios,Chinese,45+,2025-10-07
96a30a36-ea1c-4a76-b691-696ee9e97df4,UK,web,Chinese,<18,2025-09-23
75aefa22-c06d-487e-a20c-207d30ab74fb,Germany,android,French,25-34,2025-08-30
745a29f2-3489-4223-9f54-d88f8fa9e58a,Mexico,web,Italian,35-44,2025-09-24
b326b9e2-f19e-4bb5-ac2f-0a3274bc52a3,Philippines,android,Portuguese,35-44,2025-11-02
dbcf8352-cc68-4ddb-92e3-a28d5307733e,Germany,android,Korean,<18,2025-11-21
7c7f707b-88dc-4eec-b268-45f9bfd418da,France,android,Portuguese,35-44,2025-10-05
d5c8490b-cd4b-4474-b528-82f92d8eab6f,Indonesia,web,Russian,<18,2025-11-20
d0e00aa5-8477-4fe7-8b8b-134b10aef096,Philippines,android,Portuguese,45+,2025-08-23
1646114a-c754-47da-9a4e-75251ec51f01,France,ios,Russian,<18,2025-08-24
033175bf-d7f2-49d9-bbd7-b7c500e8a12b,Germany,web,Russian,18-24,2025-11-16
05ad3e85-8294-4f0e-a45d-62cf3d522337,India,ios,Portuguese,35-44,2025-11-18
ec5daffa-4078-4d6d-aba5-797d5a32f725,United States,ios,Korean,35-44,2025-12-02
ef30c381-c217-4f97-be64-af83f545db01,India,web,Russian,25-34,2025-11-26
4462372e-7f3e-45a1-ad64-fd7ed1bc32b4,Indonesia,android,Hindi,18-24,2025-08-19
2ba6c855-d5b2-48d9-b744-c6c2d6e99167,Philippines,ios,Spanish,25-34,2025-08-26
e6ec0030-b591-442e-b46e-0e6aa219b3a8,Philippines,web,Spanish,<18,2025-11-05
42ff2bb9-5472-471e-9637-21a973c20f87,Indonesia,android,Japanese,45+,2025-11-17
b1e0736b-e098-4e25-b82a-813756f5a18a,France,web,French,35-44,2025-11-08
4cb6fd32-45c5-42cd-a1d2-d442805bc5c2,United States,web,German,45+,2025-08-20
f5415d46-3868-4cee-93cd-afbff2db3e83,Germany,web,Hindi,<18,2025-10-13
7e429720-898a-49d4-8e89-403657decc11,Mexico,android,Hindi,<18,2025-10-17
19e1ffb4-7b9e-4e61-8c51-c4764823d542,India,ios,German,18-24,2025-09-07
561f13a5-9c0c-4727-81f7-e092a5eddeaf,India,ios,French,25-34,2025-09-14
b241f118-d7cc-4ed3-be8f-ccc375afc73b,UK,web,Spanish,35-44,2025-08-05
df8a5514-47ed-4171-bd4a-efe7400ea2e5,United States,web,Korean,35-44,2025-09-12
50d6dc7e-c136-4f15-afb7-7e5199f80e3c,Mexico,android,Russian,45+,2025-11-23
1b397806-7c09-4010-aa55-b3c2b2bc37ea,India,web,German,18-24,2025-09-20
676ed7f4-e305-4bcd-8ba5-3186735bba05,Mexico,web,Korean,<18,2025-09-19
bbe339b5-5d93-4fb2-b4da-edcb5a42bb8d,Germany,web,Japanese,18-24,2025-10-31
3929e7bc-65fd-4a29-b26c-b570a44f4c27,Philippines,ios,Russian,35-44,2025-08-08
d872495f-1508-404c-a8f9-e3d2bbea7f3e,Mexico,web,Portuguese,25-34,2025-08-21
6eb03bcd-90d4-4291-affa-13a8cf0511f6,India,ios,Hindi,45+,2025-11-24
b29394b7-e6b7-4249-b4ed-50a2293fab4b,France,android,Russian,<18,2025-12-01
8a7d5406-743a-4109-bd3b-be90129b56c4,United States,android,Portuguese,<18,2025-11-25
24ae8901-1d48-4596-a6fe-2db077c923b1,Indonesia,ios,Spanish,<18,2025-11-08
7041845d-fb21-427b-a820-cdd044b307aa,Brazil,ios,Portuguese,25-34,2025-08-10
50e90eb6-d9ca-4209-b5e6-4f3a70252f9d,Spain,ios,Portuguese,35-44,2025-09-12
192b588c-9ca7-4400-a4bb-0a2093311765,Spain,ios,Italian,35-44,2025-10-08
4761921a-7f29-44d6-9075-26f42106ced2,Brazil,web,German,18-24,2025-08-22
011e2c2b-3829-4b84-8636-3f1de421ff22,Mexico,ios,Russian,18-24,2025-11-17
0a24b0fc-8020-4fc6-9840-44b52db79fd2,United States,ios,German,35-44,2025-11-22
19c11400-55bf-47df-87b4-64ee14abfe90,Mexico,ios,Russian,<18,2025-08-10
62a8b962-c74c-45c3-af8f-9f37dcd186dd,Indonesia,web,Hindi,25-34,2025-08-17
7f3fcee0-3c08-4737-bc23-5e656e2dec1f,United States,web,Chinese,35-44,2025-08-19
b4da9edd-ad60-4899-9764-51f9571c4798,Brazil,web,German,25-34,2025-08-22
eb6a8081-c3c0-4c80-a719-78701f1ed0bf,Mexico,android,German,45+,2025-10-22
b80fecda-20ac-4abe-b56e-1df35e9d64df,UK,web,Hindi,<18,2025-11-18
d3a02852-45e8-4373-8461-b1a01bed9d4e,India,ios,Russian,45+,2025-11-28
e6ef66f3-ed0a-4400-be13-d9b372d609de,France,web,Hindi,35-44,2025-08-05
d1b03c2b-8b56-4251-a62b-19cc0443dc6f,Philippines,web,Korean,18-24,2025-10-05
d87c6e6f-08dd-4230-90b0-3d14f5fc0fe8,France,ios,Portuguese,35-44,2025-11-27
3e444d13-14ce-4d82-8f97-daeea2a79541,Indonesia,web,Hindi,45+,2025-11-12
aece3fe5-a616-43ef-8e0a-ba659674d7c5,Mexico,android,Russian,25-34,2025-08-07
c9f5f4df-07fe-45be-9442-b18ebcab9664,Germany,web,Spanish,35-44,2025-09-21
1a2bed09-5f27-4f1d-9b25-4bddbbaa6dac,United States,android,Hindi,18-24,2025-10-09
28836e19-27d8-4854-868b-fd0ce409771d,Mexico,android,French,45+,2025-08-20
60499b57-6da7-4183-a255-febfa4bc260d,United States,android,Hindi,35-44,2025-09-02
3fe8de5f-5faf-434f-8505-36d26daa2ffd,Philippines,ios,German,45+,2025-10-14
7fac9256-6684-4181-a690-6add61657ef0,UK,web,Korean,45+,2025-10-01
ca8de7f3-f3ba-4826-9f7b-5da90b752f73,France,android,Italian,<18,2025-11-30
b8934ffe-efc9-41da-aef7-355df9bb3496,India,android,Hindi,25-34,2025-10-16
0d18ae5a-9e44-469c-83fa-b08ee46d8bd6,Philippines,web,Chinese,<18,2025-09-07
8f1de733-3898-4525-a618-f4ac20461492,Philippines,ios,French,45+,2025-10-10
9c2ef5c8-f5f8-4867-927e-15be935891ae,France,ios,Spanish,18-24,2025-11-11
7d95d786-85be-442a-b9c6-9db32dea9848,Philippines,android,Hindi,18-24,2025-10-19
fef54aa3-1081-4313-9d52-cf4d420158d4,Germany,ios,Portuguese,<18,2025-11-06
32db090b-c46a-409e-bf17-1b5cd750a1fd,Germany,web,Portuguese,18-24,2025-08-09
1d31ea21-410c-4557-9bac-798e26f5ecb3,Spain,ios,French,45+,2025-11-10
115b2cef-daf0-4902-a723-dbd7ab8eb0fb,Spain,web,German,35-44,2025-10-29
8c522a95-9ea8-44a6-ac52-0ed97c17efd7,Germany,android,Japanese,45+,2025-10-29
33011e3e-29f2-4c17-be04-86efc66805c9,Brazil,web,German,35-44,2025-10-07
413b610d-f633-45cd-be87-79c5ccf52a9e,UK,android,French,18-24,2025-08-12
8adc1a0c-f45f-4eb7-bbc7-58ec512aaa9c,United States,web,German,25-34,2025-11-14
0bcd7631-e44c-47b6-8d9e-2d18818853ca,UK,web,Portuguese,25-34,2025-11-29
000e5418-f007-4f4e-973d-241fe90715f3,Indonesia,ios,Korean,45+,2025-09-16
e2512bf1-309b-422b-99c9-453973977d4a,Philippines,web,Japanese,45+,2025-09-15
be88c77f-4b6e-4d39-858c-2c55635aeda5,India,android,Portuguese,18-24,2025-09-16
10868e03-779b-473c-9d50-88bff13d8ff8,Philippines,web,Spanish,25-34,2025-11-02
54b2a692-7c83-4cd0-8e4c-41afa42102a9,UK,android,Portuguese,25-34,2025-09-12
6581563e-9e6f-4368-aa04-ae533a1f2b30,Germany,android,German,45+,2025-10-27
dfb31faf-0c2c-43d0-a443-a343348e91eb,France,web,Korean,25-34,2025-10-01
a0cf0947-3846-4c45-b24c-eb73a5444ebc,Indonesia,ios,Japanese,45+,2025-10-12
153671f0-4db5-4d6d-a13a-8237fe4108f1,Germany,web,Hindi,<18,2025-08-13
2a46add4-677e-4a98-b802-99566d96af00,UK,web,Japanese,25-34,2025-09-24
ae4b2d3c-6584-4004-9e08-d2332f5ecafe,France,ios,Portuguese,35-44,2025-10-03
343ebfc6-d353-4036-b617-eab8fc73a2d1,India,android,Hindi,18-24,2025-11-26
ed9d5b97-6d42-424d-b51a-7ccd705a840d,UK,web,French,45+,2025-11-22
ab418aca-604f-4447-988b-5df3125f2a83,United States,ios,Russian,25-34,2025-10-29
1974ad6e-4d1b-4257-ba3f-afd137ed61a9,Mexico,ios,Portuguese,25-34,2025-10-15
0791cc07-76f2-4a5a-8c49-483225f25ffd,France,android,Chinese,45+,2025-11-16
c7f12f40-6de2-4430-a5d4-99c08f6c6e07,UK,ios,Portuguese,35-44,2025-10-11
4880d4ef-94d7-4dc4-b36d-f56e7f92e141,Germany,android,French,25-34,2025-11-08
b047c9a3-f2c4-411d-9e84-f0f68d077356,United States,web,Japanese,<18,2025-09-12
dd9dd3c6-1e79-4ae4-b801-822ebf75aeb7,Brazil,ios,Spanish,18-24,2025-08-12
bf3b46fc-b7d2-4194-b4d1-9b88c79d73e0,France,web,Hindi,45+,2025-08-23
f692a84d-5ff0-41cc-aa21-4a2b1baa9fe3,United States,ios,Chinese,25-34,2025-09-27
1a952110-6965-4b6e-9fc0-94e2c07e6801,Germany,ios,Russian,18-24,2025-11-02
a1b7c7f0-ab75-47cf-af62-e4ec064f9448,UK,web,French,45+,2025-09-14
33838ce8-fd42-4eba-aab5-096f94812929,Philippines,ios,Russian,45+,2025-08-23
93f50255-ea24-44d5-a9ed-986ce9a64a8f,India,web,Italian,45+,2025-09-25
066d7d30-3e72-416e-a576-3df366470d6f,Philippines,web,Chinese,35-44,2025-08-24
db45a352-f343-4892-8517-19a7ec964007,Mexico,android,Chinese,<18,2025-12-01
f559253a-4441-445f-83f5-15335d372fa9,United States,web,Italian,45+,2025-10-16
28e9ca33-36bc-493b-9fe1-87d17a2bdb75,Mexico,android,Chinese,35-44,2025-08-25
043eaa47-54a4-43f5-b413-ffa785c767de,India,web,Portuguese,45+,2025-09-03
806a8d4d-b6cf-45ed-a7b5-4a8f36d383e5,United States,ios,Italian,45+,2025-10-19
840b7546-96ef-4fb7-8ee3-ed14b0a462c3,Spain,web,Japanese,35-44,2025-10-03
4003c8f2-b59f-4279-8beb-4b7d13357cd9,Germany,ios,Italian,<18,2025-09-25
252a56ad-fe98-490e-a6fd-53f6ab19d509,United States,android,Japanese,18-24,2025-08-25
22ae2274-a870-4073-9fe4-98a814ed32a8,Germany,ios,Spanish,25-34,2025-10-02
1e1198b7-e470-4400-8957-b36e88124b17,Philippines,web,German,45+,2025-10-20
9066b38f-5de7-40e0-b4ff-8c0954b2e2b5,Indonesia,ios,Chinese,<18,2025-08-09
bbd8d7db-1cce-4995-a55c-9a1e83519ed2,France,android,Hindi,25-34,2025-09-22
31bdef1f-3882-424c-a410-033adad24720,Indonesia,ios,Hindi,45+,2025-09-30
63ac7f24-2d11-4185-9342-a8d1fc4cd989,UK,ios,German,25-34,2025-10-23
1c3964f1-6f7c-408e-a4db-b5c71829b069,France,web,Korean,35-44,2025-10-15
0133d891-a76a-469a-a6d5-ed8e8a12240a,France,web,Portuguese,<18,2025-10-30
a517e1f6-7362-4767-8f11-32e50349858a,Brazil,ios,Chinese,<18,2025-11-10
6ad51320-6147-4313-89ff-37fb9460b22d,France,android,Chinese,18-24,2025-11-30
6ad88430-c3f2-4d2a-8514-05757422b8f1,India,ios,German,18-24,2025-10-24
4daf0c62-34c2-44f7-917d-9acee83ab30e,Indonesia,android,Japanese,25-34,2025-09-18
fa6a2902-acb9-4bed-96c2-c8f3b408079c,Philippines,android,Portuguese,35-44,2025-11-05
f666fc43-952b-4b96-bba9-729fbd7bd6e8,Germany,android,French,25-34,2025-11-30
c05cd44b-bc08-45ab-97d3-09b736f965f4,UK,ios,Hindi,45+,2025-08-11
24187f2a-eef6-486e-a0d0-49b0c225ba0d,France,android,French,<18,2025-08-22
820d4387-0b57-4f5e-aeb4-f9ce99aa51d3,UK,ios,Italian,25-34,2025-08-26
48ff4dc7-5db2-4afa-bec8-a30c78c7341f,Philippines,android,Japanese,25-34,2025-10-29
152712ab-23a1-4609-869f-946f4286eb53,UK,android,Korean,<18,2025-11-26
2825b446-03ee-4479-8532-21e50039c2bb,Philippines,ios,French,<18,2025-08-22
ba0d10f6-152b-408d-9349-2e03fbd600cd,France,web,Hindi,18-24,2025-10-04
8a1bb945-073d-4b1f-be27-f576fce185c5,Philippines,web,Hindi,18-24,2025-09-27
c4d53b83-f298-4f0e-b3c8-a540adcf3c1a,France,ios,Hindi,<18,2025-10-19
9c712ba6-c9c9-4270-b13e-68b0253d63c9,Brazil,ios,Spanish,25-34,2025-08-27
6f4f1824-f79c-42ad-8379-1e2ba1309ecf,Brazil,web,Chinese,45+,2025-09-20
becbb56e-7c68-4cc2-8b15-89e1d8d8261b,Philippines,web,French,25-34,2025-11-04
1d1d4e50-c62c-4de2-b7c7-e01cf89afb0a,Brazil,web,Italian,45+,2025-11-13
cd594bb4-1ac3-4319-a520-a14b597f8aaf,Germany,ios,French,<18,2025-11-21
c892913f-bfc2-400e-9614-7f81414772e8,Germany,android,Italian,45+,2025-11-02
218896a8-2498-412e-9564-aa6409dffb12,Brazil,ios,Hindi,18-24,2025-09-10
524f016e-e0b6-4315-9292-6be7ba85e9de,Brazil,web,Portuguese,<18,2025-11-03
d137f3df-d17b-4534-9ec3-409b54315ad0,Spain,android,Italian,35-44,2025-10-30
7f35f430-2f6f-4ea2-838c-70f3c5e81e46,Spain,ios,Japanese,45+,2025-09-26
c48c0d36-695d-4fee-b61d-dfb63b07affa,France,web,Chinese,45+,2025-08-21
36a9af41-60b2-4345-9c20-abdadb563f86,Philippines,ios,Chinese,35-44,2025-08-24
36727a7d-dc4d-4a9c-bdda-9095574e63f4,Mexico,android,Spanish,35-44,2025-08-08
50e2770a-aaf4-462a-87ca-29078efc92d2,Mexico,web,Russian,<18,2025-08-31
fe3195b6-2c23-443d-9815-0e046b89db32,Brazil,ios,French,25-34,2025-11-26
dd941757-2afc-4e39-a306-8da76616416b,UK,android,German,35-44,2025-08-28
c16dd1ed-a9fd-49b9-86ff-2ee0c2ace3b4,Brazil,android,Spanish,45+,2025-11-05
2ca95563-1116-4ac8-9a25-6425f42fb305,Spain,ios,German,35-44,2025-09-21
d95e1a60-6f97-4918-a45d-5dfef5379825,France,android,Russian,<18,2025-08-17
4bd212d5-ee6e-4667-ae29-4c0243df1f42,Brazil,web,Chinese,<18,2025-08-23
4b413d45-2b18-4856-b925-3696f0f40577,Indonesia,android,Japanese,45+,2025-10-15
15f50616-8b9f-43b4-913f-7186a3600f31,UK,ios,Hindi,45+,2025-10-19
4742b125-248d-4cd8-adf4-07d12a84c302,Indonesia,web,Hindi,45+,2025-08-06
b8d1f0e4-8e8f-4011-9b1d-89125931e694,France,android,Italian,25-34,2025-08-18
5947174d-f298-42cd-b1e0-c0606afd8274,France,android,Spanish,45+,2025-08-17
da32fe83-0803-4567-94b3-435283c2935d,Germany,web,Russian,<18,2025-11-11
addee163-ab5e-4b3f-96bf-9dd9fecd1be8,United States,web,Japanese,<18,2025-11-11
0b153e5f-c77a-4fb5-9bf6-1295ceab9a89,Indonesia,android,Hindi,35-44,2025-11-03
afe07065-e242-449c-a26c-0a78cd520f5c,Germany,web,Italian,45+,2025-09-19
5b1c04d5-1d04-4ade-b9af-04e53a045485,Spain,ios,French,25-34,2025-10-24
957504fb-ff1d-410a-a414-95d86f1f1350,India,android,Chinese,18-24,2025-08-22
9eb2c61c-5548-40b7-8492-5f8adcfb4034,UK,ios,French,35-44,2025-08-31
2f253ec9-9ee9-4856-8490-418e59e4c72a,India,android,Chinese,25-34,2025-09-05
3ad10cb1-b99c-4cca-8b68-14421693b75c,Philippines,ios,French,45+,2025-10-19
6888c61c-9b97-41e0-8953-b22c5185d23d,Spain,ios,Italian,25-34,2025-08-09
8f808a1b-975b-415c-bbb7-f8814ce3bccb,Spain,web,Japanese,18-24,2025-09-19
dea5bb97-a305-4edc-8471-415280c72167,India,android,Spanish,25-34,2025-11-30
45fb32e2-b273-4cd5-815b-169dc2eab05c,Indonesia,web,Chinese,18-24,2025-09-04
6b235466-ae66-446c-ac94-f0f9d034dd01,United States,web,Russian,18-24,2025-09-05
1b4f635f-8112-4ea7-b7b7-8e9eefdcdfe7,Indonesia,android,German,18-24,2025-10-19
c36729c6-1600-44e6-a646-56ea91cbad7b,India,ios,Japanese,25-34,2025-09-22
bfe55685-2c78-462c-ab8f-83eb98141384,Philippines,android,Japanese,45+,2025-09-22
b161c6ad-623c-4baf-bbab-8b134378c164,Indonesia,android,Italian,<18,2025-11-15
64da52a3-f8ae-4239-9131-3facfa406bc6,Mexico,android,German,<18,2025-09-22
fe46b42a-0179-4b15-9d5b-3db5e028f490,Indonesia,web,Korean,25-34,2025-11-09
4d51833e-52b1-4a93-be6b-65c4cbec48e3,France,android,Japanese,45+,2025-08-18
811dfba9-2533-46bd-86f3-e44276e595df,Germany,android,Russian,<18,2025-08-22
53c6d5d4-c6d2-411b-aee9-d9f4164ab44c,UK,android,Japanese,18-24,2025-08-13
d3b166ac-4668-44db-a19f-8c8c5e7f5c2d,Indonesia,ios,Portuguese,25-34,2025-10-01
e77eef27-83bc-4571-a8b8-622767d9e1a2,United States,ios,Chinese,25-34,2025-09-25
f88a7874-ccf6-4be7-96e9-0eed917735cb,United States,ios,Hindi,35-44,2025-10-25
7a7d80e4-49a5-403f-b06d-a00ca208dd20,Indonesia,ios,Japanese,35-44,2025-11-11
d3310824-9887-4dd4-8d4d-09951ea4497a,Brazil,web,Japanese,35-44,2025-10-02
74ef72e0-efa2-4337-98ee-77e3c0ad26ea,Spain,web,Italian,45+,2025-11-29
c4d916af-7bc5-4889-815c-9378aa831065,Indonesia,android,Russian,25-34,2025-11-22
b5791091-68e9-4136-a68c-33996bb5c259,Spain,web,Italian,35-44,2025-11-26
9de40053-4eaa-4017-9f4f-93605d862314,Mexico,ios,Spanish,25-34,2025-11-04
7390aab2-89c7-4225-ac17-27009c90a73b,India,android,Chinese,18-24,2025-09-17
2cd443da-21be-453e-abc0-c9c7f8ed77a5,Mexico,android,Russian,35-44,2025-11-05
8c068014-6b95-48b7-a44d-f9ee236699fa,Indonesia,ios,Italian,25-34,2025-12-01
76bdf33f-7b7c-4b1d-9366-24229872016d,United States,ios,German,45+,2025-09-27
b7f252e4-9fcb-4c06-8c01-66237ef56a55,Brazil,ios,German,45+,2025-10-03
43768cbd-2eb8-4000-9dbc-ba32a5ac504f,Philippines,web,Japanese,45+,2025-12-03
996a5390-f066-444a-b345-df167936afc1,Spain,android,Hindi,35-44,2025-10-22
c16f503f-984e-402e-9d7e-386e51542204,Germany,ios,Italian,45+,2025-08-08
31cd85eb-ba44-4b4c-89df-05fda833d2ea,Spain,android,Spanish,<18,2025-09-16
d651c124-a429-443d-ac7d-0cfbaa2a3ad4,France,android,Italian,18-24,2025-11-08
02b78069-dca7-4bbd-9387-c9fdb560e958,UK,web,Italian,25-34,2025-08-22
d1ce9508-2231-4c9d-a013-0b224cef4659,Indonesia,android,Portuguese,<18,2025-11-17
b64c311f-38cf-42e9-9183-b235652c7305,Mexico,ios,Hindi,35-44,2025-10-21
f7bcc757-ab33-4952-a5b9-c6846f7752b8,Germany,ios,Italian,25-34,2025-09-03
0dfd29c2-9e42-4b8e-88f0-2d408e0accb8,United States,android,French,25-34,2025-11-11
31197ab6-7066-4d26-8a1d-a86c699f6a9c,United States,android,French,45+,2025-08-08
2c1d4c63-32e7-4d5d-9827-9cd22b16eaec,United States,web,Japanese,25-34,2025-08-23
a7dff76a-e3f5-4f4a-95e3-14d89daaedd4,Philippines,ios,Spanish,25-34,2025-08-17
32f92272-f37e-4265-9267-e56e79a7eee8,France,ios,Hindi,18-24,2025-08-14
27a698a9-8061-4a8a-bc58-6ae1e127ebde,United States,android,Spanish,35-44,2025-10-23
928bbfea-e608-453c-afd7-615ea673917c,United States,android,German,<18,2025-11-26
6b2a162d-07ec-4804-82ba-db8fe98f9521,Indonesia,android,Russian,45+,2025-12-01
a99e7b10-9af6-4205-929d-4e5a72a4a644,France,ios,Hindi,18-24,2025-11-15
dc91e450-35fa-4ffc-aceb-18add6409413,Brazil,android,Portuguese,<18,2025-09-19
0668c85b-f200-43b3-ab85-9ec912c9a767,Brazil,web,Hindi,<18,2025-09-04
e7192047-a22e-4e5c-b748-7fd7aff748e5,France,web,Italian,18-24,2025-08-08
eae245df-d2f8-4bdf-9f21-68c72e5e97ad,UK,android,Chinese,45+,2025-11-15
f3b0f591-28d2-4644-9669-6bd8bb466936,Philippines,web,Portuguese,35-44,2025-08-26
e02365f7-3c9b-489a-890c-4082acd5a5b8,Germany,web,Japanese,18-24,2025-11-19
5a8bc616-1b54-4164-9fd1-47d46d899d92,Spain,web,Spanish,18-24,2025-08-17
15ec98e5-583e-4727-955a-ceb7a99ac335,Indonesia,web,French,18-24,2025-09-27
af2dd20c-9d54-4302-b35d-0916b0d1554b,India,web,Portuguese,45+,2025-08-15
a755ca22-b337-42a4-ae0f-df0c2a98b79d,Brazil,ios,Japanese,18-24,2025-10-18
2d935a40-1139-439e-9d10-9184693124e2,France,android,German,18-24,2025-11-24
da24c792-9a8f-4d33-8b2b-2cdd2f35c97f,Germany,web,Hindi,25-34,2025-10-17
e4e562e7-faf4-4db3-81ef-3b8b780462b1,France,android,Hindi,25-34,2025-09-04
1366d417-a9fc-4997-aef3-c93854cafd3e,Spain,web,French,25-34,2025-08-05
f0621ace-535e-4e00-bf9b-85bc6cb5cbbe,Germany,ios,Chinese,25-34,2025-09-10
93585ba1-a9ca-4b21-b147-7529dd4e30eb,Brazil,ios,Spanish,18-24,2025-10-14
1d3fb2e9-29ae-47c0-a75f-9a16441a4c3f,United States,web,Russian,25-34,2025-09-19
7ffa7acc-5980-4254-8634-4055403260c2,France,web,Hindi,<18,2025-11-21
ae8956a8-1163-4c79-b09d-d0e5256c9d9d,India,web,Russian,35-44,2025-10-21
6c0ae8b1-4291-499a-8eb2-8e19d64c811b,Brazil,ios,Spanish,25-34,2025-10-26
03f96a66-6bf5-4170-a8bf-cbdf594444d0,Mexico,ios,German,45+,2025-10-23
d6eb6450-bb77-46e8-a20e-8c9717fca80f,India,android,German,35-44,2025-11-16
f799a88a-7550-4438-94e0-784be985acb1,UK,ios,Russian,<18,2025-11-13
c5457c3e-d914-4ce5-b8b7-13db36a096ee,Philippines,web,French,35-44,2025-09-01
5979503a-6961-4b4e-9f86-3129dd6f52ea,Brazil,android,Russian,35-44,2025-10-09
d35708ed-4d87-4a96-8bd2-175d8876bc04,United States,ios,Italian,<18,2025-08-24
d953b306-1837-4572-8d74-ffba4ff9bccd,Brazil,ios,Japanese,25-34,2025-09-13
01216fca-1085-4e80-ab6a-7c38dbedb78b,Spain,web,Portuguese,<18,2025-10-02
e53a3e02-0481-4a70-b1aa-983a53bca305,Germany,android,French,45+,2025-09-11
5a91472d-fbbd-403e-9789-c426578bf666,France,ios,Japanese,<18,2025-10-24
7f72c84d-45b0-4452-8431-19000565ba13,Germany,ios,Hindi,18-24,2025-11-11
36611ab5-751b-4018-855b-e445cc4a637a,Germany,web,Spanish,18-24,2025-09-04
dda54d7a-e759-4e3b-8a9c-6f6767f54a11,Brazil,android,German,35-44,2025-09-23
7f13f6dd-7a20-4164-9e8d-2c2f4dd4056f,Spain,android,Spanish,25-34,2025-09-06
cb64eb81-824b-4a6e-b575-21434d41133e,France,android,French,25-34,2025-08-12
3705e86d-1ef5-4e2b-856e-41187ac376f5,France,android,Korean,18-24,2025-08-07
a5345d99-321e-45d7-94c6-3ea20d51b953,Germany,web,Russian,45+,2025-09-16
e85b702a-7aeb-4567-ab27-678ef5cc6484,UK,ios,Italian,<18,2025-08-25
9ee4c22a-f2a9-46d5-9d74-51217fbe92a2,Philippines,ios,Japanese,<18,2025-10-19
714e8fd1-855b-4708-9aa7-0a56583e66e7,Spain,android,Japanese,<18,2025-11-05
c6592996-e5d9-4991-8248-b241f86cabce,UK,android,Chinese,45+,2025-09-09
6f13f085-d9db-42f8-a729-fcd79a2a8be0,Indonesia,android,German,45+,2025-09-19
b9fa7a18-8ac2-4463-aed6-8d47531b9f8e,Indonesia,ios,Japanese,<18,2025-08-21
298bcf39-8c5f-4e3b-a2f4-124711c5cec9,India,ios,French,<18,2025-11-11
9921aadc-a8ed-498e-ba88-8878619d0f31,Germany,android,Portuguese,45+,2025-10-16
f3457632-9d84-4feb-91c6-d307d6f830ef,France,web,Korean,<18,2025-10-25
c89bdc45-6e87-453c-a209-c4b3d03973a3,Brazil,ios,Japanese,45+,2025-09-01
84086f24-0706-43b0-94b0-ca8960ee5d17,France,ios,Portuguese,35-44,2025-09-06
0cb57634-86d1-498c-8232-7e5be133c433,France,android,Japanese,18-24,2025-10-27
954630c6-8de3-41cc-b6cc-aaf9638be0ac,United States,web,French,18-24,2025-11-17
73ecc8c3-2d74-4dcf-9ac8-81030e865498,France,android,Portuguese,45+,2025-11-11
ce91d55c-bacb-4917-aae4-3141fe026a87,India,android,Hindi,<18,2025-09-01
233da1e4-561d-421b-a8bd-66b398e0aee7,UK,web,Japanese,18-24,2025-12-03
6d69221b-8ac1-46b7-a595-1c459c73b91a,Indonesia,web,Hindi,25-34,2025-09-05
0169594e-e011-4d6c-9756-2c6af5871b54,France,web,Chinese,<18,2025-09-21
48127063-5cad-481d-bfdd-5244f4c2b4ba,France,ios,German,45+,2025-10-14
fd554df7-1b78-4a77-802d-a2184e46b976,United States,android,French,25-34,2025-08-17
f57205c2-376a-4049-aefd-2507b32b0cd2,Spain,ios,Italian,45+,2025-08-27
7d90db36-2834-4a6a-a66e-22ae3c190d26,Brazil,web,French,<18,2025-09-22
b535e8cc-04f1-41b7-8d95-026193f4dcbb,Spain,ios,Russian,35-44,2025-11-29
a65dcb6e-d213-41bf-97ff-62b1119d10c9,Brazil,web,Italian,35-44,2025-11-10
829d0fab-9aed-444e-97af-58184e560c56,Philippines,web,Russian,35-44,2025-09-17
f1f9b4c3-6cda-4e44-b2d7-7320218dedb5,France,android,Portuguese,<18,2025-10-24
91b4d9dd-24f0-45fe-b05f-cd9ec69fbb74,United States,android,Chinese,<18,2025-08-08
d9f9901f-0126-4a9b-8ec9-1f8e69f15138,Mexico,android,Portuguese,25-34,2025-08-22
621464e8-2016-4fe7-b936-c36736251a76,Germany,ios,Japanese,<18,2025-09-16
f4f6ecf6-eca7-43f6-b523-7bf13f901aeb,Indonesia,android,German,<18,2025-11-05
e252913b-2d0f-4e8b-9e9b-4d64b10b06d2,UK,web,French,25-34,2025-09-13
05e8fece-b253-472b-a867-026196e93684,Indonesia,android,Spanish,25-34,2025-09-22
7907aeaf-a556-468d-a071-171bfe3fc9f9,UK,ios,French,45+,2025-11-20
bdb28790-ecab-4e86-ac98-18be0f501eb1,Philippines,android,French,18-24,2025-08-06
922d08f8-fc5b-4f24-a53e-222dc884a333,Spain,android,Italian,18-24,2025-10-01
eb3b752f-7096-4550-bf5d-f98cdd32ccb0,India,android,Korean,45+,2025-11-15
cad4a58d-70bb-403a-bb9d-347830b04536,France,ios,Spanish,35-44,2025-10-22
cdbc8b36-9174-4954-a6f1-ab286b30d402,Mexico,web,Japanese,<18,2025-08-30
bb1ab932-0cb9-4688-a54c-c0d3c5df0a12,UK,web,Russian,25-34,2025-11-24
9f9b27b1-484e-4fc1-bd0c-4b91391a6623,Germany,web,Hindi,25-34,2025-11-03
b8fbcc29-505a-4ced-bf75-2d864eaec3f0,UK,android,Russian,35-44,2025-10-20
89c78a31-5597-4b20-be32-3a5d4f10f892,India,android,German,25-34,2025-10-24
7521928e-7fe4-425f-9ae3-74701102b653,Indonesia,ios,Chinese,35-44,2025-11-12
5443c3f0-102a-4445-b731-e1406ed2225a,United States,web,German,45+,2025-09-13
9021c636-6958-4d91-adf9-7f7e5a2ac0e6,Indonesia,android,Chinese,35-44,2025-08-12
d6e73870-c734-461c-9d9b-b14c0b053250,Philippines,android,French,18-24,2025-11-22
c34fafdb-ce7d-41d2-99e1-14511daf7899,United States,android,Italian,35-44,2025-08-20
681272a6-8d2f-4674-9f55-aba5ce9cdce6,Indonesia,ios,Japanese,45+,2025-09-04
b6530bbf-a027-4be5-a0c5-aa9bc467fff1,Germany,web,Korean,35-44,2025-09-09
c244ba27-8651-4618-8acb-e5129b605cc2,Indonesia,ios,German,45+,2025-09-13
c6fdf245-1aea-406d-8e4b-5b43e2f2523c,Germany,web,Italian,18-24,2025-09-01
68e4d10d-4204-46ca-becc-24123c876176,Germany,web,Russian,<18,2025-08-12
bc2c2f18-2618-45ec-9666-e3b3c28a74ef,United States,android,Korean,45+,2025-10-22
2fdb9b16-ee3e-4a6a-9c44-aad5a6bded6b,Spain,android,Portuguese,<18,2025-10-07
82073a60-ec48-4aad-9a47-a8de70208c21,Brazil,android,French,45+,2025-12-02
d51b7c9c-1595-4796-a64e-71c76e82ab5c,France,android,Spanish,35-44,2025-10-31
39e20b82-8d19-4fa7-89ee-a771062bad98,UK,android,Spanish,<18,2025-11-07
afa0247a-5e8b-4c74-a844-66b5848f42c0,Brazil,web,Hindi,45+,2025-11-02
37a63435-d52d-465e-a53d-896b6b6a0a9a,India,android,French,45+,2025-09-06
87a879d6-1431-4191-b2bc-c165e19730a0,Spain,android,Hindi,<18,2025-11-25
61406c85-a52d-4d97-aa1c-e5eccb7b9e1a,Brazil,ios,Spanish,45+,2025-10-20
df6410f1-6a93-491d-8001-d07d1ceac22a,United States,ios,Japanese,<18,2025-11-01
988d2c6d-3436-463f-9865-9a9d9c493659,India,web,Russian,18-24,2025-08-25
cf045639-f2be-4727-8eb8-893f3d5fc8b3,Mexico,web,Japanese,25-34,2025-11-20
178a635c-a556-4af4-be39-c4ede4d5893f,Spain,ios,Italian,18-24,2025-09-02
4aa03f08-18e5-46d3-8ce5-fbf63ab51c1d,Brazil,ios,Russian,<18,2025-12-03
10cf77a8-17a3-4af4-9691-616dead1106c,India,android,Spanish,35-44,2025-11-27
3621a1b7-a421-4ca6-8630-cb7fc680ab01,Mexico,android,Hindi,35-44,2025-10-15
99d90c96-e0f4-46ef-b5b3-150809df037a,Indonesia,web,French,25-34,2025-10-08
6e859ca7-1590-45f8-a8ba-3ed50c2fc25d,India,ios,French,<18,2025-09-01
526deb45-d1c4-4cf3-981f-ac7957517add,United States,web,Chinese,45+,2025-10-11
e973ba15-441f-4f3f-9a3e-c4c672a87d72,Indonesia,android,Korean,18-24,2025-11-12
72a06695-0d74-4330-bb9c-0cbe1df80101,United States,web,Portuguese,18-24,2025-08-12
0d578a4e-12ba-4194-b53e-6235467a859a,Brazil,web,Spanish,25-34,2025-10-12
b4ecae8e-5602-42c9-b868-b194a59bae97,France,web,Spanish,25-34,2025-10-01
79134173-f669-49f1-9200-b84916616ffb,Brazil,android,Hindi,25-34,2025-08-13
01d2ae2a-7fac-414b-a0d2-6a8e670354bc,Indonesia,web,Chinese,25-34,2025-10-16
a7050434-00e0-41b0-bc1f-6de5bf9d9c0f,Germany,android,German,25-34,2025-10-20
cf797abd-e8fe-4d95-901a-9e7efe63c89e,Brazil,ios,Korean,25-34,2025-09-25
277e500e-ab01-472d-84c1-f811bc6ae345,Indonesia,web,Japanese,45+,2025-10-16
921d3fad-2441-4ae5-a17b-a3175d307283,India,web,Japanese,45+,2025-11-21
7c564990-8916-4e8d-9986-01cc7f01b0d8,Philippines,android,German,18-24,2025-08-19
74878fb8-01c2-453a-a520-24aa9d86bea7,Brazil,web,Chinese,18-24,2025-10-03
86af5407-b137-47d0-9ef0-dff51e5f0c24,India,android,Korean,25-34,2025-08-25
c7425d42-7cc1-4a51-8653-acea4ca00aaf,United States,web,Spanish,18-24,2025-08-15
930e4c75-5e3d-458a-8566-853b86df2a57,Spain,ios,French,25-34,2025-09-21
191682db-4442-4d13-b0b9-d1e12ae8f52d,France,ios,Spanish,45+,2025-09-11
d16d1755-a341-453f-b5bd-0ab355707614,United States,ios,Japanese,35-44,2025-08-28
a318f7e8-d526-46ca-85f6-926a24f05c7d,United States,web,Russian,45+,2025-09-07
f558d1b4-2f38-45d3-a73f-d7260ccd12dd,Indonesia,web,Hindi,<18,2025-11-05
7ee77de0-2d41-409b-a0a8-4ad2170bee5c,Germany,ios,Hindi,45+,2025-11-13
8fa8be4f-558a-4d46-8c57-f581b0d22bfd,UK,ios,Portuguese,<18,2025-10-07
15a024ed-42cc-4b7a-9285-a7809e022ab5,Philippines,android,Italian,18-24,2025-11-24
6283cc42-3afa-4087-9b76-3faf440bc902,Germany,android,Japanese,45+,2025-08-23
760022f9-e974-430f-aa4c-5c1a167c3e26,Indonesia,ios,Chinese,35-44,2025-08-17
390cf733-b665-4d37-baf5-c5daedeb78a1,France,ios,Hindi,45+,2025-11-29
c8ffe00d-0843-4b97-9cb9-d818e5a07aa7,Philippines,web,Russian,45+,2025-10-27
945d0e11-fdf0-4536-aa9e-5f8812662746,Philippines,ios,Spanish,45+,2025-12-01
f97cfc64-22a9-484b-a315-8d92d4483771,Indonesia,android,Portuguese,25-34,2025-10-24
b11eec40-6ff5-4118-b027-7bc93f6f91b4,Mexico,android,French,45+,2025-10-31
8edde474-bb91-4d61-a517-58c51056d6bd,United States,android,Japanese,45+,2025-11-20
4bff4637-a552-47c9-a648-a5fd2ec536db,Spain,android,Italian,35-44,2025-11-24
5c28cf6e-ad2f-4255-838c-ed6a9626f72c,Mexico,android,Chinese,<18,2025-10-21
f1cfbc8e-1ff1-4838-896e-71583a7da44e,Indonesia,android,Portuguese,<18,2025-11-12
ea3c7171-789f-43de-8a05-1721c1e47596,Mexico,ios,French,35-44,2025-08-12
b3406198-59c9-4cf0-95e5-cdf1de6905d0,Spain,android,Italian,18-24,2025-10-16
edfdcc69-3fdc-463a-b379-a67945fe6da2,Indonesia,android,Italian,45+,2025-11-13
a7c58e66-3f5a-4080-997f-7691193620af,Indonesia,android,Portuguese,18-24,2025-09-01
7efcacde-1b7a-49a8-9f77-daa4efa6c36a,Philippines,android,Spanish,35-44,2025-11-24
7b6d026d-5c10-40ca-8a19-c91c02b8b491,Mexico,ios,Chinese,18-24,2025-09-24
b3969b19-6a68-4c17-9239-2d215f74b9a0,India,web,German,<18,2025-08-05
81fce44d-b2a3-4dc8-b294-6e65d7465dc0,Brazil,web,Italian,25-34,2025-08-11
2869d815-5b1a-40c3-99e5-5763693625d3,Indonesia,web,Hindi,18-24,2025-11-22
8da2d834-d926-4d44-bf76-2547eeef44c6,Mexico,web,German,25-34,2025-10-21
031771be-eae4-4fef-a416-8457483ef41c,UK,android,Russian,18-24,2025-09-18
2256efce-d64c-465b-8db5-3840d223adec,France,web,Portuguese,35-44,2025-09-16
c87152e8-201b-457f-aaf4-0ecd2d3e40c2,UK,web,Italian,25-34,2025-08-11
0396f3cf-2f28-4ae7-b65a-9baa5b278f4c,Mexico,ios,Hindi,18-24,2025-10-03
26e4ee6b-6721-4842-8d23-9ee1deec4d1c,United States,ios,Russian,35-44,2025-09-04
1e2e4461-77af-43aa-aeca-5202b8d7ed89,United States,ios,German,<18,2025-11-30
7bf11538-3df4-4b24-b94c-c6e7e1c6f7a9,Mexico,android,French,45+,2025-10-09
b995bde7-85d6-4fcd-8531-c5985ee6aad9,Philippines,android,Japanese,35-44,2025-08-05
9c1d1b79-0228-47db-a1ff-5168478a36c9,Philippines,android,German,35-44,2025-09-11
0e9d7d9f-998a-4b58-916e-6cdd79580d9c,Indonesia,ios,Japanese,<18,2025-11-12
b9e4e9ac-38cb-4f57-bf5b-39cc03aa6b40,Spain,web,Hindi,25-34,2025-09-17
b9e2056e-49d4-42b6-9f71-e1ab392c70a6,Brazil,ios,Italian,18-24,2025-08-12
1efb55f1-fa7d-468d-b0e7-6b8038879cca,Indonesia,android,Japanese,25-34,2025-10-09
04954d2a-c19e-4ec6-8ddf-5b74a799d7df,UK,ios,Portuguese,35-44,2025-11-13
8ba30cd1-d9e4-4542-8cf6-2e69b4ced2a9,Brazil,web,Hindi,18-24,2025-11-27
8038d899-c069-47bf-a27c-dbf1161f2ea4,UK,android,Italian,45+,2025-11-21
55ee55c2-b037-49ef-9882-2fd4c00a2541,Philippines,web,Hindi,45+,2025-10-22
6a52a377-8c1d-408e-8534-88047fcb90b1,Mexico,web,German,18-24,2025-11-07
7c0ceb9c-cd13-4a7b-a033-89e8d19149bc,Spain,android,Hindi,35-44,2025-11-09
948d3f56-559b-4f9b-9457-666a84fb3758,UK,web,German,<18,2025-10-12
cf1eef63-e7b9-4c6a-b3b2-ebfb67f4b2eb,Philippines,ios,Portuguese,25-34,2025-09-05
af1deee5-880d-4d27-a25c-995c8285fc17,Spain,web,Chinese,25-34,2025-09-24
c6d33b7f-1d46-4354-a3e8-8d5ae3e1961a,Indonesia,web,Portuguese,<18,2025-09-02
505db6c0-b7a6-421d-bb60-9ec50c685075,Mexico,web,Russian,<18,2025-08-07
236cd453-225e-4601-bf3d-06c2d35571b6,France,ios,German,45+,2025-09-01
afc4a351-9493-46d5-a797-2ab6ca6e8fab,United States,web,Italian,<18,2025-09-25
d41632ef-b204-43a2-8720-e0797e371ea4,Germany,web,Korean,18-24,2025-10-31
3ad948fb-e936-4c04-b0ed-2b72a38b2da5,Spain,ios,Chinese,45+,2025-09-10
399eab85-cca7-4ec0-b947-143859a1ccb6,France,android,Portuguese,35-44,2025-10-28
6ab2bcb8-7802-4e6c-a39b-29b27d289095,France,android,Korean,45+,2025-10-26
9c1e94c8-45f8-4dde-b3d4-cd4c5e2c68e3,Spain,android,French,45+,2025-11-03
15cb14c4-1d4b-423f-9f22-4e55c8165a84,France,web,Korean,25-34,2025-11-21
2d4b9dba-d38c-40e1-9754-45529050db1d,UK,android,Russian,<18,2025-11-27
5d1ae3f9-e4c5-41cc-99ab-2c90b5f0fe69,France,ios,Russian,18-24,2025-10-14
78f9b94d-f8a3-464a-a1f6-dfe43df17801,Philippines,web,Portuguese,<18,2025-09-21
727dc594-3975-42db-a4df-fe1649c24e55,Brazil,web,Korean,25-34,2025-09-24
44841f49-2100-4bc0-8f25-567cd1ca6cf5,UK,web,Japanese,<18,2025-08-18
18a67580-37f4-432e-bdcd-708d432a577b,France,android,Italian,18-24,2025-10-02
bb656d2a-8e9c-47bb-bbb5-ee6fa21d25ae,Indonesia,android,French,<18,2025-11-14
a7e7d345-4947-49d5-a2f2-d0841ef07055,United States,android,German,25-34,2025-11-27
d8144687-fdc1-4983-a9d7-ed9ce4866226,Mexico,web,Spanish,18-24,2025-10-18
36fd05d9-57c1-4b3b-a5fd-dbac5e9a846d,France,ios,Japanese,<18,2025-12-03
3ca33f69-4c79-4e94-b462-4a9974876d39,India,web,French,25-34,2025-10-10
655abff1-124e-43a4-b72e-c6a4b8d93cc2,United States,ios,French,25-34,2025-11-22
f2be1f07-624a-4321-91a3-e57f519c35b0,Indonesia,web,Spanish,45+,2025-10-27
5cdb19db-0cf0-4e33-840b-c67c145eabdc,Philippines,ios,Russian,18-24,2025-08-20
0790e7f7-fb29-45e7-90b0-2f4010567c7b,France,web,French,18-24,2025-09-10
47942471-f842-4944-a8ab-2a66d3adda7c,Philippines,web,Japanese,<18,2025-09-14
945a157a-16e1-4f80-8f73-e1affaf4a927,France,ios,Portuguese,45+,2025-09-18
cde6893b-8595-4bd7-8e42-f3038d236569,Germany,ios,Hindi,18-24,2025-10-03
d2594587-7032-42fa-90f1-7cc2c7e5da43,Brazil,ios,Hindi,25-34,2025-11-08
6f6acb9c-7df5-4045-893e-b22111ca948d,Philippines,ios,Hindi,18-24,2025-11-21
5847dc16-073f-42a1-b450-d36bcc78d1d4,Brazil,ios,Japanese,45+,2025-11-30
6fd5be18-9611-4f82-ab23-3e7158ae5242,United States,ios,Italian,35-44,2025-11-07
267cfe2e-a7b3-4d32-82eb-41b2d867f6bb,Germany,ios,German,25-34,2025-11-12
7116f075-4eda-4a08-8e61-7d10518340b7,Mexico,ios,Spanish,18-24,2025-09-13
e55b1825-1bd3-42ed-bc3b-9f3093581b60,UK,web,Chinese,25-34,2025-10-27
931df536-32e2-474e-92d8-26779b065dd2,Brazil,ios,Russian,<18,2025-11-23
6055ae5c-8ecf-4b39-9262-1173389e672c,Germany,ios,Hindi,25-34,2025-10-04
dd0e027e-953e-4389-9917-5b02a193f565,Brazil,web,Korean,18-24,2025-08-17
86074265-eb35-47ab-8c52-aae0a5f5e297,Spain,web,Russian,<18,2025-11-19
675ed688-a598-4851-929b-cd6c4e475e56,Indonesia,android,Japanese,<18,2025-10-25
9b027599-8705-4582-bbdf-94cacb44df59,Mexico,android,Italian,<18,2025-08-25
f37d3e0e-3ca8-41f7-97aa-cdd3bbc7f1f6,Indonesia,ios,Italian,35-44,2025-10-14
3c6e38ca-f864-4999-9934-708b0118bc4f,France,ios,Hindi,35-44,2025-10-04
b2a4b6e1-0517-4161-aade-3df7bac7977e,Brazil,android,Korean,<18,2025-10-02
49bd200e-e5fc-4d0e-b2ca-42789f89aa96,France,android,Chinese,18-24,2025-08-11
d81c22c8-ceda-4c2c-9849-9a0e2f6fd0fe,India,ios,Hindi,<18,2025-09-10
fe3b1720-d099-481f-8d8c-19fc0d3f4531,Brazil,android,Spanish,<18,2025-10-31
7775e53c-0485-4751-a1c4-a8e31f0a3358,Germany,ios,Russian,25-34,2025-11-22
eda58e00-5d26-46ef-b78e-cb1c6b799242,Mexico,web,Portuguese,25-34,2025-09-12
c28d8596-1a23-460f-961c-50985ddcdd63,France,web,Russian,25-34,2025-09-25
39345c35-a2eb-4ba7-94cb-f4e6debe1c59,Brazil,android,Korean,45+,2025-10-15
23077a89-3d60-41fc-aad8-278eb998780d,India,web,Hindi,25-34,2025-11-10
03bd4863-2ded-4399-a7c6-ef74e62da3b6,Indonesia,web,Spanish,25-34,2025-10-17
5e007b59-06ee-49a7-a6e2-2ffc910da3cb,Germany,web,Korean,18-24,2025-08-12
25199383-fb94-4122-8a71-251f9a2e347b,Spain,web,German,35-44,2025-10-16
e01bf01a-8284-4265-9087-f57071eb4bf2,Brazil,ios,Korean,35-44,2025-10-17
c208ee30-0949-49ac-9bc8-fcba8a04ade2,Spain,ios,Japanese,35-44,2025-11-10
c4a2c2aa-2136-4637-8916-aad9cf9a4c7a,United States,android,Korean,45+,2025-10-07
2baa3924-7289-46e6-b0cd-d95b0a508578,Mexico,web,Chinese,<18,2025-11-28
c5449935-31cb-46be-ba1b-f5a654175d92,Brazil,web,Hindi,25-34,2025-10-31
8ae312f7-afbd-44c1-bd2f-ba5f476242fa,Philippines,web,Japanese,18-24,2025-10-08
3bf907ea-b569-4e10-ac5b-b0f19a9a3f2f,India,android,Korean,45+,2025-10-05
aa7c1cf3-ef2d-4df9-84f0-c368910a4b27,France,ios,Japanese,35-44,2025-10-31
6b8aab40-6b33-4980-ac51-6e428346e029,Philippines,web,Spanish,45+,2025-11-05
c6fd7b51-477f-42ab-9417-42f7729142f0,United States,ios,Portuguese,18-24,2025-08-18
6cfa1348-5445-458b-afad-b0feb1a11b3e,Mexico,android,Japanese,45+,2025-10-30
74865b85-64ee-4ba7-bae8-47b3fbea7471,Indonesia,ios,Russian,35-44,2025-09-22
268f412b-a77d-447e-a6a0-912b211f2ebb,Germany,web,German,<18,2025-11-26
0893ec59-e736-4734-a96a-2ad1ac671e90,Spain,ios,Italian,35-44,2025-11-14
a21d31f4-401f-4e31-bc12-7a1bcdbbfee0,United States,ios,German,35-44,2025-08-29
ddca497e-6a7f-448c-8170-9250d33c516a,France,android,Korean,35-44,2025-09-05
3adeb583-1df6-452d-8fce-56742fe06fb9,Germany,android,Portuguese,45+,2025-09-09
41d46aba-7ae5-4bba-b9df-57130a03f723,Indonesia,android,German,18-24,2025-11-21
6f3a1529-3f60-47e2-8604-2ce99c6b56a9,France,android,Italian,35-44,2025-11-23
0abaf3fb-df7c-40e6-80e1-9c1ad4d09c3a,India,ios,Chinese,45+,2025-09-09
b5942e59-120d-44ba-849e-f325b6aaf0c1,Spain,ios,Chinese,18-24,2025-10-20
494c8512-f3e2-4b18-98cd-358e6a1e2b8b,Philippines,android,Portuguese,<18,2025-08-22
c42f4ca1-6935-4529-87af-29d84a7af1e8,Brazil,android,Italian,35-44,2025-09-25
8ae18db4-af89-4ffb-bdd1-9ff1670845e7,United States,web,Italian,25-34,2025-10-12
6c765336-bb28-45ba-be3a-4f3523510b88,Brazil,web,Spanish,45+,2025-08-29
e6726449-09f1-41cd-84fb-7e7061bea001,Germany,android,French,<18,2025-09-19
8d4d3a53-c379-4d6d-abf3-f9bc47173244,Brazil,ios,Japanese,<18,2025-11-04
6b069676-6f26-4683-9690-aa6f275e83e2,Philippines,android,Portuguese,<18,2025-09-24
f2950559-a81e-4d14-b051-562a5625c182,UK,ios,Hindi,45+,2025-11-26
a849ba5c-64fb-4678-9050-2750b679fb43,Germany,ios,Spanish,18-24,2025-08-18
68b525f8-7cfc-4974-ac0f-ef039a9c6dff,Spain,web,Chinese,25-34,2025-10-15
e4b49125-908e-4d9b-a2c7-3a384279dd6d,France,android,Spanish,18-24,2025-08-21
d5f9eff4-9770-4ec5-b140-0c766e37a1fb,Spain,android,Korean,35-44,2025-09-28
9e2470db-214d-4c8c-bbd5-62fe2e761882,Brazil,ios,Japanese,25-34,2025-10-11
0ce98837-e04b-4f59-b1f6-9c3d3bdc1c7e,Mexico,android,Hindi,18-24,2025-09-26
9a7f2479-7119-47c2-a2b5-7e853e3d5a17,Germany,web,Portuguese,35-44,2025-09-07
bf7818ad-75e0-41e8-a972-9c7a7ca14b3b,France,web,Korean,25-34,2025-08-15
ea44c4f6-0b67-4f6b-9a9f-a57936329b2d,Indonesia,android,French,45+,2025-08-06
12536624-ecb7-498f-8c36-e14e36b0f524,India,android,Hindi,35-44,2025-10-04
6b5e536d-9517-45ec-828f-d6d425ce8e06,Spain,web,Italian,18-24,2025-09-21
d898de2c-9659-4b30-93b2-1989823d920f,Spain,android,Hindi,25-34,2025-08-13
ffdef95d-4795-4987-8d0e-71f581539d7e,Germany,ios,Spanish,35-44,2025-11-03
3900b39b-141c-4790-a5be-000f6851dde1,Mexico,android,Russian,35-44,2025-10-04
904af3ab-70fb-4e82-9cdd-22b082cced20,Brazil,ios,Korean,45+,2025-10-26
bee81378-6d56-4361-9ea4-a1749b9b90e9,Brazil,android,Spanish,35-44,2025-11-23
b9d27888-739b-4818-8ee0-3b75fe3a0b02,Germany,android,Italian,25-34,2025-10-14
c537dfd4-a081-4ee3-b531-2f080de45ef6,Spain,web,Chinese,<18,2025-08-10
94645135-6162-4a64-aaab-9192b45797d0,France,ios,Spanish,25-34,2025-08-16
97682cfb-e85c-4a96-b7d1-944b4663a276,India,web,Hindi,25-34,2025-09-03
d2731df5-84b8-49d6-8cf9-5e8a5a96f236,Germany,android,French,45+,2025-11-29
5e39d427-c597-40b6-b30c-aa7b1adc175a,France,web,Hindi,45+,2025-09-30
2f93bf4c-375a-4a49-bd4d-e91d095798e8,France,android,Hindi,35-44,2025-09-21
9edc052c-0d7b-4852-b033-86e1baf52d7e,Indonesia,android,Korean,45+,2025-08-10
28d23e33-208b-4acb-9644-9c171d78ed42,Philippines,android,Portuguese,35-44,2025-09-28
592b2a19-5fca-49ef-8e54-68bcca4e6649,UK,ios,Japanese,<18,2025-08-23
055d2c4b-5937-4f8e-8f13-767e83f0b9cb,India,ios,Hindi,18-24,2025-09-21
937524d6-2a8b-45f8-b235-f9851a4266cd,United States,ios,Hindi,45+,2025-09-08
3633fff6-39f3-4a8d-b63c-df9f5ac1b9ed,Mexico,web,Japanese,45+,2025-09-15
794f0a9a-f03c-4bf4-b561-8a8cf95872c4,UK,android,French,<18,2025-11-15
f8e50b04-2a87-4f15-8a69-94cdf19a6f4a,Indonesia,web,Korean,45+,2025-11-18
f5e19405-3023-4d1b-84bf-44033bf7d095,India,web,Chinese,<18,2025-08-29
c4092073-9f4f-43af-9e3c-e05169181b0f,Brazil,android,Italian,35-44,2025-10-07
b9f0a2fe-086f-4670-9119-a509c0cb249a,UK,web,Italian,45+,2025-11-11
4122e2d3-f9b3-4416-ae80-49c7fa95f01a,Brazil,android,Spanish,45+,2025-11-12
e92e208c-1dfe-4341-9a36-5c8391d6f68e,Mexico,android,Korean,35-44,2025-11-06
b368db4f-8252-4693-a91c-fcad82b5edd2,Brazil,android,Russian,45+,2025-08-22
a398a557-39f8-433e-892c-3e477433aa2d,Mexico,android,Chinese,25-34,2025-11-09
5ddd5d73-ff85-412c-9420-6de822ec2d8b,India,web,Italian,<18,2025-11-17
14ebc5ca-df95-4f75-aa9a-ab804a723d61,Spain,web,Russian,18-24,2025-11-28
53ae9b7b-1d8b-4b2a-ad1c-433719e7f2c7,Mexico,web,Portuguese,25-34,2025-10-10
8b0b8171-b67f-4762-91e4-222516902c06,France,ios,Russian,18-24,2025-11-23
a61d0ef3-f5c2-4b84-a0a4-daf3a24adc21,United States,web,Russian,25-34,2025-09-07
02d82464-e3cc-4adb-8aa8-80d084104f48,United States,web,Chinese,25-34,2025-10-09
8dfaa62f-4958-44f7-870d-accfed30bc20,Germany,ios,Portuguese,25-34,2025-11-08
456bf140-1aa3-4029-b2b2-8940216e7325,United States,android,Russian,<18,2025-08-20
a9ef4143-12c1-4037-97e9-89e1c75ac179,Germany,android,Japanese,18-24,2025-09-14
10273962-9269-47c9-b013-721616a7a671,United States,android,German,35-44,2025-11-15
775d8822-6daa-4e67-b741-93e6306ae777,Mexico,ios,Hindi,35-44,2025-08-19
bd31a216-be70-442c-b2be-0ca05e1eba7b,France,web,French,45+,2025-09-18
edf08126-c5a8-4714-a4e7-91f313234302,Spain,web,Hindi,<18,2025-10-31
41730245-2721-4c11-9d3a-d75562037e80,Brazil,web,Spanish,<18,2025-10-24
ee450edd-9ea9-4093-a516-aa8bcfd472c1,Indonesia,web,Russian,<18,2025-08-09
f67cfb19-9af6-4d18-9f1d-27a5122b53f0,United States,ios,Italian,25-34,2025-09-01
18dcf4f3-d8bc-4f71-87da-89be3d2fa027,Spain,web,Korean,<18,2025-08-08
2ca6f56f-a129-466f-8961-b79f040ff698,Spain,android,Spanish,35-44,2025-08-22
18cbedef-11bf-4e17-8bd4-3eb6c68ca99e,Mexico,ios,Chinese,<18,2025-11-25
1e28d92b-0ada-42ad-90cf-db8ce7cdbc2c,India,ios,Korean,25-34,2025-11-22
5e3f3198-2773-494f-b3b5-6907b954e119,India,android,Korean,18-24,2025-10-15
627b7a21-80c1-46b5-83fd-8e2ae5beb2fe,United States,android,Chinese,<18,2025-09-23
87c69927-3302-4d3e-99de-4474f9f7c61a,Indonesia,web,Japanese,18-24,2025-10-14
9e9cec68-d397-4e5e-8667-04f993c43319,United States,android,Hindi,45+,2025-09-24
6326ef47-0a7e-47e0-a5e3-0c710d41446f,United States,ios,Spanish,25-34,2025-10-23
3c64bacc-34b8-43b8-87d2-c2c8a9949112,Germany,ios,Hindi,<18,2025-08-16
c77c8cdf-e55e-43f6-a948-e96bf1bad7ec,France,ios,Portuguese,45+,2025-10-29
8c3e0d8d-b509-4e41-8822-e4efd4010792,France,web,Italian,45+,2025-09-28
c940bd25-f7b0-437d-ac9b-4c66b616de6c,Indonesia,web,Spanish,18-24,2025-10-06
191817ca-d693-4807-b46d-ed06eaae2f80,Germany,android,Chinese,35-44,2025-08-08
a4a874fc-de11-4b39-9a30-ff0773c55032,Spain,web,Russian,35-44,2025-08-14
c0695660-552a-490c-a5a0-0aa06006025e,Germany,web,Spanish,35-44,2025-12-02
7b28b30a-0a37-403b-ba5a-1df229d7af5d,United States,ios,Spanish,35-44,2025-08-25
b86aa2c1-098b-42a9-9c21-67d07ad68462,India,ios,German,25-34,2025-09-05
84c94964-0b07-4d09-b85e-d8a2b71c3d56,UK,android,Chinese,<18,2025-09-15
c561d947-db75-44f9-90cf-757cc387529a,Indonesia,ios,Chinese,<18,2025-09-19
fb91d4ca-59c1-4ac8-9803-a0968c97fef9,Spain,web,Hindi,25-34,2025-09-28
31abaee0-aa23-40bc-a630-e859edd32644,Mexico,android,Italian,18-24,2025-08-25
2c71cfa4-0acd-4e44-9bd0-7866283fe385,UK,android,Chinese,<18,2025-10-11
660e843a-0d1c-4fdd-8cc5-95da7b7ba285,UK,ios,French,45+,2025-11-19
4a33114f-9371-42f3-adae-fc0dc4acc647,Germany,ios,Chinese,<18,2025-10-11
d5ad1a2c-38b3-4d5e-a2bf-26968e3e38c1,Brazil,ios,French,25-34,2025-11-14
ced9f654-a088-4329-b534-0a6cfddc9ee7,UK,android,Russian,18-24,2025-11-15
380effda-a614-4bca-9a07-35a6d16a2308,United States,ios,Italian,<18,2025-09-22
0e367401-7baa-44b3-9fe7-00f6623d7147,Philippines,web,Japanese,25-34,2025-09-19
3889d1f1-fe9c-4573-b9de-55d16fa96e39,India,android,Spanish,45+,2025-09-20
d3884536-a877-4b65-a6e9-592517a8ea67,India,ios,Italian,35-44,2025-08-28
08d45717-1359-4e47-b41c-4f080bbef4bd,Philippines,web,Hindi,45+,2025-08-05
e0647a5a-b28d-4e61-b716-b1a4dce9e2e1,France,web,Spanish,45+,2025-11-21
9c22c4fc-11e4-4a57-a092-231a348ba8e9,United States,ios,French,18-24,2025-08-07
5b87489b-302a-47c6-aaaa-d554bc3abda6,Mexico,web,Korean,<18,2025-11-20
e8e2df94-0c67-4484-affc-107f69687b95,UK,android,Italian,35-44,2025-09-22
439ee9cc-6f49-4436-a0b0-94615609d2e7,France,android,Hindi,25-34,2025-08-26
f5a80401-b6af-47b5-8cd4-1013f29f3143,United States,web,French,35-44,2025-11-21
95291cc9-c2a8-4c5d-b17e-b87e133f57c6,Germany,android,Hindi,<18,2025-08-25
db4a84f5-1413-4751-b180-5f2fc1f04d4d,India,ios,Hindi,18-24,2025-10-28
befc9501-cc1f-4b26-8e79-74bc82025b63,France,web,Hindi,<18,2025-08-14
48887caf-8d7d-42c3-9a5c-e0ea26b38f75,Indonesia,android,Italian,25-34,2025-09-26
46fc02c8-63c0-41e4-ad02-4caa350a7256,UK,ios,Korean,35-44,2025-08-13
00c74620-22c7-46d8-811d-bc34bedf23a2,UK,ios,French,45+,2025-10-20
b7cdeef0-46c0-4959-9800-2121be742c80,Mexico,android,Japanese,<18,2025-08-13
6f7b44c9-7e41-4a4b-96cc-53bf545cdd12,Brazil,web,French,18-24,2025-10-12
fa60f50b-a893-4f0f-80cd-6112062b7ca6,Indonesia,ios,Chinese,18-24,2025-10-31
a6bb8243-d62e-48df-8f07-ef699509ddc6,UK,ios,Spanish,35-44,2025-10-15
f32e2b32-70ae-481a-8b08-6e9b364d0c56,Spain,ios,Korean,45+,2025-09-11
c27d13fd-4d23-49d0-a5f0-f443a4e5c97c,Indonesia,ios,Italian,25-34,2025-10-02
f48307cf-2712-4c86-b38d-b53b9e9a7eff,UK,web,German,45+,2025-09-21
ae65fc1a-f9d4-48d1-a4ac-af90b76c1465,Philippines,android,Japanese,35-44,2025-09-17
ad18a088-92a9-4fcd-9579-0c7aefc181b9,Indonesia,android,Spanish,45+,2025-10-04
eae742a7-ed6b-4988-b44d-4032f913c4e3,United States,android,German,35-44,2025-11-29
11986b05-0b86-42b2-abf5-51773f6f028e,Indonesia,ios,Chinese,45+,2025-11-11
493cc1e9-45d9-4453-a02f-e643bdbacfd9,Mexico,web,French,<18,2025-10-29
8c5aa9cd-a8d6-496b-84a1-96a4eb91330e,Germany,android,French,18-24,2025-10-13
87051446-b1f3-4fe1-b4ab-87981d2d5556,Germany,web,Korean,35-44,2025-11-15
9448d1ab-1f31-4235-b843-169baaf15ed9,Germany,android,Italian,35-44,2025-09-15
cfc5b262-0cc9-4646-85a4-6666349734e7,United States,ios,Italian,18-24,2025-09-17
a2a1b664-7846-48a0-bf91-0e3c1325969c,France,android,Spanish,25-34,2025-09-07
e202fe81-4214-4088-91e7-0a503da5cca2,Germany,ios,Portuguese,35-44,2025-09-06
dbae1a52-127b-4eab-928d-a0636df5238a,India,ios,Chinese,<18,2025-10-13
5feb001c-9ba8-4f77-a9f1-a1ca66192604,United States,android,Portuguese,45+,2025-11-29
6c6ac084-be51-48dc-a8c9-16bdab3b257c,France,web,Hindi,<18,2025-10-14
5562a705-d2e8-4fb7-9e43-ff458a5b630c,India,ios,Japanese,35-44,2025-08-12
9a36a542-f002-4207-9cb2-9b37217c4c55,India,web,French,25-34,2025-08-13
4d5103d3-a1d6-435b-bf83-ba380bad4a81,India,android,Spanish,35-44,2025-10-22
6f39ad5a-f185-40f8-8a63-5ddce299454e,Spain,ios,Portuguese,25-34,2025-09-06
55100e09-08d5-4ea3-81ff-33a846d07225,Mexico,web,Korean,18-24,2025-11-03
a50d9479-36ef-4ce0-b8cf-bdd69e3db767,Mexico,ios,Russian,45+,2025-11-27
4a79e324-75a8-4ef2-bc32-047fef0a8b2b,United States,android,Italian,<18,2025-08-30
a500843d-c7b2-4a46-9392-1f685a2be423,India,ios,French,25-34,2025-10-04
7d739ac2-8065-48e5-9bce-3b8f472c8707,Philippines,android,Spanish,<18,2025-08-08
6c0eda49-539e-4a9e-9806-9acad5249d71,Indonesia,web,German,18-24,2025-10-30
021566b6-383e-4eec-a933-f143892c0960,France,ios,Japanese,35-44,2025-08-11
6e2319f5-a6d6-47ea-be32-e02c66bd96fa,Mexico,web,Hindi,25-34,2025-10-17
d9d25db4-1cff-4e33-a657-bbde6ea7817e,Germany,android,Korean,45+,2025-12-01
c1081920-b536-483d-a8b9-1f2fca21d356,United States,android,Chinese,25-34,2025-10-21
e9d175f2-9158-4b4a-9b36-19a371809d31,France,web,Korean,35-44,2025-08-21
93e9dbe5-61df-489e-b88b-077c1ee04773,United States,web,Hindi,35-44,2025-08-24
2c1be112-ad33-4f5e-935e-72bab9000eaa,Philippines,android,Russian,45+,2025-10-26
b5cc6a04-9e31-49e0-9b09-4e773943e826,Spain,web,Chinese,45+,2025-10-25
443a0dbc-c306-4c35-93a5-ba96b922907a,Spain,android,Chinese,18-24,2025-10-29
cf10bed5-c4c8-4bba-a8ec-d3b2a56e0cc8,India,web,Spanish,<18,2025-08-18
777632b8-7072-45ac-b9d6-951296d0dbcf,Spain,android,Korean,25-34,2025-10-02
f5a8edc3-ebec-49be-9603-267993fa15f3,United States,android,French,18-24,2025-08-16
d72c26aa-2c20-4d83-a976-130bf1ee2ae8,Germany,ios,Hindi,<18,2025-09-05
b46ec793-897c-402c-947c-3f9e4c21b998,India,android,Russian,18-24,2025-09-07
9e444c21-7380-41bb-abc5-f41a3dc7323b,UK,android,Russian,45+,2025-11-21
7cfc2872-3ef1-4d94-9781-4b6af71930fd,France,ios,Italian,45+,2025-08-14
0bec1716-4eac-4cce-8b09-af9aebf7c2b4,Philippines,ios,Japanese,35-44,2025-11-04
657aec7b-81e9-451d-92de-9c8f788f83df,India,web,Spanish,25-34,2025-11-16
a2422493-944f-4607-aa55-8f2d06e6368e,United States,web,Spanish,25-34,2025-10-26
f6109799-4367-4a46-9c30-43240e5c95e5,France,android,German,25-34,2025-08-30
ee72bd00-2a50-4459-a9c3-4c5f8f7f36d4,Germany,web,Spanish,18-24,2025-10-08
a03f98a0-bb5f-4010-b3fb-cc3400e2de7f,Brazil,web,Chinese,18-24,2025-08-26
892a9b0b-0bfc-4eea-91f6-2c35286c47b2,Philippines,android,German,25-34,2025-08-20
de387436-9365-4798-ab47-902ae1ed262b,United States,ios,Russian,35-44,2025-10-23
f0fdb11f-6bd9-4851-9dec-1b41602269f6,Philippines,ios,French,<18,2025-10-30
9d3cf4ad-caf6-43b9-8395-fec2dc4c59e2,Mexico,android,Portuguese,18-24,2025-09-01
fa35230e-7456-4f15-bf97-d3c6b361290b,Brazil,android,Japanese,25-34,2025-10-11
7cd47e80-04a9-4b3a-8093-9fcd51e42b88,France,android,Japanese,45+,2025-09-17
4dc5ebd3-6e0b-4713-a8cd-a3a80a45da1f,Spain,android,French,18-24,2025-09-12
be663194-01e0-4c0c-a1cd-f1147652c194,United States,android,French,<18,2025-11-22
567c6b69-1e1f-4db1-90a0-04dcc57131a3,Philippines,android,Portuguese,18-24,2025-11-09
66d28215-004c-4432-8e1c-42f56b56dcd6,France,web,Italian,<18,2025-10-08
32ba81a1-6a15-4db8-81e6-38908a7f216c,Spain,web,Korean,<18,2025-11-06
dae1c8aa-90f1-4351-943e-010a30ddd270,Germany,web,Japanese,18-24,2025-08-09
97c3d496-5a81-4513-acff-58f26f02fa98,Germany,ios,Italian,<18,2025-08-20
3d0d43cf-fe5e-4d92-9b2e-8a2b2b4f31d4,Philippines,android,Spanish,18-24,2025-10-12
d087b55e-437c-4b43-9b2c-a18a6302d987,India,android,French,18-24,2025-08-31
2f46da1c-23ec-4a8b-b387-35caca7362f0,Mexico,web,German,35-44,2025-10-02
65a2b4ee-feff-4a23-a0eb-9716ce598128,India,ios,Italian,45+,2025-08-28
4e12ae53-3c08-4931-978a-9a179e92272f,Mexico,web,Italian,<18,2025-09-28
997f5188-f402-4068-adb5-2222330c352c,United States,android,Japanese,18-24,2025-08-14
3c1ad3cd-21b3-4c39-82e0-4c91749cec2b,UK,android,Russian,<18,2025-10-17
625f094c-729d-4cae-a061-20a8b9d3bd5a,Philippines,web,German,18-24,2025-08-20
0803ffde-2cc1-4453-bb17-e5c997e19b95,Indonesia,web,Korean,18-24,2025-11-26
a4756349-a113-4d39-9124-de6d7710c5d2,Philippines,android,Spanish,18-24,2025-09-29
cc5db06e-08ee-4397-aca2-4d0296095941,Brazil,web,Portuguese,45+,2025-08-24
74a0bd99-af3e-4c0a-b4ca-8367ac729ad2,Spain,android,Hindi,<18,2025-11-13
dbce2f16-4a0f-402a-b094-117d2efac451,Brazil,web,Russian,45+,2025-11-25
4212b2dd-2402-4a8b-a124-e5cede2a7754,Germany,ios,Japanese,45+,2025-10-25
1e18936f-1b33-49ce-ac9c-901f8dc04187,Mexico,android,Russian,45+,2025-09-04
2856515f-68f9-4168-ad4a-7a0441a23bea,Spain,ios,German,45+,2025-09-30
ba43fdeb-d43d-4415-8b6c-f9d4b265e011,Germany,web,Chinese,35-44,2025-10-13
bc00999b-ca4b-45c7-ad12-6a3dc3b7c90b,Spain,ios,Korean,<18,2025-11-16
85c25c92-a7a6-40d1-9a20-37d6fcf3af3b,India,web,Spanish,<18,2025-08-26
a9f7ef30-f994-486b-b409-135aeb28e8e2,Germany,ios,Russian,18-24,2025-08-17
13177a44-0b90-4c7f-b5c0-99ba0cfad33a,India,ios,Korean,<18,2025-09-27
0001d616-0fd9-42a4-b087-1a10625e1671,India,ios,Hindi,45+,2025-08-13
3429cce3-8a80-4c1a-a265-bb83d2405d87,Spain,android,Spanish,25-34,2025-09-22
3aead537-101e-4adc-9fd2-114b540b3021,France,ios,Hindi,<18,2025-11-30
05a453ed-7913-4cae-abfc-216bdf962579,Brazil,web,Italian,25-34,2025-11-11
eb0dbcd2-d611-436e-a6c8-6b6c318e0d41,Germany,web,Russian,35-44,2025-11-09
d4031154-e92a-4f64-a0a3-ac252b9402c1,Indonesia,android,Hindi,18-24,2025-08-13
7b5b3483-3d98-40f5-bfa8-910ee8374ad1,France,android,Korean,18-24,2025-08-19
d4820284-96c9-498f-ac80-28a752c3f558,Brazil,web,Chinese,18-24,2025-11-08
718be9cd-d8b2-4b49-9141-b56746ee61b6,Germany,ios,Portuguese,35-44,2025-08-18
94ed0288-09bf-41c2-9968-41e69d9d3e7e,Mexico,web,French,45+,2025-11-26
c34f569e-2256-4bcc-ab18-9741f3b47c99,Brazil,android,Chinese,25-34,2025-11-02
ac5550dc-5949-4501-90cf-1df9d00b48bf,Indonesia,android,Japanese,<18,2025-11-29
dd101d93-41cc-44af-913c-08855931e396,Philippines,web,Chinese,45+,2025-10-06
20e90c08-2ae7-468c-94be-6d77e961dd55,United States,ios,Hindi,18-24,2025-11-27
32ac44d3-691f-4295-af7e-a17879221eaf,India,ios,Japanese,18-24,2025-08-08
be696392-9fda-4b5c-a047-d34ad6d00aa4,United States,android,Chinese,45+,2025-10-18
a774339d-08a6-43af-8f5f-71a77aa2e7ad,France,web,French,25-34,2025-09-04
bac88edc-e7b0-4454-a941-ab0e34236269,Philippines,web,Korean,45+,2025-11-08
9f95efa0-fa73-4d2a-b7e1-04165b39c885,India,android,Portuguese,35-44,2025-10-29
4d570c47-56d7-4d4c-9513-4abb7fb93043,Germany,web,Hindi,18-24,2025-10-17
e007ddb0-f56c-40bb-b2fc-2009b504d9cd,France,android,Russian,25-34,2025-08-20
596f9db3-20a5-4297-adee-b2ed912f9c30,Indonesia,ios,Spanish,<18,2025-10-05
6db3c906-f636-4eba-a548-aa017564d35c,Spain,ios,German,18-24,2025-09-30
f832f001-c4d5-4264-bf4b-ee954187787b,Germany,web,Russian,45+,2025-10-14
9502d738-dbc9-4dcf-ad65-231b8b9b64fd,Brazil,ios,Italian,25-34,2025-09-13
36a2716d-ebee-4399-ac1a-3bb1646835e5,Spain,ios,Hindi,18-24,2025-08-07
ce2ab725-c2d0-4920-b3a5-0b22e285b867,France,android,Spanish,<18,2025-11-18
f66e0864-14f6-4eba-90f4-f7a2c14e133a,Brazil,android,Korean,<18,2025-09-07
bf9dd96a-4257-4315-b3e6-0bf47b2a34e4,Indonesia,web,Italian,45+,2025-11-30
6b537bd3-c5f6-4934-a04b-0e6b95d10b9a,United States,android,German,35-44,2025-11-03
3e8fa4cb-c7cb-457b-8d0f-ea5e91f4cb46,Brazil,web,Hindi,45+,2025-10-17
4e0cfb70-2f68-4b51-aee4-87f1ef641db0,United States,web,Russian,25-34,2025-10-02
5f1c98a8-ae29-422e-b79e-4fbc778b5186,India,android,Chinese,45+,2025-09-18
2f4ac423-8f64-46e8-aed8-f0a658477b08,Mexico,ios,Russian,25-34,2025-10-07
37a9cd32-0648-4cdf-ab91-7e8a0a1b97f8,UK,ios,Russian,35-44,2025-11-11
261f2c5b-5630-4589-bed6-946d9b3987fe,Germany,ios,German,45+,2025-08-14
37408812-6b8c-4d73-8a6b-0ee32d6bfdb8,UK,ios,Hindi,<18,2025-10-04
72952ca5-0ab2-445a-ad27-9776f10afa91,India,web,Hindi,25-34,2025-09-19
562ff656-c220-4beb-b9ca-939703225054,Brazil,ios,Japanese,25-34,2025-09-24
fe7d1718-b3e3-4603-961a-a60edb3397ec,India,web,Russian,<18,2025-10-20
3eea068b-e263-46cd-8208-f50011a05e90,UK,android,Korean,45+,2025-10-20
8da6709c-806c-4150-a7ff-e3289d922e7f,UK,android,Spanish,35-44,2025-11-13
890d409b-39cc-4da9-8950-97b48f8f760b,Germany,web,Spanish,18-24,2025-08-18
c435e60a-c00a-4315-b882-f6901e865e96,Spain,ios,Italian,45+,2025-08-11
22f7fe85-d556-42fd-9a6e-4461edaf7a11,Philippines,web,German,45+,2025-10-31
b18cab4c-b735-477c-848d-c24353853fa3,India,ios,Russian,25-34,2025-08-30
7fa7b0c5-9b55-47b5-9eaf-99635ce27c96,Mexico,ios,Korean,25-34,2025-08-19
8bc85a26-925d-4d4d-81a0-af825ab18533,Philippines,web,Italian,35-44,2025-09-06
dd7f66e6-b701-4322-9c10-25c75a547759,India,web,Hindi,35-44,2025-11-22
a4508b29-d0f9-4d68-bbda-12670641b84c,Indonesia,ios,Spanish,35-44,2025-10-28
e490cc72-5cdd-48c6-b41b-5b17d8a7509c,France,web,French,<18,2025-11-30
8b9fee80-cec9-4a4e-9b73-6dee124e0911,France,ios,Japanese,18-24,2025-10-15
e483ac0f-e9b3-4d61-b43a-81f27f74eb87,UK,web,Korean,18-24,2025-11-27
abc82efd-e290-4a5f-8b13-332cdd0322bc,France,android,Italian,35-44,2025-11-13
88c0d1e0-b221-4020-b824-36da4a106d39,United States,ios,Italian,25-34,2025-08-16
7749e603-bd17-4ce0-ad7b-e653f085c228,Mexico,android,Korean,18-24,2025-09-21
229ac0d3-1e1d-404b-93fc-fcc7972bd3d4,France,web,Chinese,45+,2025-08-26
608a8cde-84ef-4a5c-8d3b-e712b3449bcb,Brazil,android,French,<18,2025-11-06
fa1dfc84-f213-4274-997f-468b084c0a80,United States,web,Hindi,25-34,2025-08-16
4f8ea457-c2a8-46e0-ae80-ee53fd084b29,Philippines,ios,Spanish,<18,2025-11-05
5041fba1-31e5-46f6-9591-ecfdc291b40b,United States,web,Russian,45+,2025-09-12
209f8ad8-9868-4ed2-9862-f0ae5a49db2d,India,web,Korean,18-24,2025-11-05
cbfad8d7-c579-46ed-abb4-0313c5e08794,UK,ios,German,<18,2025-09-08
25f5284c-0d69-49f8-af2f-cb12d78d93ca,Germany,web,French,<18,2025-11-07
2390f91e-e5bb-40e2-bc05-18b9f3c8a095,Germany,ios,Japanese,<18,2025-10-30
05ee04dc-f714-495b-aafb-f3625c5e3f71,Indonesia,web,Japanese,45+,2025-09-11
e0622db5-7c6b-48bb-bfad-17e583712ab2,Mexico,ios,German,25-34,2025-10-12
ca354a74-4278-4950-b2bd-070d7736cb4c,India,android,French,25-34,2025-09-29
8bebe6c4-5436-4f9c-810c-50ff1a0b9a34,Germany,web,Italian,45+,2025-12-01
b42f8086-a0ac-4886-b6df-a59b8a8d9206,UK,web,Japanese,<18,2025-08-15
bc73edba-c0a4-48b9-a341-0c7da44658b2,Philippines,web,Italian,<18,2025-08-26
638ed3a9-5011-4f18-be07-ad0340410218,Germany,ios,Chinese,35-44,2025-08-27
db1c603b-9247-4726-a32d-c48de35358c1,Brazil,web,French,18-24,2025-09-07
d47d0da5-97ee-43f1-913c-e340bd4eb29f,United States,ios,Korean,18-24,2025-12-02
9ac74a72-2155-4dbc-b6b7-4d0ba6b1e2ea,Germany,web,Russian,25-34,2025-10-04
3b83615c-b5a2-48d6-9375-0718fca0e0a5,India,android,Spanish,45+,2025-08-09
a65e448d-fadb-43fd-9d87-452b0c9e20c4,France,web,Chinese,<18,2025-11-17
117b57c7-0d6a-4aa9-99ec-6d85d838c9f6,France,android,Italian,18-24,2025-09-12
309cd405-f3bb-4ffc-8b6d-8e0d8a8a7081,Philippines,ios,French,45+,2025-11-11
94849c7a-cbe0-45d7-b0c1-4410b47ea950,France,android,Chinese,45+,2025-09-18
aa7c0f99-72ba-40a1-9fb3-6022711c03e5,Philippines,web,Italian,<18,2025-08-23
1761ca4a-b490-4b84-986c-2021d2c11ee9,India,web,Russian,45+,2025-12-02
7191cb32-6b0d-4d42-9b39-a1df735c98ec,Mexico,ios,Russian,18-24,2025-11-05
7961d635-afa9-40ba-811b-0e9c688e8c81,France,web,German,35-44,2025-11-01
cb33861c-35be-4833-87db-251eada04cdf,Indonesia,web,Hindi,18-24,2025-09-17
777858c4-d3ab-4daf-9fca-c7e8cc9e1db2,UK,ios,Japanese,35-44,2025-08-22
1cf6f4a1-d733-4edb-8543-bad3748ea997,United States,ios,Russian,45+,2025-08-05
1b531886-129c-475b-845e-6efdbe32512e,France,android,Portuguese,18-24,2025-10-25
27104dd8-3418-47f9-8fd7-251a89b1ef4c,Philippines,ios,Russian,<18,2025-09-03
9bd77837-a267-4630-85bb-b2d555ff776b,India,web,Chinese,45+,2025-09-04
9cb5965b-4d77-4f2a-9a33-d797444cbd49,France,ios,Spanish,<18,2025-09-12
460f0cbf-1834-44f2-877e-d5902146a7ab,Germany,web,French,35-44,2025-10-29
ff966edb-6493-4205-9fb6-3d833d3d6ec4,France,android,Chinese,25-34,2025-10-10
b0fe19a6-96cf-4170-80b8-3c5b402a2154,Philippines,ios,Hindi,25-34,2025-08-11
f0b3d604-f4c0-4b2c-b607-be84d76a43e1,Brazil,web,Russian,35-44,2025-10-16
4dad7a5e-a1d2-4674-b306-66c53b917726,Brazil,ios,Korean,25-34,2025-08-16
14511dfd-6f59-4d33-9be9-a3e85c2bd8e7,France,ios,French,45+,2025-10-20
ceeab6e7-3ebe-48b2-97b4-06f5c3ec9b53,United States,ios,Chinese,45+,2025-10-06
f78427d9-87ef-4d94-8ffe-3ea0750f0491,India,ios,Portuguese,18-24,2025-11-01
a999b36b-b4f4-41bd-a4a3-a44e8c520992,Indonesia,android,Spanish,45+,2025-11-06
66f3a8e7-7fd6-41be-bae5-feaecf3e8c3b,Indonesia,web,Japanese,25-34,2025-10-05
d053f5d8-24a6-48f8-a2b6-35e45f992731,France,ios,French,<18,2025-10-26
9426a3f1-6268-4a6e-b507-012d2bd9dacb,France,web,Hindi,18-24,2025-09-08
59b43748-1a5a-4a5c-9332-988645dac034,Brazil,android,Korean,<18,2025-09-28
68d173d2-fbd1-4fd8-84d9-492cf0f40820,Philippines,web,Portuguese,25-34,2025-08-20
0483a60f-6ee1-4da3-8084-d00ed97ed20c,United States,web,Japanese,<18,2025-09-15
3c3c189e-6465-41f2-aa41-1be76f3aa86b,France,android,Italian,25-34,2025-10-14
04c07d55-e932-4682-9fe4-b8c88e215ccc,Indonesia,ios,Spanish,45+,2025-09-20
736414af-16da-4e3b-a255-6198b06668ce,India,web,Japanese,18-24,2025-11-20
cfe99113-393e-4edc-a433-5ad33a3ed26e,Mexico,web,Russian,35-44,2025-12-03
043b879a-fd9b-4789-9d7c-657c5b0d843e,Germany,ios,German,25-34,2025-09-29
c653b030-e156-4daf-8453-6db96954a491,France,ios,Korean,45+,2025-09-10
624906c0-0972-4663-87ae-7fd5da4f11ae,Philippines,web,Portuguese,<18,2025-08-18
95564215-a0ce-4ec4-8548-e694584e9d2a,France,android,Japanese,45+,2025-08-18
e6078a9d-e8b8-4f75-a2b0-73670952f87f,Philippines,ios,German,<18,2025-10-17
2e3d76e5-024e-441b-b0b5-21bb1b90564a,United States,ios,Japanese,<18,2025-09-23
aab3c444-2a1e-4811-a63d-55c4614873a4,Mexico,android,Chinese,<18,2025-09-12
5d3d787b-2f2b-407b-82ff-60a2c4828611,UK,web,Italian,<18,2025-09-18
4012675b-34d4-4b27-af15-143df5fffc9b,India,ios,Spanish,18-24,2025-09-17
e6222936-60bf-49fe-a056-549d72ebf51e,India,web,Italian,<18,2025-10-28
e4c944aa-5a12-4580-8548-e1044dea0c2b,Philippines,web,Chinese,18-24,2025-10-26
d2b810f5-3bac-4c17-92cc-aa3a660d257c,Brazil,web,Japanese,35-44,2025-09-07
dabe6342-b071-4fb0-b953-7dfca79d65a6,Philippines,android,French,18-24,2025-11-20
1aab889e-89df-49a2-bd67-f7bdf1e2e31e,Brazil,web,German,<18,2025-10-03
a37a2cd1-9853-4a23-bbd5-afad59a7247a,Spain,web,Korean,35-44,2025-11-25
01df785e-5df7-4173-ac25-80b11b8c9148,Indonesia,ios,Hindi,45+,2025-10-21
530db3c4-261a-4cd6-b582-1f7d4167946f,India,ios,German,18-24,2025-10-29
3a734b2d-8024-4a15-a001-7fa451036b00,United States,android,Italian,45+,2025-09-13
cc8303c4-a29f-4dc7-a7cd-a03392ec3eae,Philippines,android,German,35-44,2025-10-23
e8780c48-dfa5-4850-a523-7a0ec9462373,United States,ios,Russian,18-24,2025-08-15
1a40e74e-5d67-4394-9efc-8ab8864a2e1c,Mexico,ios,Japanese,<18,2025-10-29
68e66c68-a9dd-4fa3-b478-0edd8ed8e062,United States,android,Chinese,18-24,2025-10-31
979fd1a0-91d9-45c0-8039-6abefdcecd72,France,web,German,<18,2025-09-11
e2a739c0-765b-4eb7-83fd-d8d8b4b9b52b,Indonesia,android,German,25-34,2025-09-03
694513a9-eb48-48a7-976f-e3cbfbb4b981,France,web,Chinese,18-24,2025-08-11
8e5e4391-c5fb-4081-8ab5-dcb9f67169f2,Germany,ios,Russian,18-24,2025-09-11
f1aa8761-8c9e-4c98-b10e-6bcd60ce3767,Philippines,ios,Russian,45+,2025-10-26
c075cc7c-b95c-4987-8ca2-49d271ae3f8a,India,ios,Hindi,45+,2025-11-09
592f99d6-9e30-4986-9573-a1937e8ddb06,Philippines,web,Hindi,35-44,2025-11-14
4ff7daa7-29b2-4557-a699-01fd75e6061a,Indonesia,android,Russian,<18,2025-09-28
602af32a-0963-437e-9063-1c6b6f5cc00c,UK,web,French,45+,2025-08-28
454a82db-6ec4-4174-b845-005b64e51eaa,UK,android,Hindi,35-44,2025-11-03
7b9515d9-16a5-42ea-9134-13b50fe32b1c,Germany,android,Russian,<18,2025-08-10
1d5000ec-5b40-47c4-a3ef-e1c6514f7439,Indonesia,android,Russian,<18,2025-11-26
7b44bd54-3ab6-41e5-8a28-ecb7c20dc66b,Spain,ios,German,<18,2025-08-22
7e3f68ab-2a5c-43d2-b824-4695c1caf748,Spain,android,Hindi,25-34,2025-08-16
92d2299d-324e-47e8-8754-2bbc859e1620,Spain,ios,Japanese,<18,2025-08-23
7b5b5d2a-c1e3-40a8-84b9-c32f9e108080,India,android,Chinese,35-44,2025-08-22
479cb2a8-f590-4502-9c73-b1dbb070202e,India,android,Chinese,<18,2025-09-18
6457337b-6d74-46a7-a52f-41d3306077d6,Spain,ios,Portuguese,<18,2025-10-13
2f4b2e93-de76-44f7-a91e-ab39bc4d9f3f,UK,ios,German,35-44,2025-09-10
a4cdf556-b6a9-40b8-8c3b-7b6428ef41aa,Indonesia,web,Portuguese,18-24,2025-10-24
a4d61340-6b6e-4990-999e-bc208981a93b,United States,android,Portuguese,<18,2025-09-07
b3e2ead0-31a7-4fe1-8fa0-041a27425343,Indonesia,ios,German,35-44,2025-11-16
183bead5-0fac-42ca-a91f-45da3839b1c5,Spain,web,Japanese,45+,2025-09-02
56a41006-e20d-4baf-bba2-f161499fe314,Indonesia,web,French,35-44,2025-11-30
6d63e17c-f46c-40d9-a1b6-451b1426b4ad,Mexico,ios,Spanish,25-34,2025-09-11
788083ee-463f-485e-bb13-9211fb3c389a,India,android,French,45+,2025-10-01
de900a40-50af-476a-a41d-fbaf8650392e,India,web,Hindi,18-24,2025-10-27
5433d3e6-f9a1-4255-945e-65699b1d3f72,UK,android,Russian,18-24,2025-10-31
0c33aefc-b563-401a-9ba8-32b34a55cb4a,United States,android,Italian,35-44,2025-08-09
5e70940f-9fac-4b50-a612-61362b0ddfd8,Spain,web,Korean,35-44,2025-10-11
85a23365-b06a-4919-81d1-034c3d349b77,Philippines,ios,German,<18,2025-10-13
5cdb793d-1f15-4ac4-aeef-d5a49e1e70b0,UK,android,French,<18,2025-10-15
803a1ff0-12de-4dfa-8010-7faaf5176dfb,UK,ios,Japanese,25-34,2025-08-31
a0eac32b-207d-4102-afda-a797b55f8281,United States,web,French,<18,2025-11-29
fda4494c-386e-43c2-8565-d8ce26d3cc16,France,android,Hindi,35-44,2025-09-20
1e07c2db-33b8-403a-b056-8bc24cf02757,Spain,ios,Russian,35-44,2025-09-04
3b5c977c-9bb3-490c-9bf4-193205a59adf,Philippines,ios,Portuguese,<18,2025-09-21
07537f9b-b3ba-42c8-8a5d-eba91e38d2a0,India,android,Chinese,25-34,2025-08-21
865e3f6f-c33a-4ab4-b6ae-56f7bcf8b9cd,United States,ios,Italian,35-44,2025-11-09
1fe8570d-cf06-4015-bd21-eceb94bd4d5c,Philippines,ios,French,25-34,2025-10-21
6117b43e-bcc7-4b70-9977-4b098841553c,Mexico,web,Japanese,35-44,2025-09-02
3b3d1a9c-ad28-4bc4-a696-1f3ed18ca3ef,UK,web,Spanish,25-34,2025-09-03
6633fe26-1bb0-421c-b29b-cc07c9e48da9,United States,ios,French,25-34,2025-11-05
afd23e29-dcc2-4384-befa-f9de15cec41d,India,ios,Japanese,25-34,2025-09-07
5fd655c2-fe14-48ed-8edb-527c0fcae131,Indonesia,android,Portuguese,<18,2025-09-26
e4983133-b6a0-4a5f-96b4-e07c4ce13d0e,India,web,Japanese,18-24,2025-09-13
16578d7c-976b-4106-9124-de7cc60e637f,Mexico,android,Japanese,25-34,2025-08-25
75f0617a-f0f8-4c75-8f76-11f9202eca66,United States,ios,Russian,25-34,2025-10-04
36b023dd-2ca5-4e75-aad4-36848b543c60,Mexico,android,Russian,35-44,2025-08-09
77a3b5d2-c96d-4dcc-9d19-bee663d7ba83,Spain,ios,French,18-24,2025-08-05
6aa17640-5743-47d5-9171-61f9b3896abd,Spain,web,Korean,35-44,2025-09-09
946613cd-7371-444a-a960-0a2fb1e91ab9,Indonesia,web,Russian,35-44,2025-10-19
6afdc012-affb-4ad2-b273-b74a6372a1f8,UK,ios,Chinese,25-34,2025-09-30
c2b23498-a232-4b26-badd-fe86efdf9ee7,France,web,Chinese,45+,2025-10-26
67e497b2-d5b7-4f79-9e38-ae603a4c3331,Brazil,ios,Italian,18-24,2025-08-17
a0ca3282-bd26-4439-8752-6e6e9f79c4bf,Philippines,android,German,35-44,2025-11-12
2f002638-3717-4bf2-ad82-ab790b8e7146,Mexico,ios,Portuguese,45+,2025-08-18
934749bf-ff52-42d6-921d-4c8a98e3792d,Philippines,android,Korean,45+,2025-09-10
b4eb3300-c2e0-4775-b7fa-972938db2921,Indonesia,ios,Chinese,35-44,2025-08-13
cb35d90e-18f2-4559-a87c-a491d58b385f,Philippines,web,Hindi,25-34,2025-09-23
fba31fd3-98ca-4519-9b52-dbf5cd7c85a2,Philippines,ios,Chinese,<18,2025-11-10
e7f43c4c-0b2a-4b4e-b1db-e2dfa2817c14,India,ios,Japanese,35-44,2025-10-27
d3cc54ea-c2a3-4741-8f3c-ac5be894974c,United States,ios,Portuguese,25-34,2025-11-21
c61a5bbe-d8a6-45ad-b9a7-35bf08080770,UK,web,Italian,18-24,2025-10-04
ea7f6ee2-7cc9-48dd-9bf6-36c45ea2c180,Brazil,ios,French,25-34,2025-11-17
6e1c812c-de65-42af-9fe3-d86d94f22d46,United States,web,Chinese,45+,2025-08-31
1056832b-4e79-4f57-a57e-68d83262fd18,India,ios,German,18-24,2025-10-31
78bb95fb-71be-4469-b81f-ac84239cfcd1,Philippines,android,Italian,18-24,2025-09-02
2eb77cc8-f1ef-4a28-8b8c-3527c757c69d,Brazil,ios,Chinese,<18,2025-08-22
1144ea92-2ba1-499c-880e-c7976472b7ab,India,android,Korean,<18,2025-09-23
73f05d8e-e00e-4e90-b22a-c64e4bf16cf7,India,web,Korean,35-44,2025-08-28
0b3752af-abf1-44ab-9a37-92fda3b70afe,India,web,Italian,25-34,2025-08-09
80273a89-0fe3-45ab-be3d-d6f2d01f9781,Spain,ios,French,35-44,2025-11-10
b82cad34-2246-404e-9f2a-8912e5e082ff,Brazil,web,Hindi,<18,2025-09-07
7800272c-7248-4ae0-b4f6-5f79f054a638,India,ios,Hindi,45+,2025-08-10
33c1e6ec-e50c-430d-8114-c0dc663fda22,France,web,Chinese,<18,2025-10-22
62fd2405-4d6b-40ba-bde8-58b7688d81cc,Philippines,android,Chinese,25-34,2025-09-11
c0efe468-c571-4df3-9de7-cc7e5f7f6d7f,Brazil,web,Italian,45+,2025-11-22
a6ba80fc-16ed-4407-8058-76d6a656476a,Spain,android,Spanish,35-44,2025-11-05
a17d6483-ed96-4478-b640-87e73aa2ffba,Mexico,ios,Japanese,35-44,2025-10-19
5e63ebe1-521c-4b41-a6dc-2a244184940a,Mexico,ios,Japanese,<18,2025-11-05
24c0e622-b557-48f7-afe8-dc65dbe98d07,UK,ios,German,<18,2025-08-30
b57b000e-8af0-4448-a17c-cd2d6691c5df,Germany,android,Chinese,35-44,2025-08-14
f12988b2-fbeb-4889-a44c-599b2972b86a,France,ios,German,35-44,2025-10-25
b74805e3-24ef-4ff5-945b-b9363ae166a4,Mexico,ios,Italian,18-24,2025-10-11
8362c03b-73fb-4fd8-aef0-3761ba5c0b58,Spain,android,French,25-34,2025-08-25
6a0e9820-a728-4205-9343-1fc338c3eba3,Germany,web,Portuguese,18-24,2025-08-12
42de2226-4e30-4721-999f-a277168105d8,India,ios,Portuguese,18-24,2025-10-22
e37ea2d6-c48c-4a94-9ad5-ecac1543203e,India,web,Chinese,35-44,2025-10-17
635e431f-7ce2-48e8-ab0b-b08bc6ff82e0,Indonesia,web,Chinese,25-34,2025-10-31
4aaa369e-6e85-4ce6-baff-c911dd03ff3a,Philippines,ios,Spanish,35-44,2025-09-20
b3c0fe08-6563-4286-87a9-c7908215c95d,Germany,ios,Italian,18-24,2025-10-27
e16ab870-dfee-472a-873c-031843f3da80,Philippines,android,French,18-24,2025-10-05
4fbfd012-2f2c-40f1-a0a9-406956647bd2,Spain,android,Russian,35-44,2025-08-17
040dedf3-86ea-4352-99bb-579ba7bf92d5,France,ios,Italian,<18,2025-11-18
89c06f2c-a6e9-42a1-8bc6-954d38c3b9d1,Germany,web,Russian,<18,2025-10-04
be513601-3214-492d-8828-b07d4967670c,Mexico,android,Korean,35-44,2025-11-27
80c39fa9-ad60-4dcc-9a9d-e14a1d0095d5,France,android,Japanese,45+,2025-08-15
59b8afc4-7e02-4161-a189-e3bc10a1589e,Indonesia,ios,Chinese,45+,2025-09-13
2da1e0b6-97ef-477a-a716-c777fb8e76ed,Philippines,ios,Spanish,<18,2025-09-20
c1764651-60ad-4132-8dfa-97dc86b641fe,Philippines,ios,Chinese,25-34,2025-09-20
f08c2ad5-0a04-43df-a9d7-b05aafd916c5,France,ios,Portuguese,18-24,2025-08-05
f5241325-f181-4822-9615-8bc49b3217d4,India,android,Chinese,25-34,2025-09-15
15d66220-c9bb-4a80-a51c-ff6b8d657642,Philippines,android,Portuguese,<18,2025-11-24
410edf78-0d89-4eac-8c44-55804db29d54,Indonesia,android,German,35-44,2025-10-04
28254ec1-c433-4aca-b24a-04bfa05277a9,Mexico,web,Chinese,45+,2025-08-12
2630d433-2d2e-4554-a85a-80396392879c,Brazil,android,Italian,<18,2025-11-09
071a3a0c-4834-47d1-b7b1-94d37dc083c0,Mexico,android,Russian,25-34,2025-09-30
b2431a67-08a1-47a0-81de-643ec851f2f2,Mexico,ios,Italian,25-34,2025-11-18
8035d90a-cabb-4ab4-adef-ba29cad58e67,Philippines,android,Hindi,<18,2025-08-14
5973509d-1ca5-43d8-b1ae-7bc6ac5f127a,United States,android,Portuguese,18-24,2025-09-07
aca66fc4-fd0b-4893-a0c3-a4bbe5e41fab,India,android,Korean,25-34,2025-10-16
2840b791-0e39-4b0d-b765-1c834a3826ca,Philippines,ios,Hindi,18-24,2025-09-27
0583aa69-c37d-4374-8537-6832c0a30b4f,India,android,German,18-24,2025-10-26
797132d4-2f43-483b-8555-d21b3fbd8966,Spain,android,Italian,35-44,2025-10-12
249cde4f-13c6-439a-9efd-a522f7c921bf,United States,web,Korean,<18,2025-11-27
9aaaa949-e806-420b-92c6-a29c21bb0ea3,Philippines,web,Russian,<18,2025-08-14
c208083e-ea02-469a-87ae-9fe1d27fcb8f,UK,web,French,18-24,2025-08-16
71293ced-6695-40e2-9f47-2a1664becb47,Mexico,web,Spanish,35-44,2025-11-14
8547b96a-00b8-407f-8c6f-fbfbc936074e,Spain,ios,Chinese,25-34,2025-11-16
663de241-6f90-4c19-9069-42251f1e0b04,United States,web,Chinese,25-34,2025-11-08
6bd04549-3fe0-464b-8e80-bccc5daf1f0e,Philippines,android,French,<18,2025-10-21
81f435ac-3abe-49eb-a871-e71c4bd693cd,Indonesia,web,Chinese,18-24,2025-10-12
a6b669c0-9c35-4d54-842b-6b055543e42a,France,ios,Italian,35-44,2025-09-22
ec48d341-e361-41e3-ad0f-f00253bdbeff,France,web,French,35-44,2025-08-11
5ac0b259-3810-4f8b-b8eb-6bc0a40a9036,India,web,Hindi,25-34,2025-08-09
42583216-54fc-4c58-93ec-d401c59354bb,United States,ios,Hindi,25-34,2025-10-06
fab922d3-8e2f-4de6-aeda-ac6ddc918d00,Mexico,ios,German,45+,2025-11-15
dc9532b0-e46c-4141-a90a-81829a4dcabb,Mexico,ios,Spanish,45+,2025-10-24
ed19f310-5ce4-4f88-b497-7ec85200e4fd,Brazil,ios,Japanese,18-24,2025-08-15
0952be70-5462-4244-8430-61c08bafdb3b,France,ios,French,45+,2025-09-03
df7a935d-a6a7-414f-9d5a-35ee2326c908,Spain,ios,Japanese,35-44,2025-11-10
3072573a-8612-416b-a718-e5a6065ca22f,United States,android,Chinese,45+,2025-08-26
fe8654f2-89c9-467a-bc66-ac4bd77c8f3f,Mexico,web,French,<18,2025-11-23
57281f8e-d49f-4a37-84ef-607c19038318,Brazil,web,Spanish,<18,2025-10-02
9af52ab9-4800-4c1c-8cd6-50141dcde910,United States,ios,German,25-34,2025-10-22
3ef49668-a8d6-4a77-bfc1-d5c3c322753c,Germany,ios,Russian,25-34,2025-09-14
11bbe828-d1d9-4eec-b0e9-e3ab283a8d04,Mexico,android,Hindi,18-24,2025-11-11
5628ace8-14ac-41bc-a7a4-6311d40e46a5,Germany,android,Portuguese,<18,2025-10-24
f25344f7-96df-4b08-86e8-2e29419703d7,United States,ios,Portuguese,18-24,2025-09-13
da8b86b6-886a-4fdd-a4d9-084d10940dfd,Mexico,android,Hindi,18-24,2025-11-26
1c2d64de-9a5f-4bd6-b47f-a16f4325ab02,Germany,android,Chinese,45+,2025-12-03
b26c861b-ec45-4dcb-b7e0-878864bf6832,UK,ios,German,25-34,2025-10-07
fd4422b7-105d-42e3-9d0d-7d1dd47e74c7,Brazil,ios,German,18-24,2025-10-29
e7ad8c96-2893-4488-a49c-74ab882a9b72,Spain,ios,Russian,18-24,2025-11-07
679f2d12-7cfb-4fbf-98e7-ffae826f9bd4,France,ios,Chinese,25-34,2025-08-28
f118c59f-de31-4214-aa49-341c182666dc,Brazil,web,Hindi,25-34,2025-08-26
d50bd081-5167-4d22-a4b5-322a67781ac3,Germany,web,Russian,<18,2025-11-12
a81d1bab-6da0-45a5-aaea-fa09181bbca4,Mexico,ios,Italian,25-34,2025-09-21
66529508-fd3d-4b88-b273-fc5c7e30bbbb,UK,android,Japanese,45+,2025-08-28
ed4835a9-b50e-46f7-83e3-14ab96f61d44,UK,ios,Portuguese,<18,2025-11-13
e95608ac-b2dd-408d-9f78-95ba6f99bb98,France,web,Korean,18-24,2025-10-02
5e5cb34a-54e8-41b8-9a3b-81615ad97ab8,UK,android,Portuguese,45+,2025-08-25
e0853309-9f1d-4777-bfcc-f4d7082b10dc,Brazil,web,Chinese,45+,2025-08-28
ba9567b0-48dc-400c-a60f-b300bfeefdb5,Philippines,ios,Spanish,<18,2025-08-26
81dac19f-6b90-4b17-81a1-be58856301f8,UK,web,Portuguese,18-24,2025-11-22
c015bc34-e83e-4b1d-a4f2-2393b6a32864,France,web,French,<18,2025-11-17
6e3ae265-d81e-4a67-a187-6de7320a1d6d,UK,web,German,35-44,2025-09-16
ffc1249f-eff9-43a0-8d28-fa1082592e3f,UK,android,Portuguese,35-44,2025-10-09
b7a1c5ad-4f4e-4661-b4b7-0c7360f14ead,Indonesia,web,French,<18,2025-09-13
09e0a4bc-fc5f-49d2-880c-754abb4858d1,Brazil,android,Japanese,18-24,2025-10-10
f8adcd73-36aa-47b3-a122-bdcb1b02f1df,Germany,ios,Portuguese,18-24,2025-10-13
1ba05159-e4d2-4d88-984d-e91b2bc94360,India,ios,Italian,25-34,2025-10-10
4436a54a-1b69-4637-808e-f18f7fe82628,Philippines,web,Portuguese,45+,2025-10-03
2d9ad563-5898-4c0c-9379-d147c664eae5,UK,android,Portuguese,<18,2025-10-15
b2afbba0-67b6-4297-9ed6-dbb3dfbc3ec9,Spain,ios,Chinese,45+,2025-12-03
e977898a-f456-47d3-a54a-9e7abc58e22f,UK,android,Korean,45+,2025-11-29
ba405e60-5959-4691-8518-acee3e8ccd6a,Indonesia,android,Italian,35-44,2025-09-26
da9d5ee7-ca88-4d98-be2d-327a4c342023,Germany,web,Portuguese,35-44,2025-11-08
5950b2cb-2a23-48fb-a642-59bf7068e86b,Spain,web,Portuguese,<18,2025-09-01
259a6398-d5fe-4ead-84dd-a2c5eeed5599,Philippines,android,Portuguese,<18,2025-10-17
16ef9d04-4050-4ad5-9db5-f9dee7f6d6eb,Spain,android,French,18-24,2025-12-02
36028bea-ecaa-42f8-9138-9bb165841efd,Brazil,web,Japanese,<18,2025-08-11
d61e39a6-c8af-4b98-8109-b5e8e9a07561,France,android,Spanish,18-24,2025-10-23
e976b0f1-e1c1-47ae-bca3-4f868bf8d880,France,web,Spanish,18-24,2025-08-29
028782ba-1a7a-4c04-a7de-2dad3435577a,Philippines,android,Spanish,<18,2025-08-19
81164220-d884-4e8b-b45f-fbd96d2a0d60,Germany,web,Hindi,18-24,2025-09-27
74b84e06-ef0c-4fee-993a-c2322dff435c,France,android,Spanish,45+,2025-11-09
74f6645d-d8e3-42e0-9a3c-0bde1d8ba331,United States,web,Portuguese,18-24,2025-12-01
7655e8df-ae3d-48d2-a277-7c912cccf865,Indonesia,android,French,45+,2025-09-08
da63e7ed-8914-41ea-9275-d7040995d63b,Philippines,ios,Portuguese,45+,2025-12-03
5dc1c39a-24cf-43b5-9904-ae492a874cf6,Philippines,ios,Portuguese,45+,2025-09-14
0df5ad4b-0347-4b7e-b56e-f57d78216d8d,India,android,German,25-34,2025-09-01
9f6294f2-0046-44f2-b0b3-4e607e2f7d50,India,ios,Chinese,25-34,2025-11-02
fa97f985-bf62-4f63-a88e-7545ed245174,Brazil,android,Japanese,18-24,2025-11-05
a4ba4ebf-3f80-492b-957d-5f7405b6128b,Brazil,android,Hindi,<18,2025-09-06
9f75e95d-0965-4472-8172-4a5f9d09d759,India,ios,Japanese,18-24,2025-08-13
fbd122a2-d063-421d-9531-3cd4df6e931a,France,android,Spanish,25-34,2025-10-20
da5315db-df15-402c-a0dd-b10b9126fce6,Mexico,web,Portuguese,35-44,2025-10-25
c3b074c1-f499-4764-9a5a-4d3008fb1d67,Philippines,android,Italian,35-44,2025-11-17
dc1d8ed5-b20a-4010-b6f4-c8e18e7210f6,United States,android,Korean,18-24,2025-11-20
547c1669-4e37-481e-b24d-8d03c0e0979f,Philippines,ios,Korean,25-34,2025-10-15
b106feab-5d32-41ab-ac85-f91e67952413,UK,web,Chinese,45+,2025-09-30
41ec0873-6814-4001-ad63-bba12d4fac9b,Germany,android,Hindi,25-34,2025-09-19
2d55d331-4cd5-4e65-bcc8-0428bf7a154a,Indonesia,android,French,18-24,2025-10-25
c84142c9-0e73-4399-8cfc-36a4ea8e18c0,Mexico,android,Chinese,25-34,2025-11-12
16685473-3fa6-44ea-863e-32aca51ec23f,United States,android,German,35-44,2025-11-25
36a7c580-e10a-4248-984b-cb9e3fc77f0c,UK,android,Portuguese,45+,2025-08-20
e0388682-ab9f-4d6f-a265-0bcfdaa86f3a,Brazil,android,Russian,18-24,2025-11-28
4c6b473b-173a-4a48-972f-95f755b15a7b,United States,web,Hindi,18-24,2025-10-26
952d2c5a-e19b-49ca-bfdf-87abadb86f70,India,web,Portuguese,<18,2025-10-27
87f0221a-e859-45ce-a6d6-6128d3b8bc95,Philippines,android,Italian,45+,2025-10-06
a2490684-7394-4d92-bd5a-518f9545c3b7,United States,android,Japanese,18-24,2025-09-01
947af9a0-e388-4e61-ac9e-05a8278fc37f,Germany,ios,French,25-34,2025-09-28
b954c37e-d400-4b44-9421-74a94fe7a82d,Spain,web,Korean,25-34,2025-09-18
ff890b9b-4cb8-469d-90a0-826b8330e805,Brazil,web,Hindi,25-34,2025-09-27
50b67475-e00b-48cd-a4fc-4b6791d6b671,Indonesia,android,Hindi,25-34,2025-10-21
e8969004-8eb8-49e9-8dcf-367eb6fe81f3,Indonesia,web,Japanese,18-24,2025-10-09
e1cf4628-e36f-4231-b7c5-50598e654f77,United States,web,Italian,35-44,2025-08-12
7e28300c-fd96-4dcf-a9f7-e145812ae211,Spain,ios,Portuguese,45+,2025-09-07
841620f2-ce37-48be-b73e-8e2b7b9cf95d,Philippines,ios,French,25-34,2025-11-16
e6e36a04-cd92-400f-8200-a55c152af0cd,UK,web,Japanese,18-24,2025-10-21
6bc2c735-818d-45c8-a725-1ba99d63d2ea,Mexico,web,Japanese,18-24,2025-08-10
47453569-294c-461f-b826-49c7719526dd,Philippines,web,Japanese,25-34,2025-10-02
681c2fee-4cc0-4ec7-988d-3d7bcba130db,UK,android,Hindi,<18,2025-10-19
311324ec-79b1-4555-b3d0-f5f5e8245cd5,Mexico,ios,Hindi,18-24,2025-08-29
03b64fed-689c-41c4-ad8a-23267e2eec53,Spain,android,Hindi,45+,2025-11-09
6ab0f0ee-e2f7-4c25-be87-5b18678a4467,Mexico,ios,Hindi,45+,2025-11-12
87578f66-9aad-455d-9881-f05d8d0f9b6f,Philippines,ios,French,<18,2025-08-09
10e6d087-c1be-49c4-bad5-2dcbe34e135d,Germany,ios,Italian,18-24,2025-08-08
c9001821-50cc-4b51-8455-d66aac5c33b8,United States,web,Russian,<18,2025-08-22
46e19b8d-5986-478e-b158-a4e5994c8cc6,UK,ios,French,18-24,2025-10-13
134b5859-123b-4e56-b14f-54e728bacea3,Germany,android,Italian,18-24,2025-12-01
b0735b07-9a1d-4e04-beb6-1339c0de4ed3,UK,ios,Portuguese,<18,2025-11-04
7e2f9adc-3e02-490c-9865-bc7b985744ae,United States,android,German,35-44,2025-11-05
d5ae78f0-b092-494e-a59b-40e110a76113,France,ios,Portuguese,25-34,2025-09-01
07da2522-d76e-4e24-ba63-91ed7051398d,Mexico,ios,Italian,25-34,2025-11-17
5259a5a2-cecf-4d71-b188-8789afebc019,Spain,web,Japanese,25-34,2025-11-06
274fbe60-9ace-452e-864e-1a052d71b1b4,France,android,Russian,<18,2025-09-01
296b9bd2-762b-4cb8-a3d7-1fc320ec4ed6,France,ios,Korean,18-24,2025-12-01
4cfc78ea-211c-4791-897b-412d88e1557c,Indonesia,ios,Chinese,18-24,2025-09-19
ca433d68-45de-44c1-88a9-b485766057f3,India,android,Hindi,45+,2025-09-30
2fff4b9e-7f87-4f92-b175-8b7549639ba2,Philippines,ios,Spanish,18-24,2025-11-12
90856454-343e-40b7-bffa-f1e6b5ad9afd,Germany,web,Korean,35-44,2025-11-18
781ebe65-3b67-48d1-9ef5-4b7b6095287f,Germany,android,Korean,25-34,2025-10-18
87a052bc-f331-495e-b82a-41601c36eb5f,Germany,web,Portuguese,35-44,2025-09-03
5e8e073c-26c3-42ab-a2fe-bb2cde4f6a6b,Germany,android,Hindi,25-34,2025-09-11
ce0fcc4d-bb4c-431d-9352-50ddd39c16f5,Philippines,android,German,<18,2025-08-24
b2f5447a-6dfb-49ef-b7bf-0d58f2437149,France,android,Italian,35-44,2025-11-29
88f35bf9-a81d-41f0-b2c9-d33bee356484,Philippines,ios,Hindi,18-24,2025-10-16
046a3508-f341-46c3-89e8-5d70d2b6f508,Germany,android,Spanish,25-34,2025-08-13
860c49eb-3489-4c23-b939-7c4da04401ea,India,android,Spanish,45+,2025-09-13
bd11d89e-0883-4256-ae76-4e3d389b24d9,Brazil,android,Italian,35-44,2025-11-01
8018b8a2-84a3-4a8e-a71e-1bb2df7cc805,United States,web,Korean,<18,2025-08-27
689492eb-3883-4e79-8cbe-c59aef26aeaa,Germany,android,Hindi,45+,2025-09-26
aad5bbb0-3030-4146-8754-fddc8cd7305c,Spain,ios,Spanish,<18,2025-09-15
93ff6e7b-c1c7-435a-ba3c-2e11fca12409,Brazil,android,Italian,25-34,2025-11-27
341ee194-2932-48f0-bcff-5e3c65bec490,Philippines,android,Chinese,35-44,2025-09-18
2de01402-3b9b-4c79-b940-f9ec2a29ed23,Spain,web,Chinese,<18,2025-11-27
0ed609da-5d6f-4d4e-8bbb-a044ac7eb60d,Spain,ios,French,45+,2025-09-10
bb45381d-b921-4186-9ccd-5a0a0cacd197,UK,ios,Hindi,45+,2025-11-20
18d7c060-fa0e-407c-93d2-4a7f066fc6b0,Spain,ios,Russian,18-24,2025-09-11
547ac0a4-edae-4c6b-b04e-8ac1e52de30d,Germany,android,Italian,<18,2025-08-18
690e0ea3-6333-41ed-9cbc-b2cb70d84b8c,UK,android,Korean,35-44,2025-12-01
78a34c67-37ec-42f3-afbf-aedfb24c95b6,Indonesia,ios,German,35-44,2025-11-27
2d698ab3-8fe0-445d-8ab3-d033facf5093,France,ios,Spanish,18-24,2025-09-06
311f6924-7f10-415d-bd0d-36801f8c72ce,Spain,web,Japanese,45+,2025-11-19
1e20f1cc-7767-403f-b85f-e4ec0f3991c6,India,ios,Hindi,<18,2025-10-11
9f9c2969-f8ff-40cf-b0b5-54f6840f0b5e,United States,android,Spanish,45+,2025-10-08
dd9bdf04-82f0-499e-9ab4-ebac79963225,Spain,android,French,<18,2025-10-16
c343be2e-e761-42d5-b883-21e80a81da82,Indonesia,android,Italian,<18,2025-11-18
f60e6b07-2eda-4844-bc5b-06c3afa343b8,Mexico,web,Korean,<18,2025-09-24
b6b82fe0-7abe-4216-909d-b4909e3f38aa,Philippines,ios,Spanish,45+,2025-11-01
112ad97e-fd6b-4a2b-96a4-65d0ac65c2cc,Philippines,android,Japanese,45+,2025-10-04
137b8bfc-de54-4740-96a7-b2cb5949a2eb,Indonesia,web,German,45+,2025-09-05
3b03e58a-b115-4d07-aaa7-d7883775a48e,Mexico,web,Italian,25-34,2025-11-14
39bf2eb0-01a1-487d-8773-a0b0cb1f9911,Philippines,android,Italian,45+,2025-11-07
01004430-221d-433e-abb3-47f8cef40c49,Philippines,web,Russian,18-24,2025-09-06
4405ecca-a7d1-4cc6-ac9b-52d3f494c49c,Philippines,web,French,25-34,2025-09-07
1fb560e1-6fa2-4d62-a58b-db13f0f07abd,Indonesia,android,Italian,<18,2025-09-14
1ace9bdf-86b7-4ee8-acfc-fcd8090f4dd1,France,web,Korean,35-44,2025-12-02
e8b28af1-179b-41a5-aded-de125b9260b2,United States,android,Italian,25-34,2025-10-26
9b14fa96-e82f-4a0e-95d5-71979d25a156,Indonesia,android,Russian,25-34,2025-10-11
c8e2498b-4930-4772-a7fd-0dd182a29675,Mexico,web,French,<18,2025-09-10
e71fafc5-75e0-4bff-88b4-26a1ea854e96,Spain,android,Hindi,45+,2025-11-21
4d511728-f988-40ac-a480-fc5864b219ad,France,android,Portuguese,45+,2025-09-10
cd7a8595-3c0a-4f27-851d-c72333f9097e,France,ios,Hindi,25-34,2025-09-28
d3051e17-d111-4807-9ff1-6a3b99641ac3,Spain,android,Chinese,45+,2025-10-30
a4d9419d-b095-43ac-9d9a-31a5cf524365,India,ios,Russian,25-34,2025-09-15
e6098cdf-411f-4d0d-88cc-f2334c68f7fb,UK,ios,Italian,35-44,2025-09-17
313f0c30-c4a5-4bb8-97cf-9868ee770890,United States,ios,French,35-44,2025-09-05
59886d09-0d63-4717-92bf-6fd9095403cf,United States,ios,Hindi,<18,2025-11-16
1a54cd1d-fd94-4235-84b1-9917b8d7b607,India,web,Hindi,18-24,2025-10-11
258c4ece-c0e2-4f4d-95d5-995a90a1a3d5,UK,web,Chinese,18-24,2025-08-19
c7c38d0a-c209-4754-a86c-28ed6240556a,United States,android,Hindi,45+,2025-08-10
586a996f-51d0-4f12-b334-987fb1c16131,Mexico,android,Russian,18-24,2025-11-20
28b77f05-d86d-48df-b0f1-6dc24858d055,Brazil,android,Hindi,35-44,2025-09-29
bde0ae07-af38-4126-aeee-17b249134c0b,Brazil,web,Korean,<18,2025-09-02
20a80c90-0d03-4100-b43a-a785c2cf819d,United States,ios,Chinese,35-44,2025-09-15
b2c77ed5-c274-4a03-b4bb-f352a2b56253,Germany,web,French,25-34,2025-11-18
11a60a04-2041-4fb0-8e0d-ba4bded6a6bb,United States,web,French,45+,2025-10-28
0a0b8e38-26c1-47f5-89d1-521dd266e2a9,Spain,android,Hindi,45+,2025-11-19
c06572d6-c25e-4298-8d34-fd499ab3ac4d,Spain,android,Russian,18-24,2025-08-25
4ba6be9b-0f7a-4568-885f-27162d1e4737,UK,android,Russian,25-34,2025-11-20
5eedb2d2-59b7-4b95-8d31-4282679b2eb0,Philippines,ios,German,18-24,2025-10-01
8bf5a28e-b101-4cce-aced-7a577c472a40,France,ios,Spanish,18-24,2025-11-08
810dbdd1-d554-48d9-ae94-e1234b51df1e,Mexico,web,Korean,18-24,2025-09-17
189a8d84-e262-4dc0-95af-cf77daf13309,India,ios,German,25-34,2025-11-08
d65e4bdc-22c7-4437-aa61-02bb9aa2f5d1,United States,android,Spanish,18-24,2025-08-26
2c2ea05f-bcc5-4c06-be4e-996f8f23c4a8,Philippines,ios,Portuguese,45+,2025-10-31
6b2e72c1-7f9a-4428-8856-35001e5e784c,Philippines,ios,Japanese,18-24,2025-08-19
dba12af6-e5ef-4d81-89cb-d01db77e1246,Mexico,ios,Spanish,25-34,2025-09-28
7e63b41d-4566-4b31-ac05-7a5f6802e930,India,ios,Japanese,25-34,2025-11-08
365f741f-9e31-4dfc-a8d2-65fb37ead5c3,Spain,android,Chinese,35-44,2025-10-19
554c41c8-77de-4422-aa11-36c3767b16d4,Indonesia,android,Hindi,18-24,2025-09-04
29dee2e2-f5fc-4f18-b7d9-7e0dcea55a7d,Mexico,web,Spanish,25-34,2025-10-12
7257bdee-5e80-43a8-8fde-5013eed974e7,Philippines,web,Russian,18-24,2025-10-27
8206464c-0626-4add-83b4-f43bd1329afc,Brazil,web,Korean,<18,2025-11-13
c2ea25e7-63e4-44e8-8688-5cbc61cabf58,United States,ios,Portuguese,45+,2025-11-28
a21650ca-e676-4168-8a9d-08e4deef612f,UK,ios,French,45+,2025-09-24
c97dfe5a-515f-4596-969d-4ef44c885f2a,Brazil,android,German,18-24,2025-10-01
b2210162-a2c3-4a48-b1b7-5084ba9887ae,Philippines,web,Hindi,45+,2025-08-09
828a1b01-6887-4e03-93ea-81fe68b9fb2b,France,android,German,45+,2025-11-07
7ce178f9-3d15-4dc5-94ff-3f5f3e011173,Germany,web,German,<18,2025-09-06
16d224ce-6447-4384-8609-6b2e1ab0728a,India,web,Italian,45+,2025-08-06
2cd1a876-2cda-443f-a29e-868a4bfcd346,Spain,web,German,45+,2025-10-03
77d6c7d9-e156-4386-b8b5-b13ead35949f,United States,ios,German,25-34,2025-10-22
65fd02fe-1583-46b8-96be-8509dcb09b5c,UK,web,Italian,45+,2025-11-03
220b3e9c-ee3c-4992-9182-5394ad7fbbfa,Indonesia,web,Italian,18-24,2025-12-03
2405445e-dfa9-4666-af27-8a4c53799701,Spain,ios,Korean,45+,2025-12-02
70ec169c-cd89-4a8c-ba9f-d557038777d7,United States,web,Spanish,18-24,2025-09-09
b4cc3775-9b3f-4481-af78-3f7df7bdf748,Indonesia,ios,Spanish,45+,2025-11-22
1443933d-7532-4cbe-b2ff-7ca014915796,UK,ios,Korean,18-24,2025-08-09
e785955f-4473-40ab-956a-c8650979999f,Philippines,android,Italian,45+,2025-11-19
1b5b774a-5bcb-4c78-b9df-3b7650d83c05,Germany,ios,Japanese,18-24,2025-08-19
dd3963a6-19e3-4e46-bab1-ac81be16571a,Brazil,ios,French,45+,2025-09-21
c223a48d-d7c7-4240-847f-5b8366a4142b,Brazil,ios,Korean,<18,2025-09-09
be9a0015-d273-4588-87ae-1f9dbec4bb57,Philippines,web,Portuguese,25-34,2025-10-01
9d17c96e-3194-4569-8be4-71ec186aa104,Spain,android,Korean,25-34,2025-11-14
a4784761-ac95-4f1c-bbb9-521ea5b4ad6a,Philippines,web,Italian,25-34,2025-11-22
90821379-3f90-4bdf-80b1-0767773bbcbf,Philippines,ios,Japanese,25-34,2025-08-26
70ab776c-dcfe-4894-a707-f3e0348af7c9,United States,ios,Hindi,<18,2025-09-29
e8086783-dd98-46e8-bc59-84968dea001b,United States,android,Italian,<18,2025-11-24
09a431d4-735f-4da5-87d8-230869b66cc5,UK,android,Chinese,45+,2025-09-02
ce898764-9fa9-455c-b429-43ee4151f057,Germany,ios,Chinese,<18,2025-09-02
6bf1e937-bf08-4cd6-9c7c-a3149c1fb5a9,United States,ios,French,25-34,2025-11-21
c0e7f642-4959-495b-ab2e-4bc74d9a2920,UK,web,Italian,35-44,2025-08-10
b73785e0-9be7-4e28-898f-47ec2d85a10b,France,ios,Russian,45+,2025-11-01
2ece4753-cb23-45bd-8924-c55f46336bbf,Philippines,web,Chinese,18-24,2025-09-12
be66c832-1da2-448c-a136-279c82e880f4,Philippines,android,German,25-34,2025-11-04
11f57f33-004d-40eb-8514-41bd2783d82c,Spain,web,Hindi,25-34,2025-10-06
36d48e85-5f31-4dad-9fa5-c07940e096be,France,ios,German,25-34,2025-10-27
06c26f2a-1362-4a28-a3aa-d0e1385b47d4,Spain,web,Portuguese,<18,2025-10-31
cee84b2f-fb13-4d31-b8d4-147944b6ccf3,Indonesia,web,French,18-24,2025-10-05
c4b1bdf2-822a-43c8-9a0c-339bc1e951c5,UK,android,Portuguese,45+,2025-11-27
76d73602-9f8e-4dc4-9481-90f330ef2d4f,UK,web,Portuguese,25-34,2025-11-21
a54f9e61-8e30-442d-923a-92df823e680f,Philippines,ios,Chinese,18-24,2025-08-21
02697198-0e81-4fd1-9d8e-506959da46a4,Mexico,web,Italian,35-44,2025-11-11
04a6eb95-3781-4daf-af91-7fa0d85c69c9,Indonesia,web,Spanish,<18,2025-08-14
614df6fe-7278-42bf-adb3-acd41ddebed6,UK,web,Chinese,25-34,2025-11-28
60f7a49a-5b6c-47d3-a5d0-658da1efc1c6,United States,ios,Korean,18-24,2025-08-16
237c5b7d-1820-445f-b7a3-35fd829beee5,Philippines,web,Spanish,18-24,2025-10-27
bcc42290-e569-43a0-aa9d-5ffac0c70954,Spain,ios,Italian,25-34,2025-10-18
957b8bf0-ede4-402d-8830-24a057b07100,France,web,Portuguese,18-24,2025-08-23
ac3c02be-abab-4270-b95d-78ae62957238,Spain,android,Japanese,18-24,2025-09-08
e2d14562-70f0-4197-a993-0a8905797017,Brazil,android,French,45+,2025-10-24
6ecb3382-bbb4-42e1-9a4c-9c1ca05d42c6,Mexico,android,Italian,<18,2025-10-10
65a056e7-3cb9-4fc0-b8c7-2551bd755091,UK,ios,Japanese,45+,2025-08-31
522940d5-0c5a-4636-b056-b23593c7c604,Germany,ios,Hindi,<18,2025-11-19
3b5ea704-5a59-41b0-a44f-ef6e537d7b52,India,ios,Portuguese,<18,2025-11-21
a1b94a28-1f9c-4ea4-a522-42060cc6f47e,Mexico,web,German,45+,2025-08-17
c4bb3222-7d31-4ee7-8f25-1f9843905379,Philippines,ios,Korean,25-34,2025-08-28
510abac0-5eaa-4f14-b80d-84fcc01d7f3b,UK,ios,Japanese,18-24,2025-08-12
08ea3468-2c08-42c5-aa5f-f8a5016e39e6,France,ios,Italian,35-44,2025-11-28
c5d880b7-b5b0-4cce-9ede-73310070f339,UK,ios,German,45+,2025-12-02
3997357c-8f36-4767-96ee-9566784f434b,India,android,Chinese,45+,2025-08-16
f7346267-3b95-4790-be1d-b76f657403cb,France,web,Hindi,25-34,2025-11-16
9d37907e-f524-472f-ac8c-fb4b23fd0e14,Spain,android,Hindi,18-24,2025-09-10
01cd9093-f059-4deb-9e68-3dbb8035d63c,France,web,Chinese,45+,2025-09-12
2cb2e5c2-83ef-47f9-a81c-f1b421688c4b,Mexico,web,Hindi,35-44,2025-11-12
1eb71319-e09c-4c81-986b-0420ed09072f,Spain,android,German,18-24,2025-10-22
735fc793-3688-4e51-b726-b5f2c53c9570,UK,ios,German,45+,2025-10-19
d1468f46-7d5c-4925-9ac9-5c54cbb422a8,Philippines,android,French,45+,2025-08-11
234f70ce-c152-4cea-8eb9-6f04f51f7c31,Indonesia,web,Spanish,<18,2025-10-08
d20c55c8-1293-448a-970b-d7570a7e5369,Philippines,web,Italian,<18,2025-09-15
00207d24-a41c-4e63-8ff4-041cd1a2d172,UK,ios,Japanese,45+,2025-10-30
9f73ba8f-50c0-42d4-b46e-2efab2bdc86d,India,android,French,25-34,2025-08-13
1a48a80e-c796-41f1-bf6a-4f2de3033cfa,Indonesia,web,Spanish,<18,2025-09-01
2bc1f314-f781-41c4-8e78-a93a41c7d994,UK,android,German,45+,2025-11-22
e0bb7190-72dd-4387-a27a-852362c5e95c,Germany,ios,Portuguese,18-24,2025-10-17
c2d339f3-2a7a-487b-99f5-b2fa3a8d938e,Mexico,ios,French,35-44,2025-08-21
ce5a5e29-7d73-4e36-8442-fefb4bf532e4,Germany,web,Russian,<18,2025-10-21
d5d8e507-1b57-410c-95dd-14f65538ed45,Spain,ios,Hindi,45+,2025-11-10
b6c9dcb7-2f41-4224-8c4d-36a392115ee6,Brazil,web,Hindi,<18,2025-11-19
9fc1cd28-7f1a-48ec-8269-de9146a94797,UK,web,German,18-24,2025-10-13
027372f2-5305-4547-a02c-3023d687d6c8,United States,ios,Spanish,25-34,2025-10-13
06cc6b4c-dc52-41b8-9df4-278f32922c8b,United States,ios,Korean,45+,2025-10-06
949f09d1-f7a6-4091-984e-11c53da416a3,France,android,Italian,18-24,2025-10-30
35d7d936-ce46-467b-8efe-1667a558ec00,Philippines,android,French,35-44,2025-08-19
d07879fd-79db-44a0-9efa-ea2a90ad2f32,Philippines,web,Chinese,45+,2025-10-15
9db09bd1-3b31-4c3e-adf1-43575160a27e,Philippines,android,Russian,35-44,2025-09-06
ebad7f5f-1cd2-483c-b606-77d68fba17a3,Germany,web,Russian,25-34,2025-08-17
5987ec64-9f80-42f0-8e52-a6945f0f8738,Mexico,ios,Japanese,45+,2025-10-03
09a82aef-8da8-42f9-9304-618e6a65be17,UK,ios,Russian,45+,2025-08-23
de40be74-9376-40cc-a4b3-cf022464b3c9,India,android,Hindi,18-24,2025-10-11
d7076697-291a-4a30-b106-24c9093e376e,France,web,Italian,<18,2025-09-11
ef489a99-c274-4d21-8514-49a61bd5c58d,Spain,web,German,45+,2025-08-12
a391315b-be7a-4597-a1a8-c9c52303318c,Indonesia,android,Russian,25-34,2025-08-23
415d9453-7fe7-4217-9533-71842c4f1f48,Spain,web,Chinese,45+,2025-11-12
3566da76-c30a-4b89-a995-4fc5113cee31,UK,web,French,45+,2025-11-19
55cf69ee-c8a1-44fe-ac7f-81ad07243dfe,Brazil,ios,Spanish,45+,2025-11-17
5fc997f9-e6d0-492b-8ce6-b4809620fa05,Philippines,web,Italian,45+,2025-09-05
a7e2ee29-ca2e-43ab-bec4-d84335a8894f,Indonesia,web,Japanese,25-34,2025-09-02
97168cdd-729c-4c93-bc62-8391b79ba681,Germany,web,Russian,18-24,2025-11-26
33c0e87e-8ac0-4825-bec3-8e6c389b2132,UK,android,Hindi,<18,2025-08-05
eae41874-040e-43a0-8c6a-5e45b0042bbc,Brazil,android,Korean,25-34,2025-08-17
0c974b6b-45ba-475b-8915-a481fa9d0c74,Germany,android,Portuguese,25-34,2025-11-13
ad687069-4fa1-46da-9d36-68e1f465fdf3,Brazil,web,Spanish,35-44,2025-11-20
0fa26223-b182-4f74-8a72-f780e81f6c32,Philippines,web,Chinese,<18,2025-10-11
fe377698-5706-4224-ae18-c13e2ca9605e,Germany,android,French,18-24,2025-08-09
28cd0670-c063-4bbe-9697-6d76cdfca617,Mexico,android,Japanese,18-24,2025-09-19
342e866d-b790-414d-8486-6dd08b18b003,United States,web,German,35-44,2025-10-03
a2eb6dc9-c884-482c-b8bd-c346516fadcd,Spain,web,Portuguese,35-44,2025-08-23
ab11db62-e186-45b8-9624-af3b1b8f66d3,Mexico,ios,French,25-34,2025-09-22
5344f3ed-2b59-47b5-9473-5a64eeb2c6b1,Indonesia,android,Italian,18-24,2025-09-08
caf98da9-8ef7-475d-9057-bbb791c26d74,France,web,Korean,18-24,2025-10-08
6abfa299-9ab4-4ff2-aee5-0d6a3fda5dc2,United States,android,German,18-24,2025-11-10
79ffb9a1-a6de-480a-8088-7ddf1c3634eb,Mexico,android,French,25-34,2025-09-16
34c5f1ac-763c-49d3-9a42-afedebf1911d,UK,android,French,18-24,2025-10-16
d94e477f-c4cd-4a3b-8329-602765c15dbb,Brazil,ios,Korean,45+,2025-08-26
71e37493-b060-4ccc-ae55-b7b015442fab,Indonesia,web,Portuguese,35-44,2025-10-19
78a8b0a4-d7ea-42c5-add6-d258aaa1f107,UK,web,French,35-44,2025-09-16
00626e34-5e39-4c2e-961a-b5df68642b48,United States,android,German,35-44,2025-11-30
618ae569-1ff7-4498-948c-a2588e17e8c5,Brazil,web,Spanish,35-44,2025-08-15
b9dc4492-2f9f-46be-a7d9-a5bb15415835,Indonesia,ios,French,45+,2025-09-07
dca1e616-69fb-4d3c-a24e-962e5a5972d8,France,android,French,<18,2025-08-13
9d6de7dc-0ce2-4f2f-b740-b5680f64d1ad,United States,ios,French,18-24,2025-08-18
3dce621c-8680-44fa-bc47-8c0f04a46f41,Indonesia,ios,Hindi,35-44,2025-09-01
a9c04820-017f-48ef-b8f7-d6df04420e48,Mexico,web,German,18-24,2025-08-11
b16bf6c4-b21a-4baf-a3a9-068355439f58,Indonesia,web,Japanese,18-24,2025-11-17
7c6164f2-83ab-4a89-a820-c32e59a6b100,United States,ios,French,45+,2025-10-03
1ff00023-424d-4d49-9e5d-230db196c73f,Philippines,web,Italian,18-24,2025-08-08
b2069cd7-20d6-481b-97e6-3d708727e828,Mexico,ios,Korean,35-44,2025-10-02
3cbf4faa-0c2d-49c7-a8d9-5e7c024e055b,UK,ios,Korean,18-24,2025-11-19
f9009d6b-9e3c-481b-9047-c7195d320591,United States,android,Hindi,45+,2025-08-12
51eb6486-af20-413d-a8b0-eaae7c18a1c5,Philippines,ios,Chinese,35-44,2025-10-12
d76fd0ac-beb0-40f7-8478-0a3124848e02,India,ios,Italian,45+,2025-10-08
cc64e972-3184-4cdf-bd28-463d8ee802f0,France,web,Italian,25-34,2025-11-28
ef323362-6633-40d3-b9b3-91580ab203d6,Philippines,android,German,<18,2025-11-25
3eb1ddb5-70ae-4bc5-ba34-b40aeff9eb0b,India,web,Portuguese,18-24,2025-10-31
5d467af5-9ee8-4d31-9779-666a595187e8,Spain,android,Spanish,18-24,2025-09-11
fde33bdf-3015-420b-9d1f-39d51eaccabb,Brazil,web,German,18-24,2025-10-24
de6cfd1c-b909-4551-ae82-e1176e7f62c7,Philippines,ios,French,25-34,2025-12-02
43263352-36f2-4fc8-ba52-2772ddd8647f,Germany,android,Hindi,<18,2025-09-04
a2f85a40-cc41-450d-b7aa-f728f58bd88b,France,android,Korean,45+,2025-08-14
1f761276-8c92-4a61-a471-99370fc41b39,Philippines,android,Japanese,25-34,2025-09-08
625731f6-398c-41f0-bd12-6241d6c1be4d,India,android,Hindi,25-34,2025-09-27
dc81a8ab-593f-4afc-942f-8ef03245c236,Germany,web,Chinese,35-44,2025-08-27
fe831464-16ee-4697-b655-1c80d09f7e77,France,web,Russian,25-34,2025-08-30
6910b4ca-0f8c-4788-aec2-4d3a0aec6bfe,Germany,android,French,25-34,2025-09-21
838df047-a088-44db-b732-6b77115c4910,Mexico,android,Hindi,18-24,2025-09-02
ced5401e-12cc-414e-8a0b-ab7cb2ec3eb9,India,android,German,35-44,2025-09-22
1cd388de-f6e2-4288-957b-ab6b15f9da7e,Indonesia,web,Chinese,45+,2025-11-05
fdcd4aae-17d7-4b85-b7c2-ef3917cbabaf,Mexico,android,Portuguese,<18,2025-09-09
07de9a8a-9bb2-40c0-ad69-6ab4dbd13af8,France,android,German,45+,2025-08-14
532a2664-5763-4d1d-9fcd-3bc683125b18,France,android,Chinese,35-44,2025-10-21
b9df8088-d764-44c4-b840-e343adfc1143,United States,web,German,18-24,2025-09-28
7e20c730-6d2a-4842-b9b0-208512f8117a,India,ios,Korean,<18,2025-09-28
1e25e80f-3460-4c02-9e4c-ef4749c37137,Spain,ios,German,45+,2025-09-06
66a1d5c5-9905-49b5-95d8-cfbceb4fb587,Spain,web,Spanish,<18,2025-09-05
8cbfdf0b-a157-4342-a944-5626ddaed62b,France,ios,French,<18,2025-09-15
0166851a-e9b2-46cd-b48f-29d1cf22f489,Spain,android,Japanese,<18,2025-11-21
57ae4796-b343-4630-b31b-91ec37db6cdb,Brazil,android,French,25-34,2025-10-09
6394a204-4c84-4fbb-8382-72ed25710ac4,United States,web,Japanese,35-44,2025-09-10
a845bd71-f66f-44f3-9ef0-d256b0af5464,France,web,Japanese,35-44,2025-09-01
5e3bd59e-327f-4c93-9909-0da157fb293a,Spain,ios,Japanese,18-24,2025-11-02
a57c7aed-93f3-499a-95ae-4415f0745d4b,India,ios,Spanish,45+,2025-10-03
4d03edb7-624d-4063-883a-437e92887527,Philippines,android,Korean,18-24,2025-10-20
6b65484b-fb2f-4ca6-84d3-49970c2117e0,Indonesia,web,Russian,45+,2025-09-10
d6d18e37-c515-486c-811e-01dfe096b2a0,Mexico,ios,Hindi,<18,2025-09-08
bebe0b2e-7a5b-4ec1-999d-6a2cdb1e98c8,Mexico,ios,French,45+,2025-09-12
ba5982cf-5a03-4f75-80c4-6de1626539d9,Brazil,android,German,45+,2025-10-15
ad9f1c9a-0779-463d-b9b8-6dde88bf58c4,Germany,android,Chinese,<18,2025-11-14
ac559392-7b0c-4aec-9392-f7b053d980b0,India,android,Hindi,18-24,2025-08-18
b3b1ab8e-b05c-40d1-aacb-3ce9f0e2011b,Germany,android,Japanese,45+,2025-08-20
ef3cbb42-15d7-4da7-994d-9940bb703135,United States,ios,Japanese,18-24,2025-09-23
04423a9e-7306-430b-875e-4f96518cf23e,Indonesia,web,Korean,18-24,2025-08-11
3f9971cb-900d-4aea-b62b-004c457b5b38,United States,web,Italian,35-44,2025-09-16
c478909b-1636-458a-baa5-e6dc4c0b6403,France,android,Italian,<18,2025-11-27
d69bac1e-b1f5-4a25-8499-4e4e35158269,India,android,Hindi,<18,2025-12-02
595fbe47-a6ab-4349-b313-2ce2a6438c98,France,ios,Spanish,25-34,2025-09-12
5f31417a-70fc-4845-8f20-b33f4bdd1e78,UK,android,German,18-24,2025-08-06
18e2a2f5-01b4-4a4d-a76d-5e271dc2f70b,Spain,web,French,25-34,2025-11-13
93766dce-f30f-4266-aff6-af3d18374088,Mexico,android,Russian,<18,2025-09-30
09ab4dc7-a7a6-4f65-bd79-4db2aeaded4c,Philippines,web,Portuguese,<18,2025-08-17
bc096ad6-86e9-41a4-b43d-30f39baae1ba,France,android,Portuguese,25-34,2025-10-04
c62fc8ec-b1da-4517-b0ca-b563ad75df83,Germany,android,Russian,<18,2025-08-16
368bf880-5288-4d43-9cbf-723f224cab9e,UK,web,Spanish,<18,2025-10-01
bbfd0e1f-3b03-4793-8aa2-6ff03f25657b,Mexico,ios,Portuguese,35-44,2025-08-14
7f63c749-4adb-4028-a738-5cd69cb126e3,France,ios,Russian,45+,2025-11-12
4ea179f6-4b9f-456d-8a97-b923306f0d49,UK,android,French,35-44,2025-11-24
38dc970d-7a3c-4572-ac33-0c94eb5d4da8,UK,android,Japanese,45+,2025-08-29
ffc49b0c-73da-4d3e-abf5-511787942aee,India,web,Portuguese,35-44,2025-10-02
4f14cf7e-829a-48b9-90ce-db0b84ddd85f,United States,web,German,35-44,2025-10-23
f718a6bb-a822-4c6b-b754-b687211a289e,UK,android,German,18-24,2025-11-03
2c1af875-053e-447b-9568-b8eea3a5df99,Brazil,web,German,25-34,2025-10-22
4b0da964-4a2c-40d0-83d4-7558312eb599,United States,ios,Japanese,35-44,2025-10-29
210e7e12-1b7a-4119-9a61-69e42c64a136,Mexico,ios,Korean,18-24,2025-11-27
0901b0d2-edb5-450c-b143-3ca446ed5d6c,Mexico,web,Japanese,35-44,2025-09-30
3aeeb0dd-fa9d-464a-a1eb-a08e9c95ffac,Mexico,web,Japanese,25-34,2025-11-05
c451f069-a75b-46ff-86c5-31600b93eae7,Mexico,web,Japanese,18-24,2025-09-24
86c95398-cedd-4cd3-8eba-efd8ea681e9c,Brazil,ios,Hindi,45+,2025-09-12
8ba69001-3ebf-45fa-9dd8-20bb47df4969,France,android,Italian,25-34,2025-10-16
88fadda0-3589-4f95-8f26-0c98239b557c,Indonesia,web,French,<18,2025-10-13
00eb473d-12ad-4afe-8e23-da6062c67aa3,UK,web,Hindi,18-24,2025-08-21
13841e90-3765-4838-ba08-918a7cb74519,Mexico,web,German,<18,2025-11-03
0c9e5949-c1f1-4c0a-a217-28954ae2f596,United States,android,Spanish,18-24,2025-11-23
4b7bf996-453f-473b-81a7-1466922be3a9,United States,web,Korean,45+,2025-10-06
b7b6b60d-1347-4f00-8d40-68fb7b2846b9,UK,web,Italian,18-24,2025-10-08
4403b420-2a2d-4aeb-86b9-bf4e80559f1d,France,ios,Russian,35-44,2025-08-23
d35de8f2-781e-4791-80be-a11a2537d5bd,Philippines,web,Spanish,<18,2025-09-21
24929d25-2bab-41b3-be04-e85c7a1d4d22,Philippines,ios,Spanish,<18,2025-10-07
610a8980-e071-4828-8080-36328c887e75,Indonesia,android,Spanish,18-24,2025-11-22
fe6cd5e5-2ed5-4771-a136-e461c7ca909a,France,web,Korean,35-44,2025-08-16
345f32d9-8ae8-4d24-b76d-b2ea6df65bef,UK,web,Chinese,35-44,2025-10-01
2a8c3787-6400-44ea-bcdd-96dce86ff96b,Philippines,ios,Portuguese,18-24,2025-10-07
2438cffb-5439-4b2b-91c0-09252dc505f9,Philippines,android,Russian,25-34,2025-10-24
3993fb38-0abf-49d7-bc5d-f7429859c2c0,Philippines,android,Portuguese,45+,2025-11-18
cbeabe62-f731-4261-8497-c67b7b92f202,Germany,ios,Portuguese,18-24,2025-10-01
7c659d72-0862-4e57-8925-1d1b51f7c210,Brazil,android,Japanese,35-44,2025-08-30
30da044d-312c-4e08-a7ba-f112fb1aa421,UK,android,Italian,45+,2025-09-11
6dd675da-3498-401a-b316-611a04ef7f35,Spain,android,Russian,18-24,2025-12-01
f674601f-00ea-4b8c-a0d1-0e58c042c9b7,India,android,German,45+,2025-11-20
cebe4530-0f10-48aa-99a7-fffef27e1506,India,android,German,25-34,2025-10-13
22cacc84-0ba3-41ed-8b36-9f9e25b86c6e,France,android,Russian,35-44,2025-10-12
0daf8e92-f14b-4900-b084-a63c82b1f505,UK,android,Hindi,25-34,2025-11-29
034b79cd-0dd1-46c8-a6bb-2e695abe0a72,UK,android,Italian,25-34,2025-09-23
6292ad2d-afd5-46b5-80d6-abc13148835f,India,web,Chinese,35-44,2025-09-24
7afa743a-e63c-4422-b796-e836a0561417,Indonesia,ios,Italian,25-34,2025-12-03
19c6939e-f62b-4fa2-ac34-d5307de0107f,India,android,Japanese,18-24,2025-08-20
95401e33-aefa-45f6-80ee-4aa1dfc8ba03,UK,ios,German,18-24,2025-11-22
a8449f4e-4a14-4597-a830-4093580a5428,Philippines,android,French,45+,2025-08-24
47f82e88-be96-43e5-bb28-e9f05f96c042,Indonesia,android,German,18-24,2025-09-17
d75293a6-c522-4f32-9d11-00fbe4a994b1,Mexico,web,Hindi,18-24,2025-09-15
2a856ac2-fa1d-4270-b691-40b262098f08,Spain,ios,Chinese,45+,2025-09-13
f506ff88-6ff0-4ccc-bea0-46d6ea55fe4b,Germany,ios,Italian,<18,2025-10-26
a4fcfff8-922d-4658-9606-a6fefe878afe,Brazil,web,Spanish,35-44,2025-08-12
f0b8183c-d727-4071-a942-ee0238ae8271,Mexico,web,German,18-24,2025-09-29
a9d8c89e-db81-4812-8398-71cf0de20e12,United States,ios,Japanese,45+,2025-09-23
e9ec8b18-55d0-44e0-bf11-48d2d755f8f4,India,android,Russian,25-34,2025-11-07
12a58929-0da5-4f56-923a-0ebd2a790b38,Spain,android,Japanese,25-34,2025-09-11
b3752b0a-8332-49ae-b2a9-cf459bb28e03,India,ios,Spanish,18-24,2025-09-09
7a23f806-6214-4167-995b-7cb54351fca8,India,android,Russian,35-44,2025-10-06
0a638e43-fca6-4003-a642-5dc5429affca,Mexico,web,Korean,45+,2025-10-21
76ebd7ef-f887-4ff7-aa2a-b003e8a7fcf9,Philippines,web,Russian,45+,2025-10-18
88b1b925-2511-4bd7-b65f-41448e285463,Philippines,web,Japanese,45+,2025-08-20
4dca83e3-b0d3-4668-abea-43fd5b12f0e6,Germany,ios,French,45+,2025-11-27
c29f5b22-340b-4f7e-9687-b0771b7d108c,Indonesia,ios,Korean,45+,2025-08-21
3177468f-6ae2-4238-bdba-cc1ceb8dfa76,India,ios,Japanese,35-44,2025-11-05
eef59106-526b-4558-a3e5-2cf0da251e97,France,android,Japanese,45+,2025-08-17
aaaf5df9-8950-4e19-a0b7-2a1b305fcd28,Philippines,ios,Portuguese,35-44,2025-10-06
8ff64b5a-c092-434a-aa3c-2e4f06897c91,UK,ios,Chinese,35-44,2025-10-22
08a86e81-8ee2-47f6-97d3-3f6197a92720,Spain,web,Italian,35-44,2025-09-23
4bb1b484-1470-43fb-a7d0-4d277d445261,France,android,Chinese,25-34,2025-08-27
0e1d189a-5841-45e1-b06b-a31ed8b46da3,Mexico,android,Spanish,<18,2025-09-15
c7550618-4179-465e-aafe-979d0e39384d,Mexico,web,Japanese,18-24,2025-09-18
cde7fae1-ea6b-4bb2-a657-8d8b5bca59e5,Germany,android,Spanish,25-34,2025-10-04
bfe3b854-ac27-463d-848f-a1eb559c1106,Germany,ios,German,<18,2025-09-03
dbead589-f0c2-4d99-894f-3595c0400415,Indonesia,android,Hindi,25-34,2025-09-10
df676ba7-eac9-4d29-ba9c-c6b9b49a320f,UK,web,Spanish,35-44,2025-10-18
41c9d2bb-b0c5-40c8-91b0-4cf8c4816414,Spain,android,Italian,35-44,2025-09-03
d2ef6999-b724-4266-ae0b-f43dda5c586d,UK,web,Spanish,45+,2025-10-07
15ed0084-92fd-45b4-86e1-09dfa33a183f,United States,ios,Portuguese,35-44,2025-11-19
75668a95-7bc8-4181-b115-95f12781af92,Germany,ios,Korean,25-34,2025-11-21
e0bf23a5-4b61-41b9-a527-ccb646279259,Indonesia,web,German,18-24,2025-08-28
cede284b-6904-474e-84b3-4c3c203aa49f,Brazil,ios,Portuguese,35-44,2025-09-10
8852b197-f600-4e22-b5c5-0cd0c536e81b,India,ios,Japanese,<18,2025-11-05
fedb5910-2c50-4a07-9209-bc3378a39b83,India,android,Portuguese,25-34,2025-12-03
bd24992a-4936-4b52-a585-7ba7ad485a5e,Brazil,ios,French,<18,2025-10-21
8458d40e-faf2-4205-b0ce-fd1e3a9544ff,Philippines,web,Japanese,45+,2025-10-19
29748e06-be55-4a26-a130-7702527eea2a,UK,ios,Hindi,45+,2025-08-19
1cbf4366-7a2f-4c7c-b59b-9dea8a5451a9,Brazil,android,Portuguese,18-24,2025-09-13
1d43d014-c9a3-402e-ae0f-ff6b41fd9476,Indonesia,web,Korean,25-34,2025-08-23
3e37bfb7-5132-4ee2-ad26-2296dc77748c,Spain,ios,Hindi,18-24,2025-10-27
07a8d9d0-248b-456e-b5d0-a5c756bbf108,Brazil,ios,Spanish,<18,2025-09-24
1bc12445-3654-4ba2-8d2d-7f7e26df3c8d,Indonesia,ios,Portuguese,18-24,2025-09-28
d681ce22-17c3-4a23-8d95-aa77d65e6e27,Germany,web,German,<18,2025-10-17
2901b8f4-45cd-4665-ae8e-173e50521055,France,android,Chinese,18-24,2025-09-05
5d461784-760f-411f-9b09-c6046cdfe068,Mexico,web,Spanish,45+,2025-11-20
21f122e9-219f-4ea4-9b77-f9c055556cff,Mexico,web,Russian,25-34,2025-11-28
e22bb5d1-ee00-40ae-8edd-a4b7a38f8efb,United States,android,French,18-24,2025-08-11
f449677f-3b45-404d-8e46-3b3e948c39e0,UK,web,German,<18,2025-11-12
9a89d821-eef2-492c-b957-583bc3e2fa49,Spain,web,German,25-34,2025-10-01
147f22f5-3a84-4dcb-95fd-62c2ad573961,France,ios,Hindi,45+,2025-11-16
e3848289-aaf6-474e-bf44-ddd23af3a3bb,France,web,Chinese,45+,2025-08-20
e0c4d006-0379-480e-b101-04b24f63dfc1,Germany,ios,Korean,35-44,2025-09-03
3fa82101-5305-4020-87c6-9befd7a44836,Brazil,web,Hindi,25-34,2025-08-30
a58f2725-b2cd-43aa-88c7-f4df7c83864d,UK,ios,Chinese,18-24,2025-09-02
78068fb3-739b-4440-bfd9-34930315ed71,India,ios,Portuguese,45+,2025-10-12
99fc4fbf-5b29-4f8e-b25b-9acf5c97fa13,France,ios,French,18-24,2025-11-20
5dc326ea-212b-487a-806e-23c06304d62c,Indonesia,android,Spanish,18-24,2025-11-01
25e3fd36-cb51-4f02-a459-291995ca9b7f,India,web,German,<18,2025-09-16
a01f9613-a05d-4f5c-a3d3-25da2c357a41,United States,web,Korean,18-24,2025-11-08
bf65f642-28fe-41f9-b177-3b4b16c8f943,Brazil,web,Hindi,35-44,2025-11-09
cf6575a1-2e12-4357-9596-ea016ab1cc14,Brazil,android,French,25-34,2025-11-18
feeac034-bccf-49b8-9b09-1aa0bfd58be2,Spain,ios,Spanish,25-34,2025-08-06
c199b472-c8f3-4833-b2b9-9c6111ec67d0,France,web,French,<18,2025-08-16
ad7dfb48-002b-486a-ba92-e641e85aa39e,Germany,android,German,35-44,2025-10-14
5e052250-4694-4829-a84a-2253339e8b41,Philippines,android,Portuguese,35-44,2025-11-06
f5ae4395-82dc-4fe5-b816-181466d59b69,Philippines,web,Korean,25-34,2025-10-06
51cca250-c990-4f9b-a4f1-bdb18f5d99c1,Mexico,ios,Chinese,35-44,2025-08-20
89a1ef12-2620-4dd6-9b08-37f57fd6e504,Indonesia,android,Russian,45+,2025-08-25
aa741ad0-c8c7-4f7e-a6ef-11e341ccb498,India,web,Korean,18-24,2025-11-09
6e76e3df-9dd6-4436-a747-f56f600c945c,United States,ios,Chinese,18-24,2025-09-03
6779c869-98db-430a-b918-e05d4e7da48a,Mexico,android,Hindi,25-34,2025-10-21
2c516994-d307-4f47-b872-adbf86951ef6,Brazil,android,Portuguese,25-34,2025-11-20
1e25c493-66fe-4ae6-afb6-ac4c37cdcae3,India,web,Chinese,35-44,2025-08-29
bf75ccce-21f2-4de8-8085-21a3697865c7,UK,web,Portuguese,<18,2025-10-11
d00a0f7f-b475-4c25-a8fc-fb481d7df33d,France,ios,French,25-34,2025-11-28
add52645-2cac-4589-a05e-94e4043d863c,United States,web,Korean,25-34,2025-08-07
5c5cd5a7-17e9-4e96-be59-b13766d42dc7,UK,web,Korean,25-34,2025-09-13
cbae3119-2b13-4178-86c8-98c14229f5f5,Germany,ios,German,35-44,2025-08-18
da60574e-8589-47ee-ab23-9c7124fad7d6,France,web,Korean,45+,2025-09-08
19dd64a3-600a-4714-8258-30af5a9aa048,India,ios,French,25-34,2025-09-19
e7db7ea4-d803-48d7-8707-ff183fc4de4f,France,ios,German,45+,2025-11-18
c4bc245d-43a2-491c-bb90-c534b2cee431,Mexico,ios,Portuguese,35-44,2025-08-27
0732b3a3-f3a0-419b-b728-168ab92641c9,Spain,web,Japanese,<18,2025-08-11
f6c45438-a47e-4884-9adf-e77b9c5a70c2,Mexico,ios,Chinese,18-24,2025-10-07
bdc98231-6d2f-486b-acc6-b88a1f035819,Germany,web,Spanish,18-24,2025-10-06
a3904f36-dc6e-49c6-9892-1224e4ea80e2,Indonesia,ios,Portuguese,18-24,2025-09-10
c15b4e63-4a1b-4e48-a74d-1ad9343bbb03,UK,web,French,18-24,2025-09-19
501c3da7-1296-4cb6-b043-916c09aa8505,Mexico,ios,Portuguese,35-44,2025-09-30
66697796-0cc5-402b-aef7-02bc48392da3,Spain,android,Spanish,18-24,2025-11-16
46e82d75-092d-4aa5-b9f0-22b8b7f80868,Indonesia,android,French,35-44,2025-10-01
2607404e-bfe0-4679-a77a-49a7b417700d,Mexico,android,Korean,<18,2025-12-03
29ab4487-7a8f-40df-b184-2bc224b376a0,Brazil,ios,Portuguese,25-34,2025-09-27
699a652d-5931-459e-a82b-475807e88868,Spain,web,Chinese,25-34,2025-08-31
8da9a2f0-f287-482b-bea3-a24641b615b6,UK,ios,Hindi,25-34,2025-11-27
be4c3047-ccdf-4dfb-961a-373bcc567f34,United States,ios,Korean,35-44,2025-09-24
e0121eeb-f8f0-44a8-811e-26326abd9091,Philippines,ios,Korean,35-44,2025-08-06
0b2a35c0-748a-4414-b665-eea43de34f7f,Indonesia,ios,Japanese,35-44,2025-10-09
5419c4ab-b21b-4499-842e-24b06d2c12ce,Brazil,web,Hindi,<18,2025-08-18
2be013d5-ac4b-4c4d-8a5c-0ab25179cf92,United States,ios,Italian,45+,2025-09-20
1466ce64-d845-4bf4-b8da-3919d3eae0c4,India,android,Hindi,35-44,2025-10-03
958ff03d-76af-42f2-9309-be9a5cb384fd,Spain,android,Japanese,35-44,2025-08-07
d2b647cc-40a7-45ac-8fd0-f8898e4a2a9a,Brazil,android,Russian,25-34,2025-09-29
55886ab1-6347-4c3d-b75c-11ef3d8c7ec0,France,ios,Spanish,18-24,2025-08-26
57c040f5-0d2b-4839-9509-d01cca776779,India,web,Japanese,18-24,2025-08-08
b7316d6a-b0d4-409b-98a5-a0c7da3a2ae1,India,web,Russian,<18,2025-08-09
59a6d714-c0af-45b6-8ee0-1bcba0b8b8dd,Indonesia,web,German,18-24,2025-11-11
46cc50e8-4058-43f3-ab5c-815662bba732,Spain,ios,Korean,45+,2025-09-06
933405c6-aa04-4742-afe4-dc881ab530e1,Brazil,web,Italian,25-34,2025-09-20
c8cece5f-aed1-4e75-8cac-3bf628104eea,Germany,android,Japanese,<18,2025-11-11
77854519-d6d9-48c5-8b4d-464f3f886c82,Brazil,web,Chinese,18-24,2025-09-01
39d36ea6-db5f-4023-8c0c-74b45e36c68a,Mexico,ios,Italian,18-24,2025-08-21
3d99fe92-cd28-42ce-99d1-ab0925c4bac2,India,ios,German,25-34,2025-11-17
e52b49c7-b6ba-40ed-9be2-ebceca8f6b81,UK,web,French,<18,2025-11-20
ba2a1d20-1cca-4dd5-9b1c-ccb6830ee416,India,ios,Chinese,25-34,2025-10-15
b65917ef-81e4-4908-93b3-9978269aea35,India,web,French,<18,2025-09-10
b4bf3db3-5ba9-48fa-8828-e48f9885374e,Philippines,web,Chinese,18-24,2025-09-18
a49bbfea-d510-457f-9b00-f9a4b9ec5a52,France,android,Italian,25-34,2025-09-17
4f67a903-4e7b-4f8a-a9f7-133a0129d822,Germany,ios,Chinese,25-34,2025-08-13
1ad1a801-2c64-4568-86be-833c13ecb3bc,United States,android,Italian,45+,2025-10-23
7b09de35-15fd-40a2-899d-8ef38e6bca77,United States,ios,Spanish,25-34,2025-09-30
06307d84-3172-4180-bd47-00b823862666,France,web,French,<18,2025-08-13
d013fdc8-2c8e-4e20-a62e-ddf76e89d066,India,ios,Portuguese,45+,2025-10-15
d6177613-973e-4862-8ab6-86b9903ddfdd,United States,web,German,25-34,2025-10-11
1911bb26-7879-48e5-9b88-8feae949e637,Spain,ios,Chinese,25-34,2025-09-17
cc16281b-ffcd-47ee-a100-ed2058770ba0,Germany,android,Italian,45+,2025-08-08
ea14cdae-4f09-42b3-878e-ff2475a85d83,United States,android,German,18-24,2025-09-06
70918b6b-9217-4baf-a239-f1afd421bcbb,France,web,Russian,25-34,2025-08-28
7cea3cdb-980d-40c0-8966-e7399da828f5,Mexico,android,Hindi,35-44,2025-11-02
57944545-177f-47ab-a22f-91a02942fa69,United States,web,Chinese,18-24,2025-10-29
b06efc6c-4126-47af-9bf9-1508a65c3e1a,Germany,web,Japanese,25-34,2025-10-14
65ca97ff-fc8e-4755-b8f2-a60f4b6d61b6,Indonesia,web,Korean,18-24,2025-10-21
d8332c7b-2990-4a9f-be58-6172dfccb4b2,Indonesia,ios,Portuguese,<18,2025-10-27
364faac2-c4b8-4600-b1a3-e7854ad6fc8b,Spain,web,Spanish,18-24,2025-10-07
7fde9b36-b90a-45f3-8572-a27fb4b70eda,Brazil,android,Italian,45+,2025-08-22
009d9d07-136a-4b46-875a-b9565199bb0d,Brazil,ios,Italian,25-34,2025-11-16
238d11b8-81a4-4589-9076-d7d86ed86f61,United States,android,Hindi,18-24,2025-11-16
1311fe01-a12c-4f25-825e-20bc29ac257d,UK,web,Hindi,35-44,2025-10-12
f7bb1cb9-9b1c-4948-8703-3a3025e8d47e,Mexico,web,Portuguese,<18,2025-09-17
d67e8b07-3b12-46a8-8032-203fcee54a85,France,android,Chinese,<18,2025-09-05
65f6026b-5a1a-4223-9871-b11bfd05631e,Mexico,ios,French,18-24,2025-08-12
4fe6cded-cd52-4a9b-87a4-82001fe80c07,Indonesia,android,Hindi,45+,2025-08-30
17f7336a-ebb3-46ba-b7ab-aaf4693756fa,United States,web,Russian,<18,2025-09-29
c5798048-4ca0-4726-9ec1-e5fd05fd72d8,Germany,ios,Hindi,18-24,2025-10-26
55353a26-b248-44d2-89e8-69f6fb36649c,France,web,Japanese,18-24,2025-08-18
0a5d364c-a3cd-4067-a754-47bbecf4a3f4,Mexico,web,Russian,<18,2025-09-05
280f4b77-eee0-4ca3-aba6-3fc9190dc94f,Germany,android,French,18-24,2025-09-24
dd686838-0fc6-4ca1-9eb5-1f0f06535366,France,web,Japanese,18-24,2025-08-15
0e2cbc3a-683f-42b7-9e55-e4731e6336be,Mexico,android,Japanese,35-44,2025-10-24
8142bec8-254f-413b-a253-a3ad41c2e2da,Spain,ios,Portuguese,18-24,2025-09-03
1e3436bb-ac0b-4855-86e9-7fa4af0d92bf,Indonesia,web,Hindi,18-24,2025-08-31
ad266488-c5a6-497e-af60-1af12f20723e,India,web,German,45+,2025-08-06
24e82fd2-199f-49e2-acd7-f960bd328d44,France,ios,Russian,<18,2025-09-24
ec889da5-59f0-453d-a9a8-e38ad977d4f1,Indonesia,android,Spanish,45+,2025-09-14
d5cd38f7-2671-49a7-a63a-d477a37b822a,Philippines,web,German,25-34,2025-11-06
866a432b-78c8-4058-80ee-25070a23f31a,UK,ios,Korean,45+,2025-11-08
d75031e6-6919-4491-996b-1d2997ab1ab1,United States,web,Spanish,25-34,2025-11-07
21f4d395-68b2-4f0e-8381-23a8e0166626,Philippines,android,Chinese,25-34,2025-09-15
f5c0253a-9a8e-4c1a-8315-3dc03d9012cc,Germany,android,French,45+,2025-09-03
4cc6b024-b3f0-4382-b9d4-9b876a75a6ee,France,android,Portuguese,35-44,2025-10-27
b07235bd-0d4e-4042-a76d-ea408d826f82,United States,android,German,45+,2025-09-07
2d778113-fe94-48fb-9419-57e30327ec52,United States,ios,Hindi,<18,2025-10-20
8bee4a14-6794-4a24-ae63-cbc16b8e1539,Philippines,web,French,45+,2025-08-08
b3c80379-457a-496b-95d5-72d59085cd15,Philippines,ios,Japanese,35-44,2025-09-08
a2fcc20c-3c20-41a4-a0d3-6782d290a06d,India,android,Russian,45+,2025-11-17
20d23d07-02aa-4187-9804-218d09350482,Mexico,android,Korean,35-44,2025-09-04
ea689fea-48fb-482e-b1fc-947a82741088,France,android,Portuguese,<18,2025-09-11
0de11636-13bc-4db0-ac81-b132b7787af3,Indonesia,android,Japanese,18-24,2025-11-11
38816590-848d-48d4-bb8a-de963b151025,Brazil,web,French,35-44,2025-09-30
18ecafa8-8615-4910-8bb1-2ec234eeca19,France,android,Russian,35-44,2025-09-25
bdfbdaa4-e690-4d01-a894-5e2fe359be47,France,web,Korean,35-44,2025-09-06
84a85c7c-aff9-474e-8c1f-c8ed3289edd6,France,android,Japanese,<18,2025-09-13
69cd9354-3927-42c7-a47a-66545a1eef92,United States,web,Korean,25-34,2025-10-23
10342f8a-b7bb-4177-97af-2a39f7440a67,Germany,web,French,35-44,2025-09-04
b43eafbb-0414-4b9f-a0ea-6602fc1cdd34,United States,android,Hindi,<18,2025-11-19
3f0e315a-675b-443c-ba49-a3b829019167,Germany,ios,Italian,18-24,2025-08-28
4002c68e-9511-4128-9f3c-cb8674fbb5f2,Philippines,ios,Chinese,35-44,2025-10-19
782da4fd-1ef1-4b45-9329-223d94640d6b,Brazil,ios,Chinese,25-34,2025-09-23
dd5a591f-b9fc-4661-b8e3-dfc6976bc250,United States,ios,Japanese,<18,2025-10-03
df671886-d5e4-4870-8449-761b65e4617a,Germany,ios,Japanese,18-24,2025-09-20
bf02e346-f7f7-48a1-b843-9750c18640e7,United States,android,Chinese,25-34,2025-09-21
f70c9d39-ccc2-46b8-b950-9b054fd11f9c,UK,android,German,18-24,2025-08-05
0318d5e0-4634-455f-a190-8b221183dfad,United States,android,Hindi,25-34,2025-09-09
519f0fd6-c087-430a-ac1b-8d28bb95e2bb,Brazil,android,Chinese,45+,2025-09-04
bbb7a0ae-6b97-4b25-ba02-97722716e100,Brazil,android,Chinese,45+,2025-10-11
199d7704-3934-4050-a6f7-3e779539e199,Germany,android,Russian,45+,2025-09-08
7601173a-8fb7-4cc3-9ec1-e023b8da8c19,Germany,web,Japanese,18-24,2025-08-30
6ea9f667-11c9-4945-be66-8b0715d428c3,Philippines,web,Korean,45+,2025-08-11
4042af3c-0d00-43f2-b83c-72e872d4ffcf,Brazil,android,Russian,<18,2025-08-18
7a474b52-8e08-47ab-a451-251b947bced2,Brazil,android,Japanese,<18,2025-09-26
1efc88b4-0279-4969-b19b-2a53238cf548,India,web,Chinese,45+,2025-10-28
558cc1fe-f51e-4f77-8fcd-08ab5d8fadbc,France,web,Portuguese,25-34,2025-08-13
577fcb4e-9add-4429-823c-d8b98fb0901f,Spain,android,Italian,25-34,2025-08-17
a7564cc2-675e-4ad7-af5d-7c1ec00f57c1,United States,web,Japanese,18-24,2025-10-10
6defcd35-36c1-407d-847b-da4f52575e53,Mexico,ios,Italian,25-34,2025-08-22
358cad51-6a75-4fde-9b0c-9bfbfc97b5d9,Philippines,ios,Spanish,35-44,2025-12-02
4bb3998b-f2b6-4b65-82b7-3f78c2940c59,France,ios,Hindi,25-34,2025-09-28
f316246e-df83-427e-aa56-22e12bb020fa,Spain,web,Chinese,<18,2025-11-20
8741d0b5-3593-4288-8d8c-ff61d0f6b02b,India,android,Korean,25-34,2025-11-30
9946473d-0fe5-459a-a081-c97a19c4f675,Mexico,android,German,18-24,2025-10-16
e78631c3-546d-4e2b-b5c5-80acafb6f2be,Germany,android,Korean,25-34,2025-11-15
edf4294a-dd01-4464-a827-58cdddc63c96,Brazil,web,Russian,18-24,2025-11-27
8d0a4bef-d15f-49c3-b8ef-9cb567cb8d67,UK,web,Italian,35-44,2025-09-09
06308c7b-81b8-4c29-a0e6-069de05f7be5,Philippines,ios,Russian,45+,2025-11-26
78400aae-9e0b-4030-b335-00c92036b1f1,Indonesia,web,Portuguese,35-44,2025-11-08
4fca47c7-4349-425b-abff-fbd74e39d493,Brazil,ios,Spanish,<18,2025-10-30
12fe3bad-21cc-40d4-b585-8b5a6a92d9a1,UK,ios,Korean,35-44,2025-08-29
8c13e180-f43c-46e2-be3f-4eba9864c0da,Spain,android,Korean,35-44,2025-08-25
900ac5c4-624e-45d8-88ec-c93de98805e3,Germany,web,Portuguese,<18,2025-11-13
c771b779-2b6a-4f52-a69b-bd25a2129fc9,Mexico,android,Chinese,<18,2025-10-28
1b082d11-317d-4a03-b1a4-7685b29d8d9f,Spain,android,Japanese,45+,2025-09-07
0000f639-e920-4000-a0a3-ed27cbc3d8cb,Brazil,web,Italian,45+,2025-11-01
45484893-d489-479b-a57f-81da3aaede80,Brazil,web,Italian,25-34,2025-11-15
5eae0e6f-cb50-44a5-8be2-cd49fef5dae4,Mexico,ios,Hindi,18-24,2025-08-18
7254b0ba-1671-47dd-873c-55aa85fdf569,Indonesia,ios,Hindi,<18,2025-11-26
5ade6881-970e-4897-b331-14f5744384b2,UK,ios,Hindi,35-44,2025-09-06
ffc83c94-57b9-4668-94ef-0832a4235664,Spain,ios,Italian,35-44,2025-08-25
e8e9698e-2634-49b3-9763-d21a331611eb,Germany,android,Japanese,45+,2025-10-27
bc72f481-9e18-4fe4-ae2b-1af51004ce3d,Brazil,android,Chinese,18-24,2025-11-07
5fb30643-fb6b-4181-a9dd-8852b97a57ca,Spain,web,Spanish,<18,2025-08-29
62696210-a520-4b37-a162-bb6946ad0bde,Indonesia,ios,Spanish,45+,2025-09-25
f8d982f8-f6e5-464d-a758-79cec89969a9,Spain,ios,Portuguese,18-24,2025-11-29
3391dd30-d005-451f-af6b-028197b99dfa,Mexico,ios,French,<18,2025-10-19
dc95dc7b-41ea-434c-8918-032a44c38993,Germany,android,German,35-44,2025-08-21
20d62f29-bbe3-4537-bb9a-4e47390854b3,India,web,Japanese,35-44,2025-10-07
47b5b5d2-09ea-4a75-a922-334b320c7fc9,Mexico,android,French,45+,2025-11-20
2bd6fadc-30ae-4a64-a20d-290d809bcdcc,Spain,web,Russian,18-24,2025-09-16
d08cbdb8-7e10-450b-8af2-c01619ee0026,India,web,Hindi,35-44,2025-08-14
de9ca13f-abf5-435b-9648-566201c7f646,Brazil,android,Russian,18-24,2025-09-08
5331f034-fdc8-4c79-ac3f-f22973ea7e51,India,android,Spanish,45+,2025-08-31
9f797eca-2415-4d52-833e-ae42351bb709,Indonesia,web,German,25-34,2025-09-23
f1c1b0d0-2c9f-4c1e-84af-b808cd1930dd,United States,android,French,18-24,2025-08-15
ba16480c-c59e-4664-9088-4300f99a5ed1,Indonesia,android,Korean,18-24,2025-11-05
d8f25b78-6975-4b72-aee6-8e80da46e180,Mexico,web,Chinese,45+,2025-08-30
755bd7ca-2d9c-4725-baab-9b2092bb01d1,United States,web,German,25-34,2025-09-12
5592722e-ebc8-4128-a53a-6d14afe12285,Mexico,ios,Italian,35-44,2025-09-23
e210bc7e-5e66-4d41-9718-c2032a0f5300,Philippines,android,German,<18,2025-10-15
8f06b659-c216-42c6-ae87-53785e2eaf0c,Germany,web,Portuguese,45+,2025-11-03
29f87b1e-d22e-4136-b307-68e3271ba615,France,android,Italian,<18,2025-09-29
c1f0435e-26b3-451e-aaef-1e659916ef64,Brazil,android,French,25-34,2025-08-25
54c19f8c-cdb2-40c5-8908-1e5d3fb6e506,Brazil,web,Russian,25-34,2025-08-24
cbaba2f3-5552-4f3c-82b7-38d9d4976b8a,Philippines,ios,Chinese,18-24,2025-08-23
28c0b1ee-bfb2-4fd2-b32c-a93b9fd2e019,Spain,web,Portuguese,<18,2025-09-05
b88e32e8-4188-453d-a5db-6ae59caf91dd,UK,web,German,<18,2025-10-28
74eff375-ef82-4255-a73e-25d1bae58b08,Mexico,android,Spanish,25-34,2025-09-06
795258a7-f97a-47d0-a0ba-c209e3bc9734,France,ios,Italian,<18,2025-09-09
01646983-a1ef-47a2-aa54-e12c4c4f607e,France,web,French,35-44,2025-11-27
705031ce-5432-4595-aea1-8fdf0d969122,Indonesia,android,French,25-34,2025-08-07
e80a585a-ce62-40f1-b0e0-5ec7d527fd01,Indonesia,web,Korean,18-24,2025-10-16
9b212abf-a050-474b-8d27-86964824e284,UK,android,Russian,18-24,2025-10-15
728230e0-8ed4-4c30-9f09-a1f313132f5b,Spain,web,Hindi,18-24,2025-10-11
7df8c34e-8a82-4ba6-9524-4ca702fddf03,Philippines,ios,Portuguese,<18,2025-08-25
de29901d-8753-475c-831a-764398181ef1,India,web,Spanish,25-34,2025-09-07
acf8f1c0-9dba-4851-9b74-58e1274aa9d7,Indonesia,android,Russian,18-24,2025-10-24
d305af82-895e-4c0f-8df8-21ed65a0068d,Spain,web,French,25-34,2025-09-24
dcf5b80c-d360-4d33-93c7-83d648f0aec4,Germany,ios,Hindi,<18,2025-11-27
4f1a224e-018d-482a-8801-932900ed219f,Brazil,ios,German,35-44,2025-12-02
4b357b31-d740-4eb0-8b5d-674842a8aa83,Brazil,ios,French,35-44,2025-08-30
7c0b2b26-87c1-4d86-8b99-71021d90747f,Spain,ios,Portuguese,35-44,2025-11-01
728d82dd-a298-4174-bded-94582cac7456,UK,android,Chinese,<18,2025-11-08
c0b57e9d-44ef-477f-ab47-a7910807ae64,Philippines,web,Chinese,18-24,2025-09-15
28a411ec-5cf6-4867-a2a4-da37ef9cbe7c,France,ios,French,<18,2025-08-14
108b7bee-f860-49cf-9dcb-17d3fc260a5a,UK,web,Portuguese,25-34,2025-08-26
78820bed-6c9f-45a9-98df-3443143fcbd6,Spain,android,Italian,35-44,2025-08-15
be1bc149-9cc5-449a-a9d7-a16b1d353e90,Philippines,web,Hindi,25-34,2025-08-14
f527d639-2e34-49b8-82f6-021cddde1b79,Philippines,web,Japanese,<18,2025-10-08
1a9d241c-f5d5-4a01-9b43-89f64a6ff7be,Mexico,ios,French,45+,2025-08-19
b3ae3087-a77a-47c5-a874-1339c9abcc1d,United States,ios,Russian,45+,2025-11-05
2b98b911-2eb9-4aca-b433-d943303d39b8,Brazil,android,German,<18,2025-08-09
e20820d5-4475-41ad-b184-e84471b0626f,Spain,web,Korean,18-24,2025-09-13
e1d7e18e-c3e5-428b-a514-0f2d54769631,France,android,Russian,25-34,2025-09-04
8fdd9d2f-7e30-4274-8d81-51091782aa11,United States,android,Chinese,<18,2025-09-04
766fb6a6-efb9-4669-b7ae-7f1b736983e4,Germany,android,Korean,<18,2025-09-12
8f4a6347-e965-4024-8a33-87ff191cb76a,Indonesia,ios,Italian,45+,2025-10-17
44857dd8-9435-490c-81de-2752bd35ed6e,Mexico,ios,Italian,35-44,2025-08-29
31d47a4a-fdb1-461e-a8d8-da095505734a,Indonesia,web,Hindi,35-44,2025-09-19
f2496127-f7a3-40f3-948a-887213e32964,United States,web,Hindi,18-24,2025-09-25
8dd2eade-9802-4f92-933c-6bf4eb5ce4d5,United States,web,Spanish,18-24,2025-08-31
768f93b9-9fd2-48d3-8d79-7049577df965,Indonesia,ios,Italian,18-24,2025-09-17
2a37be92-992a-48c6-850a-f67cf93d18e8,France,ios,Chinese,45+,2025-11-08
3e11b815-e738-4972-b83b-0ca90e3b859c,France,android,Hindi,<18,2025-08-26
a2d27e3c-61ca-46ee-8823-c722a71c824d,India,ios,French,18-24,2025-09-02
91f5f72d-6721-4ae6-8b32-8d82ce22f517,Germany,android,Chinese,45+,2025-11-09
d2e55e89-e1da-4dba-ac31-cdd470d7d3a1,France,android,French,25-34,2025-10-27
605757fe-fa34-463f-be2c-47fe4ece9469,Germany,ios,Russian,<18,2025-10-07
c498f65c-f96f-4920-9228-370a2eaa7842,Germany,android,Spanish,25-34,2025-11-11
7cd2270c-9390-43d4-922a-ce1cd6e5a20b,United States,android,German,35-44,2025-09-07
8d9fac48-13c0-420d-86ba-c76d1a6ce2db,Germany,web,German,35-44,2025-11-24
3c99b22a-8664-44e1-a6b7-a1bb27dd0199,Mexico,android,Portuguese,<18,2025-11-10
c18dadd5-7d48-4176-973f-f9bc63142346,Indonesia,ios,German,18-24,2025-11-11
c0ce80ad-a9e3-4c4a-a2ba-de5d41fb38fb,India,ios,Hindi,<18,2025-08-31
e4a218bb-2a8c-4b3d-aa6d-c52219e4cbb2,Spain,android,Chinese,18-24,2025-09-29
1183e696-bd3d-40aa-afe5-1cd69c1f65ec,UK,web,German,35-44,2025-11-18
bbadefc6-22d4-431e-946d-1e7348c8c5c0,India,ios,Korean,<18,2025-10-16
6554b3c3-33ec-4e12-85c7-690d00bad10d,Mexico,ios,Spanish,<18,2025-11-28
8a3be974-b5d1-4311-b9f5-cd8785b470d6,India,web,German,18-24,2025-10-10
78419524-d137-487c-9da3-648604862828,Germany,android,German,35-44,2025-10-29
571530b3-b700-42fd-bc9b-622617d7f014,United States,ios,Hindi,35-44,2025-09-23
be419415-8815-4f28-b9b8-4d0da2dc9b19,UK,android,Italian,18-24,2025-10-31
34c10ba2-6b6e-4665-93f9-2699f70ea77e,France,android,Japanese,18-24,2025-11-17
67f72ba8-868a-466e-b713-765f7c8e7a47,United States,android,French,18-24,2025-11-13
0604fd05-c428-4ebc-832b-e095adcb7c1f,Germany,android,Hindi,35-44,2025-09-20
2f1787aa-204c-4229-b024-33a04ae49c7d,Germany,ios,German,35-44,2025-08-17
28767de7-0a27-4908-886d-cfd7355be8e5,UK,web,Hindi,<18,2025-11-01
55786bc7-f3be-4a1b-a8ea-5e3d7c658b98,UK,ios,Russian,35-44,2025-12-03
303e081e-4086-4fde-8f2a-20869079f542,Brazil,web,Hindi,25-34,2025-10-22
8fd1e06a-c243-41b7-b782-3dbfad801be4,Philippines,android,French,25-34,2025-10-05
fe11d491-031c-40b1-94f2-22bcdc41fa05,Philippines,web,Hindi,18-24,2025-09-04
2d47f30c-d3c9-4dbc-a777-b412a05fe114,United States,android,Portuguese,18-24,2025-08-06
f999098c-3381-4615-b381-b0c02273817f,France,ios,Russian,18-24,2025-11-14
d6e9cfa1-bf9e-4686-8f91-697c3705a734,India,ios,Japanese,<18,2025-11-28
2eee93af-1109-483f-8724-135268073ddf,Germany,web,Italian,25-34,2025-11-14
5e733ddb-2578-4b79-b43a-4ede7395af7f,Germany,android,Chinese,25-34,2025-08-07
eeb06054-27bb-4a9b-8de5-57852cb03d28,Brazil,android,Italian,35-44,2025-10-23
ac0e6e9f-95f1-4865-a5d6-f93f574344c5,United States,web,German,25-34,2025-09-18
5142104f-6836-4058-b726-02140ce01326,United States,android,French,35-44,2025-11-27
6228d9aa-3bb2-44cc-996e-d7e88f08bca5,Indonesia,android,Portuguese,<18,2025-08-26
3b7c2f4d-59d0-4243-b0a4-505458399eef,UK,android,Portuguese,18-24,2025-08-06
52b01797-4b0e-43af-bc79-bc10fde55b58,France,ios,Hindi,18-24,2025-09-14
571c078e-2dd8-4274-a596-3c74d4be70aa,UK,ios,Chinese,35-44,2025-09-16
ac8f49a8-69e9-47a0-a1ef-6ffe84eb4bfd,France,ios,Japanese,45+,2025-08-18
3be365ed-1e4f-41e8-8b2c-ee6a0f568920,Mexico,android,Chinese,35-44,2025-09-10
b8eee750-c9f0-44f5-92d0-0ed20519f5d8,Spain,ios,Spanish,<18,2025-10-26
1235b38a-9609-4ce2-97c3-0cf1384e524d,Philippines,android,Portuguese,25-34,2025-10-02
42d262d1-98bc-4e95-94e6-8e1f83e96d82,Philippines,android,Portuguese,35-44,2025-08-24
13084cfe-6b96-4d55-9496-beb24a15908d,France,web,German,<18,2025-09-21
7915a50b-667b-4959-953b-67278746ddd0,Philippines,android,Korean,18-24,2025-09-24
752b7672-20f4-4afb-b745-5b15ff40eed1,UK,ios,Italian,45+,2025-10-19
73c10ae0-2257-460d-90cf-6fc8d2916cbe,Germany,ios,Spanish,45+,2025-11-24
4949439b-3b6d-4454-acc0-91215e9b6f7f,UK,android,Hindi,35-44,2025-08-25
a55615e0-2121-4064-813d-6f49c7aadff7,France,ios,Russian,25-34,2025-09-04
b3fcc86d-f4fc-4bfe-8905-c93340152e9e,United States,android,German,35-44,2025-10-24
a4a19c9c-5287-429f-a878-d1b917f8b023,UK,web,Russian,45+,2025-09-27
c3ad48b6-9703-453b-b73a-f2158fd6e662,Philippines,android,Russian,45+,2025-11-05
c278f51d-5066-40f7-8f50-82cdd4e7066d,Brazil,android,Japanese,18-24,2025-11-10
c5b8c2f7-c3a0-4f46-9ec5-a712481f357c,Indonesia,web,Portuguese,25-34,2025-09-28
8c63faa3-08d2-41b3-a5f7-641158564048,Germany,ios,Chinese,25-34,2025-11-25
2be2cec1-9650-4452-81a7-e3cd7b552e41,Philippines,web,Japanese,45+,2025-08-25
a67ff11d-c415-4925-b029-848641a92071,Brazil,web,Korean,45+,2025-09-30
8860af0c-3146-408c-a834-71006b4a0b34,France,android,Chinese,35-44,2025-11-13
726c95ae-d6ee-4496-bf70-3b1395b0cd90,Mexico,android,Russian,35-44,2025-10-11
aea9a1f8-6f77-4438-873f-0e44b8e504c6,Brazil,web,Russian,18-24,2025-09-25
18ea2124-d88f-423d-864e-e5ee5c271d4a,Spain,ios,Portuguese,45+,2025-09-26
9f9b0ab3-ee97-42fe-aedb-2692ed5aba6b,Mexico,web,Hindi,35-44,2025-10-13
118b8672-26cc-4170-8c4f-20c3f7046ec3,India,ios,Chinese,18-24,2025-11-22
08fd5ebe-7b9c-4c0c-9b9f-68375f1671a2,Germany,web,French,25-34,2025-10-20
a9343a74-1911-4212-9a55-e96a0c7cc370,Philippines,web,Italian,45+,2025-11-05
9b5c787f-63c8-42d8-8bf6-31a01a75375a,India,ios,Hindi,<18,2025-08-12
20751408-775d-4e83-9494-3947b83b2fb6,UK,web,Chinese,45+,2025-11-06
cd4132e1-6582-4cc1-9fba-1f703570d83b,France,android,Italian,35-44,2025-09-10
e3a666e5-a2cb-495b-98e0-d50d451e031a,Germany,web,German,45+,2025-10-22
e7be9455-5887-4b24-a88c-dbc6fffd371f,United States,android,Portuguese,<18,2025-10-22
610c1e7e-7dae-4f87-9410-a69bf4028600,Mexico,ios,Italian,45+,2025-10-18
94fd7d96-48f3-4c14-b541-442de16d9a79,United States,ios,Chinese,35-44,2025-10-27
b24924d0-328d-4b8a-b306-73d6b546a4f4,India,android,Korean,25-34,2025-11-06
f3fb8f81-0c45-4336-ad43-636820dcbc8a,Brazil,web,Korean,35-44,2025-08-29
a8d9a688-92a9-43c1-befd-582589a34474,Brazil,android,Portuguese,18-24,2025-09-15
ae172f8f-5b20-4d43-8ec7-a3e88b8ad128,France,android,Japanese,35-44,2025-09-27
eb3fdca0-88bb-4aa9-90b8-d06c332ba70e,India,ios,Japanese,18-24,2025-10-04
e4ab37a5-0a9d-4d84-b356-79fbb2f9f67b,Indonesia,android,Korean,45+,2025-09-23
0f07fae5-5a44-4661-b1de-507a01db810c,Germany,web,Japanese,18-24,2025-08-20
a0dfeae7-9b84-445f-ac55-6b3dcd5c31f9,Mexico,android,Chinese,45+,2025-08-29
f1c5c173-5bfc-4b63-9dae-f78a8cfda36f,Brazil,ios,Korean,18-24,2025-09-11
a658fbec-7b98-4d72-89b3-58f811114484,Brazil,web,Italian,35-44,2025-12-02
7a7b4333-396c-46d6-9d56-807b4bc67be4,United States,ios,Portuguese,<18,2025-11-19
109d0c3c-1989-40ac-bd6d-956f0e205b20,United States,android,German,45+,2025-09-09
911f071e-cd3b-4c3c-86db-b9f3b0d65cb8,Philippines,android,Italian,18-24,2025-10-20
c150deb9-039f-430e-b8cd-46bbb9b7bac3,UK,ios,Italian,<18,2025-10-07
654b154d-3f6e-4833-8f91-7b0b033eafec,Indonesia,ios,French,18-24,2025-11-03
3af3e40c-8eaa-4635-9f1d-caf856786581,United States,web,Russian,18-24,2025-08-10
ec86302c-75c1-4677-9cd4-58e9f9f38f6d,United States,ios,Portuguese,18-24,2025-09-12
951fe9ae-e5fe-46de-9f00-e79e41f298ca,Germany,ios,Korean,35-44,2025-09-16
533dbcfe-e079-4e7c-8a0c-79cb6b3a089e,Philippines,android,Hindi,18-24,2025-08-08
3c667715-2996-4f28-9cdf-87f4f09ce462,United States,android,Chinese,<18,2025-09-15
6b87d4eb-937b-430b-bdd6-846ea424b269,Mexico,ios,French,18-24,2025-11-02
31b53094-86dc-405d-b835-e122396402da,Germany,ios,Korean,25-34,2025-11-28
0b92d300-6a03-4049-b412-09457b780042,UK,android,German,45+,2025-09-07
732ac33e-904b-4edc-bb2f-06d346adb72b,India,web,Russian,35-44,2025-08-12
2aa351bb-7a0c-4399-b2db-aa9887aba3c6,Germany,web,Italian,25-34,2025-10-23
875cb5be-71be-4b36-baa4-e9cb11dc35ee,India,web,Hindi,25-34,2025-10-16
2ca58fbb-1003-407a-877f-5270e72857f3,Brazil,web,Japanese,<18,2025-08-08
080506b4-2501-449c-992a-cc17c1c32253,Philippines,android,Hindi,<18,2025-08-24
07541761-827a-43fa-b4fc-5407bf8b77ea,UK,ios,Chinese,35-44,2025-08-05
239f5ffc-404d-4fc5-bde4-9747178424db,Philippines,web,Russian,35-44,2025-11-19
3276b25c-8188-4070-853a-640a0031de00,UK,android,Russian,45+,2025-10-15
d7fd370b-2b9c-4773-b31d-886a9b47c40e,Philippines,ios,Japanese,18-24,2025-11-01
8ef07372-aae8-4f6e-9e76-8a62b2976596,Germany,web,Italian,35-44,2025-09-25
c64b724e-c39a-49c3-8a11-944fb557bc5a,Philippines,ios,German,35-44,2025-09-02
f8ec7707-7024-44e4-9aaf-14773e273059,Spain,web,Italian,18-24,2025-10-28
27b9176d-ecd7-4856-aa16-4b20ff34d949,UK,ios,Chinese,45+,2025-11-30
bd12b2bf-7820-40e2-b35a-4ed2357d3b29,India,web,German,<18,2025-08-09
9a33f5f9-d2f0-4138-94c4-4214b07406b4,UK,web,Italian,45+,2025-09-28
04f3763e-fe82-41a6-be3f-a79e5da43801,Brazil,ios,Russian,18-24,2025-08-20
3c1cf807-95a2-4122-8bf3-382242b2118a,Mexico,ios,Spanish,<18,2025-08-27
65b29bd8-eac5-4208-82f7-c1c364bfe20a,Spain,ios,French,<18,2025-10-17
31494bc2-c0d5-439e-a73b-3ffdc62ae814,France,android,German,<18,2025-09-29
aca15aa3-ff59-4ee2-af11-39eca74cb116,UK,android,Spanish,45+,2025-08-23
702400d9-8be7-4a16-8922-0e689d1f1ddb,United States,ios,Korean,18-24,2025-09-29
6cdb8599-2093-4099-8904-c3921b3cff8c,Germany,android,Korean,45+,2025-10-07
42cff22c-dff5-463f-9936-b172381a6cbd,Germany,web,Italian,45+,2025-10-02
9e3ca2bf-5588-4591-b03f-ec867196fb02,Philippines,ios,Japanese,25-34,2025-11-28
3fe53a87-681d-4ebd-9853-3c5b2c6ee6d5,Philippines,android,Italian,35-44,2025-10-27
42a8cd5d-26f9-462d-b8b1-b80fc076bd13,Germany,ios,Japanese,45+,2025-08-11
7ded920f-45b0-407a-8f3a-ac94f932e988,Indonesia,web,Italian,25-34,2025-09-11
35019e6d-e2c2-4f4f-91fd-da2df476e5b4,Spain,web,Hindi,18-24,2025-11-09
2afc364e-4e4c-4e46-bba2-b5f91eda1619,Spain,android,Chinese,25-34,2025-10-23
0cefcabf-7928-40e4-b22f-0fb0944102fb,India,web,French,45+,2025-09-29
e35e3368-e7d7-4bb2-bfea-c88f8ce6864d,UK,ios,Japanese,18-24,2025-11-23
07dc4ff3-f8d1-401b-8f84-cbfb0c6e727f,France,android,Chinese,25-34,2025-11-21
c232f277-1e48-4fdc-8675-62317b15d5c5,Germany,ios,Hindi,45+,2025-11-12
44efd656-2142-4bdd-9f90-1db1ea719e1d,UK,ios,Korean,18-24,2025-08-27
7842fb43-b8d6-48b9-9f24-e4006970064d,Spain,ios,Italian,18-24,2025-09-26
8bd61e41-f544-4b78-9338-861b96fc994b,Brazil,web,Portuguese,35-44,2025-09-26
3e729924-3b79-4de5-910f-4e102f32e1ca,Germany,ios,Chinese,45+,2025-12-03
e3833ac0-9dfa-4a4c-a948-56856ebaeab1,UK,web,Italian,35-44,2025-09-14
bf09d486-a203-4f9e-afd1-7c6c3f0aa0b3,Spain,ios,Korean,18-24,2025-11-25
b04807eb-ea68-4301-ac69-135b13de6eda,Mexico,web,Japanese,18-24,2025-11-07
f5c7d94b-e7a7-422c-a911-96c1a87005ce,Spain,web,Chinese,25-34,2025-09-09
0b241ff8-6939-4492-a42e-d65b1278afcc,Philippines,web,German,35-44,2025-09-14
632e1250-5795-4b0c-9e47-1e5bd2c8e7ef,United States,ios,Italian,<18,2025-08-26
10c22f78-8851-4763-b985-d04ae7831a58,Indonesia,ios,Chinese,45+,2025-11-06
fafa003a-4807-4b48-8da5-c7cb0995204f,Indonesia,web,Russian,35-44,2025-08-15
3cb8ac00-1d87-48e4-9c58-45ef94d469f2,Philippines,ios,Hindi,18-24,2025-09-07
9d739b78-bc6b-4e30-8a75-81d87181ff22,Philippines,web,Spanish,25-34,2025-10-10
c758dc1b-c3b2-4730-9b50-88b68b390db8,Germany,ios,Japanese,45+,2025-08-19
db5585ab-2121-4cd2-98fc-5e841e30bfc6,Mexico,web,French,45+,2025-11-20
2d7a2335-3119-4cf4-aa82-27da516e851a,Mexico,web,French,25-34,2025-11-07
4dd4a792-35e8-406b-adbf-62d03b056b77,Germany,android,Hindi,18-24,2025-09-26
0223cb5c-5fc8-4242-9bf0-f7239468f2a1,UK,ios,German,<18,2025-08-19
34b910fc-75ae-469c-bcb4-092c7ee41f88,Germany,ios,German,25-34,2025-09-05
389b8e6f-4ab9-49b5-a472-f0689273bdb0,France,android,Portuguese,<18,2025-08-13
4e15a76f-4e7b-4d54-88c4-3527c68c8b56,France,web,Portuguese,35-44,2025-08-31
e32743b6-c3ff-4abe-80e9-c7f43893077e,Indonesia,web,Spanish,45+,2025-08-26
b8a49fbb-c3cf-44ff-8879-81e388b0328c,Spain,android,Spanish,18-24,2025-10-09
82d12554-0fb2-4d34-84f7-9d088b6f2923,Germany,android,Portuguese,<18,2025-09-12
27ef03c8-6e5e-4f8b-934c-7f8c4595a7c2,Germany,web,Hindi,18-24,2025-08-21
f2380ebb-cb5d-474d-8bdf-0ef7543d10c5,UK,ios,Korean,35-44,2025-08-05
f27dffca-169c-4a9b-829a-f9eaa12c952c,India,android,Japanese,<18,2025-11-24
23a0b2cd-46c3-4a43-b350-227ff41519fe,Indonesia,android,Russian,18-24,2025-08-30
4ef2da7d-f310-4bad-ab4d-67b6d2bf850b,Indonesia,android,Portuguese,18-24,2025-09-07
71e8681a-603e-41dc-8616-490b5e78fa46,Indonesia,android,German,35-44,2025-11-14
21e4934c-9fb4-4d30-9c3d-7dd21ea2549f,Spain,android,Japanese,25-34,2025-11-30
9d6c25b4-84e7-40ef-832f-bfa7f6e94f9d,Philippines,android,Korean,35-44,2025-10-06
1d8433ae-bb95-4f9f-a3a9-9543f8c3fcff,Brazil,web,Spanish,<18,2025-09-03
e9347738-5079-462e-939a-ca8d431ba9d2,India,web,Italian,<18,2025-10-22
78254ddd-2d81-415e-8238-384b59859916,Spain,android,Hindi,45+,2025-11-29
58785fd6-7925-4ce9-aea0-85fcd3fa7340,France,web,German,18-24,2025-11-22
d652da67-0211-490f-a0c7-d0ff96c81cbe,UK,ios,French,<18,2025-11-24
0babd382-0242-4bc1-ae73-2ae964bfb5d6,Philippines,ios,French,25-34,2025-11-27
04415de5-0221-474b-aaf4-ffc1227d181c,France,android,Spanish,25-34,2025-11-11
1e2817ae-8568-42fc-b891-07fc881a41f7,Philippines,ios,Italian,35-44,2025-08-24
a3bb3e58-fe06-46c4-9856-8110c943151d,Mexico,ios,German,<18,2025-11-01
ab37493a-9193-48f2-91e5-f0c73150f8a9,Indonesia,web,Hindi,<18,2025-09-23
6247ce99-636f-4232-9d40-006bf3ffe9d1,Philippines,web,Spanish,45+,2025-11-24
e6f62a7a-3b62-4b4a-880b-9adc0946bd8d,United States,web,Korean,45+,2025-09-21
06d7d198-5d26-45f4-9c4e-40c63d325ed4,Indonesia,web,French,45+,2025-08-20
d1abb428-19df-4db3-af7a-497db71a5a26,Indonesia,ios,Chinese,<18,2025-11-04
e3790184-ce36-4b57-8176-e046153d34d8,UK,android,Russian,35-44,2025-08-09
3013b114-98af-4b70-a3f7-6ed44510d8a8,India,web,Japanese,35-44,2025-10-31
a0dd219d-8b40-4572-ab28-0e30462de6de,France,ios,Portuguese,35-44,2025-10-12
0d38bfee-b40f-44ba-bfcf-b2914c27b2eb,Philippines,web,Korean,35-44,2025-10-15
da5561df-3e11-4e6d-bfc8-87c184bb3143,Philippines,ios,Hindi,25-34,2025-10-07
66509966-6f80-4d10-9dce-ca0344e1cd6c,Mexico,web,Chinese,<18,2025-09-14
cbe843a5-75b0-4b67-8d09-895aad0d543b,Indonesia,android,Hindi,18-24,2025-10-13
8497d534-9389-420c-91f6-c7828306d02f,Germany,web,French,<18,2025-10-09
aa51bba0-a076-4545-920b-e1650757f078,Brazil,android,Korean,35-44,2025-10-24
8cb7d0f2-015d-4dbe-9be3-34874ce5cdb2,Germany,web,Spanish,25-34,2025-12-01
708e28f2-8759-4381-88b5-355e848c237b,Philippines,web,French,25-34,2025-10-15
085ac78f-c34f-4464-a4d9-1d7f49c47dbf,Germany,web,German,<18,2025-09-08
99a02deb-fbce-4912-86ae-dd6ee32381dd,UK,ios,German,18-24,2025-11-18
c3a78a52-6225-49b9-8091-d483977ca1e2,United States,ios,Russian,35-44,2025-09-26
81067547-b7c9-4ff3-8f12-22e3976d95d1,Philippines,android,Japanese,25-34,2025-12-03
fd369bc9-203f-4221-9a05-8f6ec6d54e7a,Philippines,android,Italian,35-44,2025-09-12
c813066a-e6c9-4c30-b156-5040ade14d3a,United States,ios,Portuguese,35-44,2025-09-02
791628c1-1794-47e0-86c1-8867489a9b6f,France,android,Spanish,35-44,2025-09-15
14a2cef1-8b0c-46a3-ac2d-1dfdbfb8a21a,United States,android,Chinese,45+,2025-11-25
af4a2975-243b-4099-b219-7fb49463bac9,Germany,ios,Portuguese,35-44,2025-08-29
006b89ad-ce2b-414f-8efb-7e6731018401,UK,ios,Russian,35-44,2025-08-30
d4bf8f93-3abf-45a3-b631-f1f9dbb32c89,Mexico,ios,Korean,18-24,2025-09-20
77254b3e-de0e-4290-b40c-b5626eda7890,France,ios,Italian,18-24,2025-11-28
c6e0b41e-a59e-46a3-8316-acf69dd0d4bd,Spain,web,Hindi,45+,2025-09-05
d46a5b8b-36cc-4804-a227-dd4e6e58cc3e,Mexico,ios,Japanese,45+,2025-08-17
6c788de5-570e-4bea-81ef-bab44d662082,India,android,Portuguese,35-44,2025-11-24
5dc4ef27-43bb-4e3c-9d97-49a213814cbc,India,web,Portuguese,25-34,2025-10-19
197ca132-e63a-4c24-a509-ce23ee07fdae,India,web,Japanese,25-34,2025-08-07
180dbe2a-4333-45ee-ab18-3fd306fab143,India,android,Portuguese,<18,2025-09-30
ab191584-3f10-4139-949c-b2ec1b2f0106,UK,web,Chinese,25-34,2025-11-20
90587e93-7565-4c31-8636-4354755616be,Mexico,android,Italian,25-34,2025-10-27
ae399609-c201-4584-a4f9-4956b28ccac3,Indonesia,web,French,18-24,2025-08-25
e91a0c4c-418b-48d6-abaa-bf99fb8508ad,Brazil,web,Korean,<18,2025-09-07
4d2916c5-5c4a-46f0-bbd0-3e31363bfbb7,France,android,Japanese,<18,2025-10-26
9f42bbe6-bfcc-493b-8c33-c45972ad4b23,Spain,android,Japanese,18-24,2025-09-17
db4323bf-001f-43ea-9402-bba6c89e3d8d,Germany,android,Hindi,25-34,2025-11-22
f96f8cb7-2bb0-4c63-a508-0c1ae61cfde3,Philippines,android,Russian,25-34,2025-10-28
d1920130-1410-494a-a59b-690441ac864f,India,ios,Russian,<18,2025-08-28
f840888e-6ba1-4e44-a5f8-1b28335f9563,Spain,ios,Portuguese,25-34,2025-08-07
3fb24987-9938-4bec-8845-2ccaa3110066,Philippines,android,Japanese,<18,2025-10-08
af17eb7a-e1fa-44d1-bd0b-3bbe19b4b758,Brazil,ios,Portuguese,25-34,2025-10-16
d71f2529-f8cc-48ce-9807-0b6599b8f25f,Spain,android,German,35-44,2025-10-14
6f41f6c5-d595-4660-a29a-8b540153f7a9,Mexico,android,Hindi,18-24,2025-08-20
9e95502e-e04d-4ad3-a6db-1ebc0643b55c,Spain,web,Portuguese,45+,2025-09-10
3d761a14-b619-4a86-91f2-b9b0c8220a04,India,android,German,35-44,2025-11-30
38fa330a-48c8-46a3-8d40-0dee2c3fc87e,Brazil,android,Spanish,25-34,2025-10-04
628c7bc4-b24c-437c-ae77-59b7558e8d2b,Germany,android,Russian,45+,2025-11-13
2fa9289a-802f-4fbb-866c-4582eb893d37,Indonesia,android,Italian,35-44,2025-09-26
d3218d3e-a82a-493b-9d0b-5c822017c090,United States,web,Russian,18-24,2025-11-05
9613c6fd-3d07-4aa0-ae90-a103be1ba97d,India,android,French,45+,2025-11-16
51d28c98-22fa-4468-b263-d59eca47c55d,Philippines,web,Hindi,45+,2025-08-30
e5367d7b-933d-4297-b9ac-bfe902b5becf,Brazil,android,Hindi,18-24,2025-10-14
38aa1dbd-bc5f-4212-a310-725c8c7cf56b,Mexico,web,Japanese,35-44,2025-08-24
c5db0403-9470-4b4d-845e-1d0155368e46,UK,ios,Portuguese,45+,2025-08-23
0f9bd255-96bc-47f3-b854-a9d58a65b215,Brazil,web,Spanish,18-24,2025-08-17
9029b599-7b8c-49b7-b8b9-a82e4acdbb8b,Philippines,web,French,35-44,2025-09-25
38829a00-cb42-4604-bf7c-d7959acc9b80,United States,android,Portuguese,25-34,2025-10-27
b09bf2f8-f891-4365-993d-c08dc1699f7f,United States,web,French,<18,2025-09-13
c7f395b8-696a-454b-9732-5e789b7dec8b,France,web,Japanese,25-34,2025-11-15
b53d77d9-d823-496a-bad0-a7e2af294eb4,Indonesia,android,Japanese,25-34,2025-10-26
c87558e4-e370-477c-9f9b-c38f98c027ff,Philippines,ios,Russian,<18,2025-09-08
c273d068-1af2-4f5f-a92b-8a060848cb4d,United States,ios,Korean,25-34,2025-08-12
4834acc9-0431-46bf-95ce-58172ac52981,France,ios,Russian,25-34,2025-08-08
1fb72d28-f542-46df-85de-b3ee50455445,France,web,Hindi,18-24,2025-08-24
df53b6a0-5665-43d3-af08-3c9e138cdfe5,France,android,Hindi,18-24,2025-08-15
baebc41e-dff7-405f-aa3e-a7998c8b1aa2,Brazil,ios,Spanish,35-44,2025-09-01
3e86c9f0-1042-4890-8b33-140330d9d557,France,ios,Italian,45+,2025-09-12
133a3216-1fc8-4246-970d-152d08083a99,India,ios,German,35-44,2025-10-17
7c34525e-97dd-427c-a941-69ec9c6eea49,Philippines,ios,German,18-24,2025-12-02
e17e586a-9885-4032-b076-b6b97bc9167d,India,android,Portuguese,18-24,2025-09-24
64a1d166-53c0-4907-b053-3d15bdfe64a2,UK,ios,Japanese,<18,2025-08-14
f9bf6d9c-57db-4792-b16b-e52ab9372013,United States,web,Chinese,<18,2025-09-23
f15761bc-4e42-4fa3-b047-b58cafbc40e3,Indonesia,web,Japanese,18-24,2025-11-15
11f9f4c1-3549-49bf-8a11-6492c2ec834e,France,android,Chinese,25-34,2025-11-18
88c56469-9ce0-4cce-9e6d-6d1557d98b21,Mexico,ios,Japanese,35-44,2025-11-28
333f12cc-64ad-464a-a3bf-6c61cf5bb968,Mexico,ios,German,18-24,2025-12-03
e3d32d77-acee-4eb3-943a-cdc3779ba9f9,United States,web,Italian,18-24,2025-09-21
455023b5-0055-4a0f-9f37-588d0691668d,UK,android,Italian,<18,2025-09-18
e80f4713-ee86-4325-b097-d8463eb5303a,Mexico,web,Russian,35-44,2025-10-14
cae4667f-543f-438f-ab05-6f2a243ee1ad,India,android,Russian,35-44,2025-09-26
12a4e800-5770-4450-9fa3-3d9c16bc1e2a,Spain,android,Spanish,45+,2025-09-24
7307066d-d8ec-44f7-bd75-634fe87ecf9d,Brazil,android,Chinese,18-24,2025-11-23
102e8ae4-6373-4876-9ad3-ca58d98449ce,Germany,web,Chinese,45+,2025-10-25
28922371-a8c6-4dcb-af1d-d39781f11ca9,Mexico,android,Chinese,<18,2025-11-07
db9023c5-5fac-4ec8-8b3d-4571b7b1110c,Indonesia,web,Russian,45+,2025-08-30
2de76a57-019b-441e-8e9a-fc1a4d95a429,France,web,Japanese,25-34,2025-08-31
d05525e2-b3b4-4baa-8ea0-544b045eaefc,Indonesia,ios,Korean,18-24,2025-08-10
792b37a5-434b-4fbc-a73f-bf0f823dfb05,Philippines,web,Russian,18-24,2025-09-02
d67e3ee3-1cb1-48d4-8587-2b4c542b17f1,Brazil,web,German,35-44,2025-10-20
51151ca9-90f9-4c5c-bc17-96b0e999a0b1,India,ios,Hindi,45+,2025-11-06
0599cd2d-839e-4d3f-a8a4-4507e25e7068,UK,ios,Portuguese,35-44,2025-10-12
86f251fb-eaa5-4485-bde1-8157a2e9071e,Brazil,ios,Korean,45+,2025-08-10
aa5c3e15-ea68-4a59-8590-2abd1a315fce,Germany,android,Japanese,45+,2025-09-12
107f73c2-041c-4b26-a7a2-fa77d11a12a1,Spain,android,Japanese,<18,2025-08-17
557cbb03-9077-483a-9e58-e0aa4037f700,Mexico,ios,Portuguese,45+,2025-09-29
5044023f-6f43-4ddb-a557-a373918ecac5,UK,android,Chinese,35-44,2025-11-15
af1498a4-b038-48a8-8de1-40039cd001af,UK,ios,German,45+,2025-11-13
006fd26b-87e9-455a-a67c-5fe23923bf48,Mexico,android,Chinese,45+,2025-11-10
6a7e94da-d874-4e8d-b773-52fe5024e474,Mexico,web,Chinese,18-24,2025-11-05
1d118812-36c6-47dc-aa81-9c00700f7ac7,Mexico,android,Hindi,18-24,2025-09-16
f7eceede-798e-4815-9aaa-e76b56b1e607,Mexico,android,Hindi,18-24,2025-08-19
114b27db-a78f-4bb4-ac5b-212270c4250b,Mexico,web,Italian,25-34,2025-11-01
b6209890-51e7-4bde-b1d3-0f09661748a8,UK,ios,French,18-24,2025-11-09
cd8ff54f-c488-4fce-9cd6-cdbb167bfa30,United States,android,French,25-34,2025-11-19
9b31244d-677c-45dd-be85-a289380c40bf,United States,android,Russian,25-34,2025-11-10
61d31de1-d97a-49b2-af37-06869da30015,Indonesia,web,Chinese,35-44,2025-09-09
25ba112a-c4f1-46f1-9eb6-c2e38e254ddd,United States,web,Portuguese,18-24,2025-08-23
9e4c84cb-74da-4cc8-b3bd-3319c9a4e4da,Germany,web,Chinese,45+,2025-09-22
c5a851ca-3251-4603-8c81-b85e5ced670a,United States,web,German,<18,2025-08-16
57d7f4df-19b2-414a-84f5-72cd1de6efdf,UK,ios,Spanish,45+,2025-11-27
73a32be0-8c31-4392-8733-c2c0bed9eac8,Mexico,android,Portuguese,18-24,2025-08-17
c3471b6e-347a-4584-a617-495cdb8c4a09,France,android,French,45+,2025-08-29
c0352a7b-eb3b-47e4-993f-162d1a14cf48,France,android,Korean,18-24,2025-08-06
03a26f51-cd05-4efd-a2bf-65a9c87bd50c,Germany,android,Italian,18-24,2025-09-24
780b65ea-dfe5-4c3c-9e11-36434763e289,Philippines,ios,Italian,45+,2025-10-05
bcf314a6-95bc-44f9-acf9-85bafdb06d2f,UK,android,Russian,25-34,2025-09-12
e57fc826-cb58-4a7f-97eb-b6afd1e3f870,India,ios,Chinese,35-44,2025-09-24
d44da7fa-033c-4052-b57d-4636ff36879b,Brazil,ios,Portuguese,35-44,2025-11-24
1b6df7df-caac-4a1f-b436-aabb1d98032b,Indonesia,web,German,35-44,2025-10-27
5a8aca64-e378-4eda-9fb4-12684e5f2a4e,India,web,Korean,35-44,2025-09-09
59b94b18-3cb4-4c31-8cc6-6ef98b4bf07f,UK,android,Russian,<18,2025-11-25
b01d1be2-3fb4-4b74-9296-192f31ba8ff7,United States,ios,Japanese,18-24,2025-11-01
ce6b8672-a389-4aa6-988f-9fbfa47389dc,Mexico,web,Russian,<18,2025-11-21
bc3926db-37b7-46fd-bf6e-511fc16faeea,India,ios,Japanese,35-44,2025-11-08
9520c6cc-51dd-45ae-803c-e270ae761992,Brazil,web,French,35-44,2025-09-02
5439bb6a-f98e-4e4b-9c87-cfa63323970c,Philippines,ios,German,45+,2025-09-20
5c81ebbc-6113-46ee-8f5a-3ab9ede97ac0,France,android,Japanese,35-44,2025-10-02
aed437c8-2a75-4947-80f7-3a5b88bd5538,Philippines,android,Hindi,18-24,2025-10-22
fdf3fbfd-b751-423a-a52a-e5a27cffb95f,Brazil,ios,German,35-44,2025-10-19
bad192a3-b7c2-437c-96e1-118b9f343945,Mexico,web,Chinese,35-44,2025-11-17
6bf344ad-0a45-45ee-b2d4-89cfe538e746,United States,web,Chinese,<18,2025-09-09
363e8b42-a021-45f5-ba34-1d170c794fa8,Brazil,android,Russian,18-24,2025-09-11
08712fe4-025e-4297-9f82-0341d461c901,Indonesia,android,French,25-34,2025-11-03
a61b3a51-e673-4320-aa92-7f2dce50409d,Brazil,android,Japanese,45+,2025-11-21
c1864927-4576-4bae-92bf-7c123218da2a,UK,web,Chinese,25-34,2025-10-28
bf8c209f-ad89-4a9b-a8ff-98a26fcafed6,United States,web,Spanish,<18,2025-09-15
ca587c3b-2b53-4e85-95c6-a0afda087648,Mexico,android,Spanish,35-44,2025-11-25
ecdd3fe9-91cf-4528-870f-8becc0d9471a,France,ios,Japanese,45+,2025-08-10
08d3cac6-4d96-4b23-b511-1cc6eef64bb7,France,web,French,18-24,2025-11-09
de052a67-46cf-4c42-9ab3-2ef120b2fa0f,Brazil,android,Spanish,45+,2025-10-24
bda5f6db-da01-4cad-b70a-ccabcdae0be0,UK,ios,Chinese,<18,2025-10-02
07939ec6-dd61-4e13-a171-89013ef9e049,India,web,French,35-44,2025-10-07
4993f7b2-25f2-4aa8-982d-444391a0059a,Philippines,ios,Japanese,<18,2025-10-22
18560cd7-1801-4551-b8bb-bb74d0526c83,Philippines,ios,German,18-24,2025-09-16
8455d4dc-b027-4bed-b90c-764db053067f,Philippines,web,French,25-34,2025-09-10
bd5f7d2b-3e17-47ab-b459-5b57355bb4db,India,android,Chinese,35-44,2025-10-25
baf6212f-6ca6-4a53-876a-7ba3cc69887e,UK,ios,German,35-44,2025-09-06
d421e371-be47-4523-bf4b-36f57d02032d,Philippines,android,Korean,<18,2025-09-20
c87c9fc5-8745-4310-8a68-1c5a35b5a01d,Indonesia,web,Russian,<18,2025-11-14
12c5124a-f231-4961-ad76-642e6fef7ad2,India,ios,Italian,<18,2025-09-22
941fabdb-ae0a-4a25-bcf2-ad788ee8c0d6,India,ios,Korean,35-44,2025-09-22
1017fff6-7b57-4cd5-a7d3-b9fba370325d,Mexico,ios,German,<18,2025-10-18
8c255d88-bb2e-442f-a181-e3625ef17b88,Mexico,ios,Italian,45+,2025-08-22
6927c9fa-6095-45cb-bf50-0faa733996bf,United States,ios,Russian,45+,2025-10-24
c2c009b9-3e23-44aa-a50e-abc030674410,Indonesia,web,Portuguese,45+,2025-10-10
0584d262-f73d-4f4f-840d-dd07f1f4c84b,Indonesia,ios,Korean,35-44,2025-11-12
7aaad27c-69ad-425c-97b3-41a4f48b982c,United States,web,Chinese,<18,2025-12-03
34b3642c-429e-46d7-8350-f54678cdee85,Indonesia,android,French,18-24,2025-10-24
c588ebf4-4e55-4a38-b3e6-525e2a40bf7f,Germany,web,French,<18,2025-11-02
b324692b-0714-4c5c-afda-771ea09a6f37,Spain,ios,Italian,35-44,2025-08-25
19612ad1-4f4c-425e-a34b-8eb5348ba359,Philippines,android,Italian,45+,2025-11-05
a91f5b92-632b-4709-a000-78e7aa862f2d,Mexico,web,Italian,35-44,2025-09-03
85bbe8da-42f5-486a-bcd4-f4c0b4517057,United States,web,Japanese,<18,2025-08-31
a95438ee-ef51-49e1-afe2-bda6530dc370,United States,web,Chinese,35-44,2025-09-12
f1584707-e1f8-4694-8bfc-2575ea871fbb,Indonesia,ios,Italian,18-24,2025-10-09
c558428a-a7e0-4cad-ba1d-c603e92e9269,India,ios,Spanish,35-44,2025-10-29
7e8a202b-2386-45b9-88d8-67813acd87c1,France,web,Russian,25-34,2025-08-18
82a2f6ac-184f-4cf8-8fd7-839c5d4e12db,Brazil,web,Italian,35-44,2025-10-18
a057c767-557c-49df-a4e6-c3ef6eb35370,Brazil,android,Spanish,<18,2025-11-16
d3d90af2-f6d1-472e-94f1-db399da26518,United States,ios,Japanese,25-34,2025-09-08
af2e6172-8d98-43cf-aa17-191d8395b07d,Philippines,ios,Spanish,45+,2025-09-01
0638d2d2-1019-43a7-9985-e226d99bc583,Germany,android,Portuguese,<18,2025-10-22
85f39ae0-d409-4954-bde9-fdda08af7035,Philippines,web,Portuguese,18-24,2025-08-13
57f44747-1c43-4f04-83f3-57628f00eb09,United States,web,Spanish,35-44,2025-10-03
dad9b1b6-98d7-432a-b4b9-73e70443c011,Philippines,android,Chinese,35-44,2025-10-05
e9a649d8-bf3f-4697-9304-22e52ac002bd,Mexico,web,Japanese,<18,2025-10-07
1fcbbc87-f489-4da9-8b1e-b05ea327ac41,Philippines,web,French,35-44,2025-10-19
267c8e3b-4b81-42cf-88cd-1ccad40c074e,Indonesia,android,Spanish,35-44,2025-08-26
473d0d77-14f4-44cb-9c70-d78245822a8f,Indonesia,android,German,45+,2025-10-25
516ec67c-612f-428b-86e9-a28db4bbe62e,Germany,android,Hindi,35-44,2025-10-02
b62a137c-29a5-461a-bf73-81f2c0c2a9c8,Mexico,web,Russian,35-44,2025-09-24
dfdd1b4a-f31f-4fc0-b1de-f745d6c24612,France,android,Russian,45+,2025-11-20
1e846dfc-90a2-41b3-b58e-f613c389fb19,India,web,Chinese,35-44,2025-11-11
6f0d673e-c9bc-43e8-af30-f8776ffc2e47,Mexico,ios,Italian,45+,2025-09-12
74de934e-3443-45f3-bb03-170c3d5df674,UK,ios,Hindi,18-24,2025-09-17
9d26b322-06bc-47b1-9767-4fc909322968,Spain,android,French,35-44,2025-11-23
de1bf457-b0f3-4464-a12b-30fe558ae649,United States,web,Japanese,<18,2025-08-18
193a729f-6eb8-43f3-bfe6-57558a6f6706,UK,web,Portuguese,25-34,2025-10-29
64c44957-eaa2-4f37-ae0d-9f0d1ec4c1b1,Germany,web,Italian,18-24,2025-08-16
a6b94176-d16d-4ddb-8ce8-957738bcfba7,UK,android,Portuguese,35-44,2025-08-20
58fee16c-de1e-4529-b504-2c33bf8bd278,Indonesia,web,French,<18,2025-11-16
269e52bb-fe3d-48a1-85eb-f34a4489de6d,Philippines,web,Hindi,25-34,2025-08-11
648d235e-c674-4734-a0dc-d51a5a85c439,India,web,Chinese,45+,2025-09-26
6cae9deb-3cc9-43e3-bf1e-8c5353f394cd,Brazil,ios,Korean,35-44,2025-11-08
d7f2d061-fb67-4aa5-96a4-08bcec212275,United States,web,Portuguese,45+,2025-10-31
d1c45081-a469-4754-a9e2-18024233373c,Brazil,ios,Hindi,18-24,2025-09-01
10e9feb5-2838-4e9d-83ba-5f386d246e0c,Philippines,web,Spanish,25-34,2025-08-12
2c7ed2b2-c3f9-4dcb-9d89-31064b883680,Indonesia,web,Korean,25-34,2025-09-14
bbe1f8f8-3eb3-4f6e-b23c-80d133ffbe55,Indonesia,web,Portuguese,45+,2025-11-24
d13f9f9d-7d81-4346-b338-10408031e6d4,Philippines,ios,Japanese,45+,2025-09-01
01b6b39a-2250-4b71-86aa-039b47bc5ba7,United States,web,Russian,18-24,2025-11-24
76da4be8-e96f-4ebb-9a1a-fb3c3d49a9c4,Brazil,android,Korean,<18,2025-08-11
4b363061-3906-43b6-83a4-c16f8f5fdb9a,Mexico,web,Spanish,35-44,2025-12-01
8d45f6f5-d956-4656-b1cc-ce403caee7a1,Indonesia,ios,French,<18,2025-08-17
9837b538-e89e-4a64-80ce-ea61157c5e65,Brazil,ios,German,25-34,2025-09-30
5f6e56d9-7cb2-4d64-936a-e2a4363da060,France,android,Spanish,35-44,2025-09-14
00d6771b-7959-4a7a-87cf-25075d8139aa,Brazil,android,French,18-24,2025-11-30
bd7c586b-3a1c-4c60-831d-620b8bda326b,France,android,French,<18,2025-08-21
0617ec8d-6153-4903-8a4d-075f8691d506,France,ios,Hindi,<18,2025-09-20
ca03ef71-fa30-4e3e-8b93-915447775984,Indonesia,web,Russian,35-44,2025-09-20
eebfb2bf-19d0-4480-b769-72d58c3b8d63,United States,web,Portuguese,18-24,2025-10-13
2d644502-0bf2-4b31-a5a9-c6d268588357,Germany,android,Korean,18-24,2025-08-27
dc7dd921-4bb8-4313-969e-a22e375a435f,Indonesia,android,Italian,<18,2025-09-19
25193349-10e8-4152-95da-a63eecd0bb01,United States,web,Korean,<18,2025-11-06
aaf151d0-1785-44c4-be58-d6e4a8bad6e3,United States,android,Russian,45+,2025-08-09
2ef6991c-d388-4b15-b62e-ca1b53753407,UK,web,Korean,35-44,2025-11-29
f584503b-d976-4675-9378-dbb3e636b737,Philippines,web,French,18-24,2025-09-24
33a95984-aead-45c9-97b4-d1ff33deeab3,Philippines,web,Korean,25-34,2025-10-31
b1046ce0-6759-41e1-a4b1-3fc77c25a0a7,Philippines,web,German,35-44,2025-09-25
285de690-4aec-47cb-9161-2e5ba0f928bf,Spain,ios,German,45+,2025-08-11
f0862f08-c17a-4ab0-b5b2-ad0f0e102379,Indonesia,web,Korean,35-44,2025-09-25
7e5ca791-e174-4941-8f21-f339b40a0201,United States,android,Hindi,<18,2025-10-04
511243f7-b504-4c51-919d-e86f32992592,UK,android,Chinese,35-44,2025-09-11
4d96b772-c1c1-484f-9ef3-a93700f531dd,France,android,Hindi,35-44,2025-08-26
c31d4399-766d-4a8b-9abc-d759b5d85999,Germany,android,Korean,35-44,2025-11-14
3b3e109a-2b08-4fd8-8604-f8cd746119ff,Germany,ios,Chinese,25-34,2025-10-18
9e958edb-060e-4715-aef6-85b1446eaf03,France,web,Japanese,45+,2025-10-14
f38a84fc-ab2f-4afe-8838-b9287a163ad3,Brazil,web,French,35-44,2025-11-05
3e7a9295-f8c1-440e-86e7-1e9f5c984bd3,Brazil,android,Italian,35-44,2025-08-11
cb776a63-6021-40c6-b51a-8c37421c13c8,Philippines,android,French,25-34,2025-08-27
1e601881-d44a-4785-ae6c-f162f065e994,Indonesia,android,Japanese,18-24,2025-09-19
1a29828a-903d-4495-88f5-bb6b1e8e8c25,Spain,web,French,35-44,2025-09-01
5de5dbfc-3511-4325-9eee-426a8186e540,UK,ios,Italian,35-44,2025-08-16
76e01aaa-405c-4695-8806-10cebc45e1fb,Germany,ios,Portuguese,18-24,2025-10-27
4570ead1-91c5-4ad8-aa0f-3e0dfd2d5dab,Philippines,ios,Spanish,35-44,2025-11-16
5c1dd86b-79ee-425f-9e18-43a26a59e3dc,India,ios,Chinese,35-44,2025-10-05
8218c6ef-651b-495b-a48d-3384293c15f7,Philippines,android,French,35-44,2025-09-30
bbe02977-437a-4127-848f-a280c2d82a39,India,web,Italian,45+,2025-09-29
81e18338-c23b-4bf1-b56a-b56f94c66790,Mexico,android,Chinese,<18,2025-11-22
5640e8c6-758e-48c6-99f7-832cbc2125c1,United States,ios,Italian,45+,2025-10-14
05807da0-4cfd-4635-a0f5-02f4ad309d30,France,android,German,18-24,2025-10-18
f850c52e-787f-4161-ab24-ff362f6a587d,United States,ios,Portuguese,45+,2025-09-30
313716aa-ca3d-4ad8-92f6-58b8ceb1c570,Philippines,web,Spanish,45+,2025-12-02
7b96a0d8-7962-4ade-9110-b9806fb7903c,United States,ios,Spanish,25-34,2025-09-10
a937e293-51bc-40d9-9818-365634b7410b,UK,android,Chinese,18-24,2025-11-03
f821a17a-6599-431e-b7e9-20cd1742646e,Mexico,web,Hindi,18-24,2025-08-17
ddb8e567-29d3-4a89-8bfc-ff06dd3163ac,Spain,ios,Russian,18-24,2025-08-22
9c767145-50f0-4288-808b-2766486b75b7,Mexico,ios,Russian,45+,2025-09-16
aea2fcbe-20fe-4687-bb53-0697700748be,Germany,web,German,18-24,2025-09-07
5cf9df01-7cb4-47c4-9145-a2da1987ebc3,UK,android,Chinese,25-34,2025-11-12
c2639751-139c-4cd1-afbf-df8fe7b17715,United States,web,Chinese,35-44,2025-08-29
ba06f967-85f2-48c8-aaf7-d99bf846ea67,Spain,android,Spanish,45+,2025-09-29
83061b4f-af56-42ac-bea6-b306d0f6f962,United States,ios,Russian,35-44,2025-11-16
f0b3921b-da82-4c5e-b9f2-d2ff3dad54bb,Indonesia,ios,Hindi,35-44,2025-10-07
5fc99791-422b-4a0a-8a42-fe0fa5b00d0a,Indonesia,web,French,45+,2025-11-13
dac31882-86b9-4000-ae6a-2422d5ac8a2f,Brazil,ios,French,45+,2025-11-11
2cb1e6ff-f349-4f47-bd8e-e04f8694d80a,Mexico,web,French,18-24,2025-09-22
debf7066-42e0-47bd-a796-107b9ac0b71b,Spain,ios,Italian,25-34,2025-09-22
e36cad89-23ae-4993-ade0-5af4e237aedb,Indonesia,ios,Hindi,45+,2025-09-10
80bedff5-217a-4088-9402-79b960f271dd,Brazil,android,Japanese,35-44,2025-08-14
6570bdd3-58f4-4555-8040-5008c48bc904,UK,web,Japanese,45+,2025-11-15
58cadcb2-6372-42c9-8b59-c28101bd67b8,Spain,web,Korean,25-34,2025-08-31
9ff612e9-8ee3-4895-9671-ccbd75979fa1,Brazil,ios,Russian,<18,2025-09-01
35c9e7c9-c314-4456-ac39-49dac17c698e,France,android,Korean,35-44,2025-10-03
d301f80b-4c59-4958-a120-78b8b720cae6,Spain,android,Hindi,<18,2025-08-05
996d10d0-4728-4540-bd24-8b62abbf84ca,Philippines,web,Russian,<18,2025-10-19
eb6035f5-368f-419a-967c-1c371bacdc77,Brazil,web,Japanese,25-34,2025-11-28
17a1f140-ae34-4c50-8f68-0368b89d7036,United States,ios,Chinese,45+,2025-11-05
e31e3732-04a3-4074-acca-05355273d10b,Philippines,web,Russian,<18,2025-08-28
5ad64fd0-25cf-4905-b78d-59f9b2ae31d1,France,ios,German,18-24,2025-10-02
0c64794e-c21a-4a4a-9499-69c5c3a24a73,Indonesia,android,German,45+,2025-11-04
f4546c9d-cca1-447a-b6ae-c58ee66e10ae,India,web,Hindi,35-44,2025-11-25
0be8557a-bd67-4325-a02a-c57218560908,Brazil,android,Korean,45+,2025-10-31
9a2644d0-af42-409e-b0a7-855914bf4e53,UK,android,Japanese,25-34,2025-10-17
9a3fed40-9fb5-4423-b774-039172905db7,Brazil,ios,Japanese,25-34,2025-11-04
a51a4060-135c-482f-8846-1692c026bff6,India,android,Spanish,35-44,2025-11-28
07417dc3-fca3-4969-89e6-1b2810b0e4a4,France,ios,Spanish,35-44,2025-09-09
f65f8f72-8ac3-4ca0-976a-5025a4cc83d5,France,ios,German,35-44,2025-11-07
9ebcb902-0649-47b6-9b07-592d74a5be10,Philippines,android,Hindi,25-34,2025-09-28
3700215b-4806-4283-8b1e-1c00ed908c04,Spain,android,Korean,45+,2025-08-09
91d2a928-7619-4fc4-a05f-526b6aae0a18,UK,ios,Japanese,<18,2025-08-24
94ef6136-2402-4722-b698-9095e0e4bff4,Philippines,ios,French,<18,2025-10-18
eed657c2-fa0a-4aee-9740-185d883886ef,UK,android,Portuguese,18-24,2025-10-15
3f470bc8-d87f-4f0c-965b-726156c1d8e6,UK,ios,Portuguese,25-34,2025-10-04
1a1ead06-6421-46dc-bca5-a977cbe628f5,India,ios,Korean,35-44,2025-08-08
1bfc51eb-8ec5-46ef-aa43-b0c5a3638627,Philippines,web,Japanese,45+,2025-10-06
7c196c07-baf7-4d27-ab67-5506215d645c,UK,web,Chinese,25-34,2025-08-13
4f801b5d-84bf-416b-a702-704c9bf25369,Germany,web,German,18-24,2025-11-28
09e28dc2-e761-40b2-a740-c342d1815f80,India,web,French,<18,2025-11-28
4a09c829-e9c2-4865-9d24-12dc84574e92,France,web,Korean,45+,2025-09-11
3c2c1c00-965d-43ce-8294-59412f0ba4e1,India,ios,Portuguese,<18,2025-10-23
7bfffa6f-df3c-40db-94d2-7601de038aeb,United States,ios,Chinese,45+,2025-11-20
60847644-2939-4e03-b2cd-d3defc35aef2,United States,web,Russian,35-44,2025-09-04
1ca9563f-0dfa-4154-9c59-b1269519dc19,UK,android,Korean,45+,2025-09-28
4c912509-a9f8-496a-b023-6169eb9bbaba,Philippines,web,Spanish,35-44,2025-09-13
d98618c2-4a04-48e7-8ad8-86229102592f,France,android,Spanish,25-34,2025-08-19
4c7d66c4-0078-4592-8df7-bed363b53a93,India,ios,Italian,<18,2025-10-29
d2c8fc8e-d166-4cea-8ba0-63b39ed7fade,Philippines,android,Korean,45+,2025-08-19
9fa2d26e-4214-481d-91bf-73855e58c0f9,India,ios,Hindi,45+,2025-08-31
a10fda70-c55d-4307-accc-aaf0bc4c8d18,India,android,Hindi,18-24,2025-10-31
617628cf-bb0f-45a4-8a42-8f6e5fa7a267,Germany,ios,French,<18,2025-09-20
9787b025-957e-4b58-81f9-c992ab604e91,United States,ios,German,25-34,2025-09-25
3e68a778-8838-4ca5-a9a6-48528dd31464,India,web,Japanese,35-44,2025-09-22
0965820a-d197-4e61-b6d9-100dcb7ddc21,Germany,ios,French,25-34,2025-11-11
6f196eda-2f62-4940-852d-4627adaab442,United States,web,Russian,18-24,2025-10-16
5a7814a3-4746-48d9-b7b1-ebae2bd5fe4c,Germany,web,Korean,25-34,2025-09-11
00200753-49f0-4ca2-ba7f-bb6ca43db43a,Philippines,web,Italian,35-44,2025-10-16
858d0a94-5ab0-44f5-a172-6d00e8beac7c,Spain,android,Hindi,<18,2025-10-18
cf0d88af-44d6-4742-a6a2-c7e3340e662a,United States,android,Korean,18-24,2025-09-19
6ed80924-6e04-43f6-9878-4684dc37b52a,Indonesia,ios,Italian,45+,2025-09-11
3f6ecc6f-76c6-4be6-8a99-0923675b2b52,Spain,web,Portuguese,45+,2025-08-11
abf09580-88fc-4dba-aaff-eea1d019c62a,Philippines,web,Japanese,<18,2025-08-19
fa986f02-bbef-4426-b432-2a3b67f30ed8,India,ios,Chinese,25-34,2025-11-24
36a4eccf-800c-488f-9601-dd74ca51c196,France,web,Spanish,45+,2025-09-28
718dab6d-38cd-4cc4-b3c0-f90c9f542802,Philippines,ios,Spanish,18-24,2025-11-01
c58ca8d5-b98c-429b-a2e3-902fd5418ad3,Germany,web,Italian,35-44,2025-10-16
44f0c0a2-0890-431f-a16a-d25d99401aa3,Germany,android,Russian,25-34,2025-08-09
3760c95d-f921-43b4-8399-180f323bf969,Germany,ios,Korean,35-44,2025-11-05
689e0cc9-a659-4c95-99d0-ed3d2c89d587,Germany,ios,French,25-34,2025-09-28
5da282cb-05d9-4160-ab70-5c820ea70653,Philippines,android,German,18-24,2025-10-13
1d767923-6bb0-4d8d-b8d8-95ac22b05d2c,France,ios,Chinese,35-44,2025-10-19
35951bb7-3651-43e6-a25f-0f78490b90c1,Brazil,android,Italian,18-24,2025-08-21
93765395-c410-422b-8131-a0acc70ce6a7,Germany,web,German,35-44,2025-08-14
8eacc873-4ccb-4a77-9fda-7f1c1b4aac31,Brazil,android,Portuguese,25-34,2025-10-20
38075ab3-d25c-4e50-ad66-bf777229a36c,France,android,Portuguese,18-24,2025-10-02
88fbd277-6f34-459e-99d7-2c4e0c76810e,France,ios,Italian,25-34,2025-08-24
dffebb39-cf9c-4b4f-addb-ecb2d832461e,Spain,web,Italian,25-34,2025-10-03
549b8669-e039-456a-b240-4c900c0d7552,United States,android,Portuguese,35-44,2025-08-12
dc75db57-4376-4e0e-85cd-84b8ed8fb0fa,Indonesia,web,French,35-44,2025-09-17
835e3020-ef24-48cd-b5bf-d63d4e978de2,UK,android,Portuguese,18-24,2025-12-03
467796d5-f026-4c61-b26d-620be60b67d3,Indonesia,ios,French,45+,2025-09-30
56de2553-7934-4d75-82f5-66c7530b20ab,Philippines,android,German,<18,2025-08-13
928c9cce-53fc-4b72-871a-3787670729fb,UK,android,French,35-44,2025-11-16
dabd2a43-c276-49de-aa0c-03df6a787f84,France,web,Spanish,25-34,2025-10-08
01b88b4e-df28-4d9f-b18a-cf7a4866e347,Indonesia,android,Spanish,<18,2025-11-12
5c7fc98c-b943-4a86-9abc-2dbd13c5b747,Mexico,ios,Korean,18-24,2025-11-04
46d7fdd1-89bc-40a0-a4ca-a05a3c98c485,United States,ios,Japanese,<18,2025-11-24
63c32da8-9c9a-4609-b577-006d2ea081c5,Indonesia,android,Italian,<18,2025-09-29
35e15103-1915-44be-87eb-7904fe744e73,United States,android,Russian,45+,2025-09-12
b003ba5b-5f17-4df1-99af-919e4b58b112,Brazil,web,Hindi,45+,2025-10-29
6e50db47-5e5e-43f8-99cf-6c53d9ab8951,Philippines,web,French,<18,2025-11-06
dbfe0a1c-63ab-420f-8d5c-e4b83a4ce88d,United States,ios,Russian,45+,2025-11-14
9eb2c332-3da6-43af-86d4-2c3d85801c5c,Brazil,web,Korean,45+,2025-11-10
2e4fe788-8896-4405-bf7f-ed4405ef7fe7,Germany,android,Japanese,<18,2025-11-13
62a04a25-2fd0-4b6e-a699-91f62e87bf56,Brazil,ios,Russian,35-44,2025-10-18
35bbd659-e04b-46d5-ba08-c0d5bbab004c,Philippines,web,Russian,45+,2025-09-17
da99c2b9-264d-4410-b50a-c338191930c5,Spain,ios,Spanish,<18,2025-09-03
8a8b1b44-16c9-4ba4-a854-8eb98f2feb69,Germany,android,Chinese,35-44,2025-08-21
8fcd5300-8e1a-4017-b47c-a834cb69800c,France,web,Japanese,45+,2025-11-18
365200e3-f608-4276-b8d4-74496e11f70e,India,android,Hindi,<18,2025-09-10
a1ad591c-7aa9-4057-ad0c-a916f87259f4,Brazil,android,German,45+,2025-11-04
1a8c3c93-ae11-43f8-8ddd-6c0598cadcb4,Brazil,ios,Korean,35-44,2025-10-11
dbf7dab6-fc8a-4fbd-be36-b751db6e5665,United States,ios,Italian,<18,2025-08-22
7af9f387-5faf-4883-bc47-b8e24247b65b,France,ios,Italian,35-44,2025-10-22
65070249-c4ef-4f99-af66-d0f0ca75dc10,Indonesia,web,German,25-34,2025-09-02
bc181c12-9587-4ca4-a12b-fd27a8d61fd6,Mexico,web,Korean,18-24,2025-11-19
2b0248cc-8712-4666-8687-847d12b860fe,UK,ios,German,25-34,2025-10-03
3cc1323f-6689-4348-a2cc-320dfe473912,Brazil,web,French,45+,2025-09-08
fcf92f73-e2dc-423d-904e-960e6504608a,Indonesia,web,Korean,35-44,2025-10-03
d3c27c3f-0c9f-44ee-abd7-fa8846c91c14,Mexico,ios,Korean,<18,2025-10-03
0fcb8a67-691b-466c-85ad-fbf783deb410,UK,android,Russian,35-44,2025-11-07
d035b752-5093-457b-9f64-eb2365930429,India,web,Japanese,45+,2025-09-19
99a00117-c22d-447b-bcd4-92078fb4d3a3,United States,web,Japanese,<18,2025-11-13
0b5c3192-8dc3-4579-bde9-515950aea9ca,Indonesia,android,Russian,25-34,2025-09-12
8122b87d-f0f4-44b3-8f5a-41ae4dbe096a,United States,android,Portuguese,35-44,2025-08-19
88d4c03c-9cbc-4480-aaf1-0c5569bcd5d9,UK,android,Korean,18-24,2025-10-12
d65a70ef-d947-4ad3-be49-fb1883b0bb14,Spain,ios,Chinese,45+,2025-12-01
22b834fe-8216-432f-a216-6945d6dfed97,Brazil,android,Russian,45+,2025-11-02
b82f5fd0-eed3-4b8f-bbfd-1786b2f9f4de,Germany,ios,German,35-44,2025-11-28
e4c7e0ab-e2b1-4ead-9715-0d13228e3a6e,Mexico,android,Portuguese,25-34,2025-11-17
a40fbae3-ffca-4d84-ba92-26dd2a97a731,France,android,Hindi,25-34,2025-09-21
fc1d274c-b7bf-41bc-b8b8-ebd118a02c86,Philippines,ios,Portuguese,18-24,2025-09-19
b2ba5d5e-28d6-436f-ba4a-d623bbb1eeda,Brazil,ios,German,18-24,2025-11-13
6bcb6a13-6671-4ffb-b03d-f6361cbfd981,Germany,android,Korean,35-44,2025-11-16
43f20ea1-c113-4819-94c0-ebaeced63658,Philippines,android,Japanese,<18,2025-09-14
33fd6f02-9207-41d9-835d-f5b1a85dd7f4,Indonesia,android,French,25-34,2025-09-29
d39bf6a6-ac46-43e6-8a83-91cd94a4a601,Philippines,web,Korean,<18,2025-11-28
d397d784-9b6e-4cfb-9324-f55d4f2ecdeb,India,android,German,<18,2025-08-11
67f023d3-f50f-4f17-a389-0389ce92fab3,Brazil,ios,Portuguese,35-44,2025-09-21
d8ca14a2-d7f9-422f-a157-ed53321de3bd,United States,web,Italian,18-24,2025-11-15
569573e2-6673-4d97-9676-e47998477282,Spain,ios,French,<18,2025-11-26
e2400a13-6e80-4b5e-ab2c-3fc1367625a3,France,web,Spanish,35-44,2025-11-12
8cf4a252-bfd3-4a4a-b1c5-b98b22a18988,United States,web,Korean,18-24,2025-10-31
5ecc4c86-2b78-47a7-a948-e871f61f2080,Germany,ios,German,<18,2025-08-07
21ae20e7-d0d1-4369-81d2-d9e2818e7434,Brazil,web,Hindi,<18,2025-11-10
ec87a2f2-1ee6-44ed-a6f1-28dfa7f444fe,Spain,ios,Korean,18-24,2025-09-28
54922e56-9a12-4a6c-b366-95dc14a43395,Philippines,android,Korean,18-24,2025-10-13
fd377458-d832-4912-80ce-a7e8ccf07158,Brazil,web,Russian,45+,2025-09-18
f0a0fb40-e25a-4aac-aa5e-517cdf4b094e,Philippines,ios,Portuguese,45+,2025-09-22
d0d68185-04e5-4372-b485-bc294dc41f3d,Indonesia,web,Chinese,35-44,2025-09-13
ef2bef0f-0948-444b-a7d9-7584405da6a6,India,ios,Korean,35-44,2025-12-01
0d282393-f315-40d1-bf86-863df5020b32,UK,android,German,25-34,2025-08-13
bf7b9525-4ff0-40e2-84f3-1fc1d77f6e0f,Brazil,android,Portuguese,45+,2025-09-02
33cebb6a-b6c0-4b37-a0b3-4fa815fd32a7,Germany,web,Italian,18-24,2025-09-01
e17155bb-92f2-46d4-bc15-cb007751f376,Philippines,web,Hindi,45+,2025-09-10
5d94cb83-62c2-4a71-840e-26f0fea50ac7,United States,ios,Hindi,35-44,2025-08-20
bbc72b47-51ff-43b2-986e-8bb8a9fa1039,Indonesia,ios,Korean,35-44,2025-10-28
b8e1cc12-d219-4d12-8799-59dae24a8d74,Germany,web,Spanish,35-44,2025-11-23
fc0398ec-a13b-428c-90b6-c075225357ef,France,ios,Portuguese,18-24,2025-11-06
7772eedd-6a03-46a6-b66b-0a4cf35aa7b7,UK,ios,Italian,<18,2025-10-07
cbd6dabc-26ad-48b9-b261-81a4134318d8,Indonesia,ios,Japanese,35-44,2025-09-17
01ca3ac9-a511-496b-92f1-e9462539d846,India,web,Russian,45+,2025-10-04
90703e94-68f9-49fa-abc0-2b5d990ba7b0,UK,android,Spanish,<18,2025-08-14
c6795987-eabb-4884-acdc-cef7fc701d56,Philippines,android,Japanese,45+,2025-10-03
637be8de-ad36-4f3d-b4b4-f0a21747e73b,Germany,ios,Russian,35-44,2025-11-12
d8f81971-915f-4037-92ca-0e0698148198,France,web,Hindi,18-24,2025-11-05
31b70269-ef4a-4a9f-bbbc-e5ae06ad27b6,Mexico,ios,Japanese,<18,2025-08-19
1cccd2b3-979b-47c1-b73b-9a3a5f682cbc,India,android,Spanish,<18,2025-10-12
9d6b003a-f97a-4f60-975e-fa8587ef0301,Spain,ios,Russian,35-44,2025-09-18
bbba3f7d-78a4-45a6-b0f3-a86fa8c3f6e8,Philippines,android,Spanish,35-44,2025-11-15
3ef9ad64-4fd4-43b6-b9a0-04d0254aacdf,Mexico,web,Spanish,35-44,2025-08-24
39c6597a-4602-4f0e-9805-42d4f020f17e,Brazil,ios,Russian,25-34,2025-09-20
9fd95492-9f44-49bd-8ed7-47fad5bd6d56,France,web,Italian,18-24,2025-08-20
8a578460-c8a2-47b2-ae19-b3a114fa24ca,United States,ios,Hindi,18-24,2025-08-27
b7296c49-ebd7-4878-876a-dee69313620d,Spain,ios,Korean,35-44,2025-11-10
318a305f-9cf1-455e-b357-7f0782ce7a9e,Germany,ios,Chinese,25-34,2025-09-15
aec3c06e-c550-4df9-99c7-52db6d31e9bb,France,ios,French,35-44,2025-09-10
c6124e67-11ca-429b-9044-44667a196665,UK,ios,Korean,35-44,2025-09-29
3e9b79d2-b47b-4ddb-8a08-67e8bce698a9,Indonesia,web,Japanese,18-24,2025-10-31
664720dd-0e38-4e4c-98ec-978b3325468d,UK,web,Russian,25-34,2025-11-12
cec032a0-d313-43b9-9d51-323f95253ba6,UK,android,Italian,18-24,2025-09-02
14e9a267-9933-4728-bcf5-086b2fefdd0f,Brazil,ios,Italian,35-44,2025-09-07
50762243-2040-4959-b512-6642c3bc4a5f,India,android,Japanese,45+,2025-10-21
7d70b472-02c8-4bc2-9d4d-3f3e7379760a,United States,web,Portuguese,<18,2025-08-07
ea9ce32d-7fc5-4dd1-95ca-a34120cd8f23,Spain,android,Spanish,35-44,2025-10-06
08d572d2-6259-480e-bad1-c751917d6d96,India,web,French,25-34,2025-09-18
3fe4f65b-b2ca-44a0-a4ff-b41a5fbdfabf,France,ios,Japanese,45+,2025-09-19
7f229620-a7b0-4342-aad5-827f9764a1a0,UK,android,Japanese,25-34,2025-11-25
1633fccd-9958-4b30-beca-a6254378ec2b,Brazil,android,Chinese,35-44,2025-11-04
1533048a-3839-4e0f-96b1-4a0ada62d182,France,android,Korean,35-44,2025-10-16
47341a22-a1da-4487-9325-396af2e787d5,Indonesia,android,Japanese,<18,2025-10-15
55dc2b4b-8c15-4eb6-8ad7-81e69d957c1b,United States,ios,Portuguese,25-34,2025-11-17
29f71f36-ac67-461b-a9e8-02a3b7e80584,Spain,web,Japanese,45+,2025-11-20
c059520e-96b2-4305-bf05-48da53bf1511,Indonesia,web,Japanese,<18,2025-12-01
b2d04272-49ff-42ca-b716-36423b1cc5e5,Brazil,ios,Korean,25-34,2025-11-08
689acaac-acca-433d-bc0f-3eaf3c28607e,United States,web,Japanese,35-44,2025-09-28
f3539e1a-c582-4096-b97f-633720671a2e,France,android,Portuguese,<18,2025-08-15
765e1e0c-7df7-4328-a73f-920cc61e0b3e,UK,ios,Korean,35-44,2025-08-09
f5a92ea3-6198-4f48-97de-d64c3d2164a7,UK,web,German,18-24,2025-09-30
05458024-7c59-4acc-a47e-b565da297856,Philippines,ios,Hindi,18-24,2025-09-07
dfe35e6d-b8a6-41f4-8ab4-e49e41b60091,UK,ios,Hindi,<18,2025-10-11
a11e3b60-adc9-409d-ba7d-4657310c53c6,Mexico,web,Spanish,<18,2025-08-20
dd887459-7f92-4ee6-981c-a3432f08fd7d,UK,web,French,25-34,2025-11-14
a73e05c3-6364-4bc4-96c2-166de59bc464,Mexico,ios,Italian,45+,2025-09-17
d2cc9a97-7d94-40ca-acd1-872cb96e72a3,Germany,ios,Chinese,45+,2025-11-21
419b4067-4531-4c68-9060-a20240c7dec6,Mexico,web,Portuguese,18-24,2025-11-11
eb48b456-3079-4403-93cc-af9eb416be9f,United States,ios,Hindi,18-24,2025-10-04
5e9a614d-5faf-471b-9d85-506284037167,Indonesia,web,German,18-24,2025-08-10
488dbbd6-4f46-4847-9aef-02eed8fe3c33,United States,ios,Portuguese,35-44,2025-09-16
d98cc20b-91b7-486e-b881-dc71300c3fe8,Indonesia,ios,Korean,45+,2025-09-18
96491766-27c9-4ff4-9ca2-a0029f417213,Philippines,ios,German,<18,2025-11-29
f49dcf7b-03a7-49bf-9ab9-c82a3b248fc3,Germany,web,Portuguese,18-24,2025-08-13
dd30d42a-d57c-4916-895b-04fecf232ea2,Indonesia,android,Hindi,25-34,2025-08-25
6c08ed8a-49d5-4d84-82be-281fb8fbc151,Indonesia,web,Italian,<18,2025-09-26
1350a79b-9ffb-4659-8e08-0697b9719955,Brazil,ios,Russian,<18,2025-09-30
5aaa0bc3-056a-4616-bfb3-e3a340d99cd5,India,android,Chinese,<18,2025-08-29
383a9125-5910-4897-af7c-598b63ef2a9a,India,android,Chinese,45+,2025-11-18
6767ebe7-7700-4919-ac78-79b7c8d7c754,Brazil,ios,Portuguese,18-24,2025-11-22
63367826-2fdc-4e79-ad4d-907c675768e8,UK,web,Hindi,25-34,2025-10-03
44f2cd63-3913-44ed-aa73-9491f3cc59c3,Brazil,android,German,35-44,2025-09-10
20fc9b24-0f4a-4571-abc7-240c6e38de93,Indonesia,android,Hindi,25-34,2025-11-17
28c2a22d-6d14-4085-b462-5028836d6dde,Indonesia,web,Hindi,25-34,2025-08-10
9d78910a-15f5-4bb0-9bc6-b219dad51671,Brazil,web,Japanese,25-34,2025-09-17
51185aba-2bac-4d46-91ce-2d9330c2d6aa,Brazil,android,Russian,35-44,2025-09-25
632deffb-6eab-43fe-8e3a-ed8b15857777,UK,web,Japanese,25-34,2025-08-20
98437fb8-b00e-4cc1-b701-bea384af68b1,United States,android,German,25-34,2025-12-03
26313d50-e7a8-4c89-b31c-241d04aa0723,Germany,ios,Russian,18-24,2025-08-11
65bba48d-0398-4f2e-b7e0-cf173ad31787,France,web,Hindi,18-24,2025-08-05
259a64c7-0917-44b5-86b4-50bcdc07c2aa,Indonesia,android,Italian,18-24,2025-08-26
d425f582-26f7-4139-9c44-ba83abb9187e,Germany,web,German,<18,2025-09-08
0a599dd8-f810-48ac-b886-b839b482bfba,Brazil,web,Portuguese,25-34,2025-09-11
0895b6f0-786b-42f4-aa74-5a635c39e6b3,UK,android,Portuguese,45+,2025-10-09
bf62ba4d-1de5-4e89-b0cc-56c80f07017e,Mexico,ios,Portuguese,45+,2025-09-28
4dc8229e-f84f-44d3-8e86-1b0c07139a37,UK,android,French,45+,2025-10-11
32a8c39c-202f-4f23-b0d8-26b8e69b7ca7,Spain,web,Russian,35-44,2025-10-17
31bb6380-0b01-4bd7-91e9-6ed4125d5d8f,Spain,android,Hindi,18-24,2025-08-14
9d26532f-2060-4e56-b45f-f8d5778afb59,Germany,web,Hindi,18-24,2025-11-28
516ee9ff-6841-4245-8ea7-1927a1183f00,India,android,Russian,18-24,2025-09-05
1b4995e9-d4e4-4cf0-82ab-cf96360bc353,Spain,ios,Japanese,35-44,2025-09-27
823ae336-4012-4d40-be09-92306b2c128a,Spain,ios,Portuguese,25-34,2025-10-10
7a6a4c18-9067-443d-9349-7a7cad3f7168,United States,ios,Japanese,<18,2025-11-04
540213de-436f-4c99-9b65-e533ccbed02f,Mexico,ios,Japanese,18-24,2025-08-05
8d378e84-2b88-4962-ab9b-73583f1236c3,United States,android,Portuguese,25-34,2025-08-23
5cc1ec41-bf3a-4d70-b3a2-0bebcb71dba8,Mexico,ios,Korean,45+,2025-10-03
b243e76a-2968-4877-9223-d9c86dffdb65,Philippines,android,Hindi,<18,2025-08-24
ea11c4fa-bc11-4eb7-a537-78da9f770858,France,web,French,45+,2025-08-27
c74792ff-b709-4dc0-8846-1ab7af2c275b,Indonesia,web,Portuguese,25-34,2025-10-16
9b6fb7b5-c283-4278-ba8f-33f42a3dda59,Spain,web,Italian,25-34,2025-10-20
4eb71fdb-f093-483c-bcd1-e8064f11af5a,Indonesia,ios,Portuguese,45+,2025-09-19
31b1c93b-2149-4715-9cfc-b9ab1c927ea9,Spain,ios,Chinese,<18,2025-08-23
5706db03-41af-4c5b-b7ec-71773381bf6e,United States,ios,Chinese,45+,2025-08-31
fe5d5946-71d6-4eb4-b8d7-622b03e1b1c0,France,web,German,45+,2025-08-09
7d271950-3613-41c5-9877-eb1a7fd035b8,United States,web,Korean,45+,2025-08-28
c855c7f4-f862-470f-ad57-dc30dd55862d,United States,web,Portuguese,<18,2025-08-18
0b634705-6a26-459a-b04b-a48fec1c4b28,Mexico,web,Hindi,35-44,2025-09-05
4efed171-b1b7-42b1-8948-ed6c78c986d7,India,android,Korean,<18,2025-09-21
964c0e48-cb5c-40ce-8fa0-7cea994543d0,UK,android,Hindi,45+,2025-11-21
6e6c2148-680c-498b-be83-c747911c9b5f,Germany,ios,Russian,18-24,2025-10-10
cd259ea7-60c8-4d64-b079-50cffb92e6af,Indonesia,ios,Korean,18-24,2025-11-16
2a4d73bb-4e07-4ced-a0b2-be3cb128bd96,Philippines,web,Spanish,25-34,2025-11-01
5a08ff82-fd15-4d9c-aa4d-9c69e673ce96,Spain,android,Spanish,35-44,2025-10-03
6609f1f6-f7b4-4f24-bbc3-da1706278578,United States,android,German,25-34,2025-08-27
64475520-51e7-4450-9ed7-0a6c3a3a93a1,India,ios,Korean,25-34,2025-11-04
cbee7b05-7025-4423-a478-61e032033a51,United States,android,Spanish,18-24,2025-08-09
31b366de-0f67-4c10-a611-d6ba0906be2f,France,ios,Spanish,<18,2025-08-16
c1af5371-968f-4cbb-890f-7dd6319609bf,Mexico,web,Italian,25-34,2025-11-23
966c7c05-1337-445d-a599-9c9617c3582d,Philippines,web,Chinese,25-34,2025-10-28
d9ea58a2-4b00-481a-a13e-f1b7bb5bc031,UK,ios,French,35-44,2025-09-18
1dedc31a-5b87-4426-821e-0caee3d6828d,France,web,Japanese,18-24,2025-08-13
f0483987-d274-48d2-bd96-cca13eaa99a4,Brazil,web,Portuguese,<18,2025-09-25
dd8bab43-8cc1-4314-ab78-d7ce4300d282,Philippines,android,Spanish,35-44,2025-10-12
f50a4c42-e6da-43b2-8133-74fe92ae20f6,United States,android,Japanese,<18,2025-11-01
2e7b9e6f-ac40-41e1-b988-459a5c359012,France,android,Japanese,<18,2025-11-09
9e2d7057-4e58-4667-9070-c0647f656aa8,UK,android,Korean,25-34,2025-12-03
095d9d6e-532a-4da8-9e30-35e91e8799e1,India,android,Korean,35-44,2025-09-04
8c85a510-451a-4201-83cf-cfc775aab674,India,ios,Portuguese,25-34,2025-08-30
456b75e6-a558-427b-b5a5-7df1e308316e,Indonesia,ios,Chinese,45+,2025-08-24
b5f3762b-1995-4889-95df-d1db8beb8411,UK,android,Russian,<18,2025-12-03
018a1b30-bd02-4a95-b45c-1347b53b3bbd,India,web,Japanese,35-44,2025-09-21
ff352df8-8afc-42f6-abce-52cd3bf20fee,France,web,Russian,18-24,2025-09-28
222004d4-7f8a-446d-9fdd-442c5dade8aa,Indonesia,ios,Chinese,25-34,2025-11-18
6ecb5761-bde9-488c-a20d-9591039b9b69,India,ios,German,45+,2025-09-28
af5bbb9d-7eed-492b-b534-e6ac29504dac,Philippines,ios,French,45+,2025-12-03
0e2557ad-8596-411e-8cbc-c2d42bc70c0a,Mexico,web,Portuguese,45+,2025-10-16
a0e599f2-a9ce-45d6-a41f-311608d42966,Brazil,ios,Italian,25-34,2025-09-11
a7df77c9-067c-4e62-91fb-bcd6cfbf2df3,UK,web,Chinese,18-24,2025-11-07
57551239-9621-4c61-ac2f-ec1149f040be,France,ios,Spanish,35-44,2025-09-06
3fe0acbf-2467-4f0a-b593-77c0e0aabc6c,Spain,web,Russian,<18,2025-08-23
b62f215b-15c2-4fab-a202-ca6e680b9105,United States,ios,German,18-24,2025-10-24
ba010dc8-7dd0-4bed-b6d1-1b88b77ff683,France,ios,Hindi,25-34,2025-10-12
c97cd7a6-8c18-4e13-9ffa-bf9f2847e2fc,India,web,Russian,35-44,2025-10-18
21af2bff-4c52-4e6a-8e2e-7ce618ce416c,France,ios,Japanese,<18,2025-11-20
029673cb-63dc-496d-8c89-ffff50979563,Spain,android,Russian,35-44,2025-11-14
cd08da60-55c8-4db9-b1dc-85cc4047615d,United States,web,Italian,<18,2025-10-10
f3a96cbf-decb-49b4-8692-02f0e6826ee5,Indonesia,ios,Chinese,<18,2025-09-11
1fbdbbf1-087f-4cf3-a2f7-0eed4f2a250a,India,web,Spanish,45+,2025-09-20
a495e736-c202-45eb-a699-07023080f0af,Germany,ios,Spanish,25-34,2025-11-01
73481b53-e377-4861-ae30-3538fbce8519,India,android,Hindi,18-24,2025-10-31
c5cdc12a-b6c6-4b14-be4e-e5ff03041c67,Brazil,ios,Korean,45+,2025-08-16
b5692199-fe0e-4e27-a158-b669d96445c3,Germany,ios,Japanese,45+,2025-09-26
14a37153-d101-4ece-bc9f-5c1588320905,Brazil,android,Chinese,35-44,2025-10-10
8a330df7-5d1b-4db7-8ba0-e42af68ea7db,Spain,web,Russian,<18,2025-09-22
79eb20a3-5bb3-421e-810f-568359bd14d8,UK,ios,Hindi,<18,2025-10-18
2855aefa-af43-4b4a-8084-e5b90b8bad60,United States,ios,French,35-44,2025-09-16
9a768b35-c7dc-4218-b5ae-91e3955fa0d3,Mexico,android,Italian,25-34,2025-10-29
7c01a682-21f7-43c0-b1c7-30ada0b072bc,Indonesia,web,Korean,<18,2025-09-07
0370b8af-5786-499f-8047-2089ea76e5e1,Mexico,web,Korean,45+,2025-10-14
738ba7db-3578-4658-b1eb-b5ad27072694,Philippines,android,German,45+,2025-08-29
c523ad38-e85c-4657-81ba-e2318cdd0bcb,Philippines,android,German,<18,2025-11-07
998200a5-16c2-4f7e-a2d2-6113638aa7b6,Spain,ios,French,<18,2025-10-12
a2076f95-7faa-4f10-accd-28ed8a71c2c0,UK,android,Hindi,25-34,2025-09-24
6410866b-25ce-4a28-a2d0-9865ee542f4c,Philippines,android,Portuguese,<18,2025-08-25
99df97d1-56cc-490a-8c7c-adf3fdb9d529,India,android,Italian,25-34,2025-09-23
0e67f160-1522-4968-993d-440cbf955c3e,France,web,Hindi,45+,2025-10-03
8d5c6189-aec4-47ba-82d0-4976e4611e8e,Brazil,android,Japanese,25-34,2025-11-11
23db9887-22ab-4049-8829-c455e9591192,Philippines,ios,Italian,<18,2025-10-17
b9efad3f-131d-41d1-b956-207dd215fcaf,Spain,ios,Korean,18-24,2025-09-23
fe6983e5-ff57-44b2-9c15-b88ba11455b2,Brazil,ios,Korean,<18,2025-09-23
ae3969c5-7e19-46a6-8d6d-d84b65382863,India,android,Japanese,18-24,2025-10-03
803c6287-3891-43f6-b193-aa497413675d,UK,web,Portuguese,45+,2025-11-01
e310ff5c-7d1f-4ebb-b2e0-8becee72fdef,United States,android,French,35-44,2025-10-25
01d72f04-fa05-46c9-9762-447f72f824bf,Mexico,android,German,45+,2025-09-21
5bef9050-ffb4-4967-92a3-3abda49ab306,India,ios,Korean,45+,2025-10-20
ca7e630d-51bf-4a6d-8e18-e895e34716db,Indonesia,android,Portuguese,45+,2025-08-26
f6559fae-8bf3-4ef1-8cfc-3fcbd5507568,Germany,web,Chinese,25-34,2025-09-04
c89065a0-5b07-4f8f-9421-f9893ce9cbe7,Spain,ios,Italian,45+,2025-10-14
19f5bed1-ce64-4a79-8d16-f492e66d7a12,Mexico,web,French,35-44,2025-08-31
dcc51690-de79-4392-8ab8-c9c4b28ec943,Indonesia,web,Hindi,<18,2025-11-16
80f246c1-2281-4f2e-a5ef-aa544932ea9b,United States,web,Portuguese,18-24,2025-08-16
69b02e77-98cb-44d7-b0a0-31a3d30787a8,Indonesia,android,French,45+,2025-08-15
955caa35-f9e2-453b-90d5-a3a1c595aca7,UK,android,Portuguese,18-24,2025-09-10
4abd33a9-ccbb-4878-a25c-9849a5494ee8,Germany,android,Chinese,45+,2025-11-18
3cb5145a-5b37-4002-9393-794878f2d338,Brazil,android,Spanish,25-34,2025-08-30
ddf78c53-0188-41ba-83e8-46028de26f08,Mexico,ios,Japanese,18-24,2025-11-04
113862a4-13a7-4c8d-a8aa-4321ed020c8e,Germany,android,Spanish,45+,2025-10-07
737440af-1541-4a03-99c8-05946df0c99f,France,ios,French,45+,2025-08-25
6330acd3-5697-4a6e-adf8-342002d4fac1,India,web,Spanish,35-44,2025-09-05
69bc8aca-95a2-4359-8dad-a6938dd614c0,France,ios,Portuguese,35-44,2025-11-13
83f27d39-6fb0-416d-a3f1-eb6f37148123,India,android,Portuguese,35-44,2025-11-21
d2c99432-205b-4c3e-8fd3-8b2b7050453e,UK,ios,Spanish,25-34,2025-11-06
7eb7f345-381b-4036-a07b-e4e482a844e4,Germany,android,Japanese,18-24,2025-09-29
88b99a8d-cb46-4c61-8b31-27aa2ce71152,United States,android,Japanese,25-34,2025-10-13
964fb4de-1c83-4e78-8a63-4e7f41fac690,Philippines,ios,Chinese,<18,2025-08-25
2d9d0fb4-5b8d-4a0a-91ed-a0793cdb0b0d,Indonesia,ios,Portuguese,45+,2025-10-21
62517df7-e548-46ec-90a0-0022da717984,Philippines,web,French,45+,2025-08-23
7811647b-f351-4d24-8b03-899a273a4b3b,Germany,web,Italian,45+,2025-09-24
608482ca-561f-4a56-a7fb-a05e919e4731,France,web,Japanese,35-44,2025-09-16
8c79650a-8ed4-46b8-bf61-4bfc83b920ed,Philippines,web,Russian,45+,2025-09-05
d30c97c6-7b04-482a-8ec5-ecbf45dc19fa,Spain,web,Japanese,35-44,2025-09-07
e4feb3c2-996c-4033-a8e3-833b0d09bcde,Philippines,ios,Chinese,<18,2025-09-04
62035c75-b3f6-4f21-b807-d95026a89401,India,web,Italian,25-34,2025-11-27
9040a1d5-c088-4995-b423-7190e97af33c,Spain,ios,German,25-34,2025-11-13
5fa0604e-953a-4971-ac29-95eed642adec,Mexico,web,Russian,25-34,2025-10-15
917d010c-e99a-4cd9-a2ed-e78433cebebc,Philippines,android,Japanese,35-44,2025-09-13
5c17b8e5-f8fc-4054-bfe7-6e01b6813fa5,Spain,web,Spanish,18-24,2025-12-03
f26757a6-97e1-4b98-8ea5-f82cd1f29e56,Germany,android,Portuguese,18-24,2025-08-23
de082e15-148c-4033-a307-4e84b3b51798,Indonesia,ios,Russian,<18,2025-11-22
716688b4-b649-4585-8041-e8be5bcd0271,Mexico,web,Japanese,18-24,2025-08-20
86b39a3c-047c-4ea4-bcaf-ca91fe980879,United States,ios,Portuguese,<18,2025-11-15
f660e243-bf1e-4dcd-9180-09723e0aaa44,United States,web,French,45+,2025-10-04
ff07418f-7bbf-447a-8c77-5c12288e8dc7,UK,ios,Italian,25-34,2025-08-07
d64d8e4f-ca3c-46e1-9eab-1455e589d4b2,Philippines,web,Korean,35-44,2025-09-18
c0327360-76f6-4c71-8d0c-195434a7b5fb,Indonesia,web,Chinese,<18,2025-10-09
1dd32dc1-0ffb-4c05-9a4b-dea6a571aa2d,Brazil,android,German,35-44,2025-11-22
b9a715d5-8b10-4ebd-8418-bb99ddb36f18,Spain,ios,Spanish,35-44,2025-11-25
ace97a3d-99e2-48b9-a7ae-74bb5cf43de1,Mexico,ios,Russian,25-34,2025-10-31
a829f59f-6bd0-40fa-97d1-4939864cb3de,Germany,ios,German,45+,2025-11-05
49f8b02d-a93a-4590-baf8-d7a06cac58c5,Philippines,ios,Chinese,45+,2025-10-17
57a3390e-fafc-4709-9858-eb85b8e9fd16,Germany,ios,German,18-24,2025-11-23
8c3b7899-b6d9-4651-b306-a0ea1d7fc2f4,Brazil,android,Italian,45+,2025-09-17
d6189b98-a2da-4adc-9afb-96e3f9d435a0,UK,web,French,25-34,2025-11-29
6b955785-67c2-4f55-a7d9-ac0f55a1f1cc,Brazil,android,Spanish,35-44,2025-09-02
5e4eb0ce-0b8e-4fbc-894c-e62b9ae9bf8e,India,ios,Russian,<18,2025-10-15
e8291287-07ed-4b32-b167-aa5518195788,France,ios,Italian,<18,2025-08-06
f1cb3018-ef53-4e94-8aa6-38f2e9406ee5,Mexico,web,Italian,45+,2025-10-13
40c2a11c-25e5-4dee-825b-d2b3dcdb9e7b,France,android,Portuguese,18-24,2025-09-16
de19b0fa-13c8-4e4c-a2b6-e97416509d29,Brazil,web,French,<18,2025-09-11
c53913fe-11f5-4611-8c42-4e12d4b2b013,UK,web,Korean,18-24,2025-09-28
fd58e658-304b-4907-b185-5f00dacfcb72,UK,android,French,<18,2025-10-28
6caef4db-88a1-44a4-bb07-a5223ce2e20c,United States,web,French,18-24,2025-09-03
acd33972-58cf-422b-96ae-d020d0821205,Philippines,android,Italian,18-24,2025-09-18
7793de63-2eea-4eac-8c69-8ac233b37709,United States,android,Korean,35-44,2025-11-26
559ae0ce-b16f-4817-bf64-84ac7880624f,Mexico,ios,Japanese,25-34,2025-08-26
71b2adf1-bdf9-441d-adf8-beb05c353a05,Mexico,web,Portuguese,<18,2025-08-21
74479e1c-0500-4be4-a153-977bcaa886bc,Mexico,ios,French,45+,2025-11-11
e4addc6a-e0d2-4c9a-badb-5ef78fb8d5e6,Germany,web,Japanese,25-34,2025-09-13
bbca2e33-1c0b-42f1-a77e-61ca0c202139,United States,web,Korean,35-44,2025-10-01
08e393be-91f7-424c-9a2f-64b2bab50fa5,Germany,ios,French,35-44,2025-10-08
026c7595-2bc8-4f74-9ca9-719c7b229eaa,France,ios,Spanish,35-44,2025-12-02
400b41e8-bef8-4025-ab75-64020d427216,Philippines,ios,Japanese,45+,2025-11-08
35401567-6031-406d-b2fc-502cc5f44369,Brazil,android,Japanese,<18,2025-08-17
5ece92ce-525e-4a40-b530-18e8b9719694,Spain,web,Spanish,<18,2025-09-10
a68436bc-4489-45fb-8a3d-57ff2ddaa2e4,United States,android,Japanese,18-24,2025-08-06
7c27dfaf-c332-43e9-b1a8-3d82f0b00ed6,Spain,web,German,18-24,2025-08-23
ee88daa5-872f-4a30-bb69-2907d2ff6011,UK,web,French,18-24,2025-09-28
39699da6-4dd9-4a5b-905f-fb9f5d459f5a,United States,android,Russian,45+,2025-10-28
03947b84-886c-4c7e-8221-0d7d7f1bedce,France,android,Japanese,25-34,2025-11-09
62491c5c-6c9b-4b86-883c-08df1088fe7a,United States,web,Chinese,<18,2025-11-29
978041bf-2c86-46a3-a81c-cb704b147eed,Germany,ios,Hindi,18-24,2025-08-25
cb2017af-3579-4a4e-9311-b5d2351a50d9,Philippines,ios,Korean,45+,2025-09-18
9f6ebaa1-469c-4dc6-91a0-e7bac8e1f75f,Brazil,ios,Chinese,45+,2025-09-29
8385c07e-c803-4a31-a541-3699e44fd125,Indonesia,ios,Spanish,18-24,2025-09-28
2bcf4208-2f4e-4daa-9d60-84d18406c840,Brazil,web,French,35-44,2025-09-05
fa3cf6f0-2d55-4c54-ae4c-e263af72a47d,Brazil,ios,French,35-44,2025-11-04
24bfb6b3-0098-4bb1-a65f-e27112a8dbe0,UK,ios,Chinese,35-44,2025-09-16
b02d14e6-6163-4286-9755-c662ff0105eb,France,ios,Japanese,18-24,2025-11-12
c6b0b4f9-86bc-4349-af73-bbf17a8571e3,Spain,web,Korean,45+,2025-09-08
b7a3e8c9-06bb-4127-868f-33594bec9342,France,android,French,45+,2025-11-29
6ea43a1d-fa67-449a-bff3-eb332333d43f,Indonesia,ios,Japanese,<18,2025-10-18
e9a4789a-972f-478f-963f-1174318fc370,UK,web,Spanish,35-44,2025-11-03
ed3a400b-8aae-41fb-9234-89d7058f302f,Philippines,web,German,18-24,2025-09-11
e4b46be0-7a27-46b8-aa4e-579ea2205794,Brazil,ios,Portuguese,<18,2025-12-03
274f81a1-eab8-4919-b19e-5735e27b5031,Germany,android,Korean,45+,2025-11-13
b2797aae-16b2-489c-ba51-80bd65c4a71b,UK,android,Spanish,<18,2025-11-22
b638c557-ffdf-4696-abbc-f22e3108cbf3,Mexico,android,Italian,35-44,2025-10-29
1e452fab-d671-4143-866b-23168a0f8cf7,United States,web,French,25-34,2025-08-26
de04dbc9-f19e-46ca-8c10-34c5d2319b06,France,ios,Hindi,35-44,2025-10-13
23cbf30d-b53a-4b7a-971d-0698920e8d45,UK,ios,Japanese,35-44,2025-10-19
a778bdeb-ccee-437b-917d-a26ac54de928,Mexico,web,Italian,18-24,2025-09-09
5aa112f3-acaf-41ae-a1f5-8a9f92228ff9,Spain,ios,Chinese,25-34,2025-10-14
99afde53-41b6-4cc5-8fb9-66c064a63ec4,Indonesia,ios,French,25-34,2025-10-13
62c45dd0-dc0a-43ef-86ae-6b8b9bdc9afc,Indonesia,android,German,25-34,2025-09-19
b6414993-15f2-4a67-b415-618eb15987cb,Brazil,ios,Italian,45+,2025-11-08
30f59da7-546f-4c50-b241-4161cd760320,Brazil,ios,Russian,<18,2025-09-28
9116cdb5-bbd7-4ddd-9435-a35ea8d63451,UK,web,Japanese,45+,2025-12-02
bd151ffd-7402-4989-9746-2ffb680cec5b,UK,web,Italian,25-34,2025-08-31
d484c8f9-7fe8-4f11-804d-8bd27ae7ac47,Philippines,android,German,18-24,2025-09-04
b32c9812-0b75-4a22-90ef-3d8533f2a615,United States,web,Korean,35-44,2025-11-25
8fd91e4b-beb4-4488-81b0-1a3a901e5994,India,android,Chinese,35-44,2025-08-08
ce931f00-d63f-4243-ab76-50b0bb07cae2,Spain,android,Portuguese,45+,2025-11-22
b2437e4a-4eeb-45b0-a154-5c1197553594,Brazil,ios,Spanish,45+,2025-09-24
630181fd-10b1-475c-8f21-48b37de5b33e,India,android,Japanese,18-24,2025-10-28
43d346f6-1f91-4eb4-8ee4-ebc56a17d77d,India,ios,Hindi,35-44,2025-09-02
853bbfcd-ca84-4154-aa82-41cb9ff86fa2,United States,android,Russian,45+,2025-08-19
67aac00d-1809-4261-807c-54b9e2fc64c5,Germany,web,Italian,<18,2025-09-23
d7ae785e-25bf-439a-a4c4-f8cd29dc33c4,Germany,web,Japanese,45+,2025-08-08
9148a0fb-17df-4817-91d0-b3a1abe01fee,Brazil,web,Korean,45+,2025-09-20
07aecded-6c02-4a89-a3ce-527d1e8709df,Mexico,android,Chinese,25-34,2025-10-20
088c2c4d-5e26-4767-b7dd-8ca66ede4095,United States,android,German,<18,2025-10-20
4682ef04-5dae-40ea-ae9f-7fd3e4dd7864,United States,ios,Portuguese,<18,2025-08-21
5743beda-958e-4672-b5bf-6dff36756a33,France,ios,Japanese,18-24,2025-10-29
a87db069-239e-4cef-8ef9-cffcf3c342a5,India,ios,Hindi,25-34,2025-11-05
ce5bc0c3-2cbb-4cc9-9d61-6608108a929f,France,ios,Spanish,<18,2025-09-17
190a548d-2e9b-4069-b6cf-b0886f45cc01,India,android,Spanish,25-34,2025-11-09
077fe6ff-8e58-440f-8ca3-a6418c47b7c4,Germany,android,Portuguese,25-34,2025-10-06
b0302471-4513-4f25-b894-098541608323,Brazil,ios,Russian,35-44,2025-08-06
1103f264-b06c-41c4-855e-2e3ad10b17c5,Spain,android,Hindi,<18,2025-10-13
ebe646cc-0429-4f5d-889d-d21ca8dc590e,Germany,android,Korean,35-44,2025-09-21
d51432d7-4346-4eab-b855-0de9510f2cc7,United States,android,Hindi,45+,2025-12-03
bde9508f-4009-44f5-bacb-c2451f2fbfea,Spain,android,Korean,45+,2025-10-31
a2da9caf-dd7e-4868-821e-2eb7bb2d4ffa,UK,ios,Russian,35-44,2025-11-11
1a8b8608-1929-4d10-8d5c-1382cdf8db12,Spain,ios,Korean,45+,2025-10-12
74a7cfb0-01ae-4322-9f33-16c52797e7e9,Spain,android,Chinese,35-44,2025-09-30
0b47f67e-2f77-412c-9a31-61c68d662196,Germany,web,Hindi,18-24,2025-11-20
4ce3c9fb-473f-4493-8f5c-fee7c4343bd5,United States,ios,German,25-34,2025-09-23
18151788-5d5c-4e55-9951-c365d85f4160,Spain,ios,German,18-24,2025-11-24
41f9a4ff-d9bd-4fe1-9666-16bc94a3e72a,Germany,web,Italian,<18,2025-09-30
a80ba940-f22e-45f1-ae08-260e769e7436,Germany,ios,Hindi,18-24,2025-10-27
811dd300-1ff2-43b2-8724-63869c9ee926,Spain,web,Russian,18-24,2025-10-21
80bc5331-1620-4173-b5df-896fc2450317,India,web,Hindi,45+,2025-11-19
02b4df66-5b47-4464-8832-6fa24fc94304,United States,android,Spanish,35-44,2025-08-23
94f8d22b-b8db-4a75-88c5-3d91aefdefaf,Indonesia,ios,Chinese,<18,2025-09-29
4ea3bb1a-23d5-4442-8c92-38a5c6f4df83,Spain,web,Spanish,45+,2025-11-01
997c05d7-491a-4522-90d4-618e2735b5fa,France,android,Japanese,<18,2025-08-13
37a6e465-37c0-4a97-8f9d-1d5a55e4bc2d,France,ios,French,25-34,2025-09-26
d85f2059-53f0-4747-8f50-ba8b1a5f01d8,UK,android,Italian,35-44,2025-08-21
60f2eb8a-d56a-4fd1-992c-e25bf0caac06,United States,android,Portuguese,45+,2025-08-24
2168424e-89ce-4693-b6e5-8a7c668f8e27,Germany,web,Japanese,18-24,2025-09-21
be91a76b-4850-48e1-ba93-669d0fae38ea,Philippines,ios,Japanese,25-34,2025-11-01
597a2bfe-17fb-40bf-a3e6-61f522434202,Brazil,android,Hindi,18-24,2025-09-06
117bc560-4cde-4c0a-988a-71016d4f2863,Mexico,web,Japanese,<18,2025-10-08
e3c4b300-3de6-42db-aa16-d6b8b9fb5f76,Philippines,web,French,25-34,2025-10-16
b36915b3-80e1-4d0b-b200-b261ffca0446,United States,android,Japanese,45+,2025-09-22
888da955-41d7-423c-98ae-3801b49f6ea5,United States,android,Hindi,18-24,2025-10-03
637aa2ad-8957-4e54-9b1d-0c0555973b0a,Spain,web,Spanish,18-24,2025-08-27
175b35db-ee8e-4b2d-baf6-4eac95b9b0db,Spain,android,Japanese,<18,2025-11-02
0fa7b6f5-557f-404d-b304-7dcc0dd0624b,Philippines,android,Portuguese,<18,2025-08-29
5f353214-650a-4b7a-be63-fac424f3063e,Germany,ios,Chinese,35-44,2025-10-21
815ea6b0-222d-4058-9e48-019423718234,UK,web,Chinese,35-44,2025-08-26
2de5325c-8356-4760-af1c-0648fda73d15,Spain,android,Korean,<18,2025-10-06
c8cfeb3c-0071-4972-b0a1-fd890986382b,Mexico,web,Italian,35-44,2025-09-07
fdfa7280-6e78-4a84-bf9c-abd9b14a64c1,Mexico,ios,French,18-24,2025-10-06
710bd0c0-8ad7-428e-a8c7-5962fc54ffe8,UK,web,German,<18,2025-08-11
97f9d1a5-6b56-48e4-9064-43a9ee991321,India,web,French,25-34,2025-09-19
61d6dea5-a8e9-445c-8d0a-20e21ab5d775,India,web,Korean,<18,2025-08-15
a48a5a39-57e4-4bdb-be83-0ed677a3c784,United States,ios,Portuguese,45+,2025-11-30
248ccc37-5853-4c4c-b3c8-1e7e21c5c0bb,Spain,ios,Spanish,45+,2025-10-03
d7035614-1b28-4a8d-a2a4-3ce8fa03236d,France,web,German,<18,2025-11-19
6afa5bc1-4ed6-4167-8693-ae9a4c421ca1,Philippines,web,Hindi,25-34,2025-10-31
81fced01-c5d6-4c26-a35e-99dfce105913,Indonesia,ios,Hindi,<18,2025-11-25
724a055c-2b24-48d5-8eb1-b0103da39108,UK,android,Italian,25-34,2025-10-16
c508aa24-78b5-4c70-b8cb-b7cda927677d,United States,ios,German,18-24,2025-09-13
328d62ad-f9cb-4c69-b8ef-1be6b5167eb0,France,web,Hindi,18-24,2025-08-25
8682c874-268a-4e8f-baed-8c4247035c16,Spain,android,Italian,25-34,2025-11-05
0c02f48c-4aed-460e-bbfe-03ed2f87e134,France,android,Portuguese,35-44,2025-09-08
e980e37e-9934-4238-bcfc-9b1d341ae203,France,android,German,18-24,2025-09-05
48d3685b-4799-4685-9de4-42663c9e5ce0,UK,ios,Portuguese,45+,2025-11-04
df081783-9293-442b-88e4-d16498f496bc,United States,ios,Hindi,<18,2025-08-23
ae56f986-e775-48b7-8750-5ec2026b222f,Germany,ios,Chinese,35-44,2025-10-24
390b7b6b-06f0-4ff0-ba7e-2286a6fab47b,Mexico,ios,French,45+,2025-10-12
c6e408a4-b2d5-4970-8b43-4160bf09a81d,Philippines,web,French,<18,2025-10-19
89ab0e3c-cedf-4cf2-bfe4-4c6e6c1e7408,United States,android,Portuguese,45+,2025-09-28
3f82eec6-9132-4810-82d5-c79210d1bf96,Indonesia,web,Chinese,35-44,2025-09-26
b0a726fc-bca6-475f-a855-19469e246a90,France,ios,Italian,25-34,2025-12-02
52317c92-bc2d-4b36-9ddf-10f22ba26e96,Germany,ios,Spanish,<18,2025-09-05
c7cf34ba-d6ef-42a2-8c8e-3e352c29569b,UK,web,Spanish,45+,2025-08-19
1305a6bf-f8e5-442a-846e-17a93bc964a5,Brazil,android,Russian,45+,2025-10-31
7af4eaad-35cf-4947-be47-29c6bec6cf39,Philippines,android,Korean,35-44,2025-11-02
56999286-91ba-4d96-95af-daa62f646e6f,Philippines,ios,Japanese,35-44,2025-10-28
04dc1b44-ec25-4b91-9745-6f4fb14b9ba6,Mexico,ios,Russian,35-44,2025-11-22
d4cbb911-aaa1-432e-bcad-28ecde75137c,Brazil,ios,Spanish,25-34,2025-10-13
8a2624dd-76db-4ea2-a8a6-7bee24c7adda,Spain,ios,Chinese,18-24,2025-09-08
c7b491b4-cf03-4934-ae4c-1f4e2aa3dfad,Brazil,android,French,45+,2025-08-30
667ac146-2179-4022-88e7-d37cae30e736,France,web,French,25-34,2025-08-20
72af14d1-242c-4c38-ad41-cbe56f708fc2,France,android,Spanish,45+,2025-10-21
19adacc6-af1b-4b7c-8458-96d90ed303b7,France,web,Spanish,25-34,2025-11-24
4c31c1e2-0f4e-4630-9df5-3d805a1ede3e,France,ios,Korean,<18,2025-09-24
0670b1d3-1cf1-41f6-bcdb-de6442267174,United States,ios,Spanish,18-24,2025-08-06
f0ae3d1c-c82f-4a89-9537-e082a05dee13,Philippines,web,Portuguese,45+,2025-11-11
3238954c-dcdb-4f59-bee1-9333aee02ab9,Brazil,ios,Hindi,35-44,2025-10-04
fb634cff-c522-4625-87c2-6f335a1a9780,Philippines,android,Japanese,18-24,2025-10-24
f7be2646-4740-4d50-a772-d46cd84521b2,Indonesia,ios,Italian,45+,2025-10-19
04439684-7988-4441-bece-59af6f4228d3,Brazil,ios,Japanese,<18,2025-11-06
3805f070-f117-4430-8102-08cdb310394c,United States,ios,Japanese,45+,2025-08-11
c7fc1527-1fe2-4607-9286-0606381d47dc,Indonesia,ios,Russian,45+,2025-09-21
9170fbec-151c-4fd7-bbbb-1793eb09f739,Philippines,android,Spanish,45+,2025-10-30
1c3b9acf-2b49-4504-a9ae-3aef16a2e474,Indonesia,web,Portuguese,18-24,2025-11-10
42bd8e74-614f-43d9-a771-b1aa60371f60,Mexico,ios,Russian,45+,2025-08-30
cea27eb0-67a8-4209-9d67-59d01a3cc69a,Indonesia,ios,Russian,35-44,2025-09-07
56cf8725-099b-4b09-9e19-83fc90516402,Brazil,android,Hindi,25-34,2025-08-06
db946cbc-e9dc-487a-9d96-3cd79b5490f0,France,android,Hindi,35-44,2025-08-09
759475fe-e624-4f68-8c45-047bd2e60a2f,France,android,Chinese,<18,2025-11-09
50d90d94-81e0-4c93-a1d0-a6e2371a00ab,Spain,ios,Hindi,18-24,2025-10-01
57d46d7a-6465-4efa-a9d9-214ef8312ac0,Philippines,web,Portuguese,25-34,2025-08-31
d3b6abdb-d033-407f-a1ac-42181ce3c7ac,Mexico,android,Chinese,18-24,2025-11-08
d7cd5c8c-a976-4066-9ee6-ca4513a2f882,Brazil,android,German,18-24,2025-11-03
c59e9400-8d5b-4b49-8d71-19f93b38c44f,Brazil,android,Korean,45+,2025-08-31
237d06dc-1d50-4840-b264-93b7bc02d525,UK,web,German,35-44,2025-11-03
e9dc6c03-7811-4d4d-9177-8e53b0ecd24d,India,ios,Japanese,25-34,2025-08-14
cc244eb3-4384-40a0-a481-1a82d52f7660,Philippines,ios,Russian,45+,2025-10-31
9be62da9-34a9-427e-93c3-e2c88e88f51c,Brazil,ios,Portuguese,25-34,2025-11-07
b5c667ba-920a-4aaf-b298-2619f2f81a8b,Germany,android,Chinese,35-44,2025-11-04
6c5f04cd-21e9-4ee8-9da4-14670a8b89e6,Brazil,ios,German,45+,2025-11-08
6981227e-6fd6-47b7-89a9-195d410d5257,UK,android,Russian,25-34,2025-08-19
b6cc0141-0c19-4c82-90cf-1ba7ff30d3c2,Indonesia,web,Portuguese,45+,2025-11-02
2cd56cb8-5741-42e7-a34c-6e1030b858bd,United States,web,Italian,18-24,2025-08-18
1decd353-6849-4487-ad63-1e68d99728ba,United States,ios,Italian,<18,2025-09-15
da472e82-11f8-4b3f-9d85-6d3af039b832,Germany,android,Italian,25-34,2025-10-19
e806d822-a513-4567-82e0-5754d6c695fb,Germany,android,Korean,35-44,2025-11-14
8a2ed506-778c-4fdd-84d8-6911a1bb2c63,Spain,ios,Hindi,25-34,2025-08-26
53dde569-fce9-4e6c-a2c0-61d8d77315b4,United States,web,Korean,<18,2025-11-20
30d908a5-5db4-4c30-a48c-36a28f224e49,Indonesia,web,Korean,25-34,2025-11-18
f3ba6eca-640f-4adf-b9a0-7d84503ce92d,United States,web,Portuguese,25-34,2025-08-08
4d8b9bed-16dc-4423-992a-fd210a467cba,India,web,Portuguese,25-34,2025-11-23
854bd5bc-4889-4926-b2fc-a56722f679df,Philippines,web,Japanese,35-44,2025-09-08
d75ea906-2212-4906-b8ac-70665dbb2934,United States,ios,Chinese,<18,2025-09-10
e7563583-4dd6-4957-b47f-ff19b2afccfc,France,ios,French,<18,2025-10-01
820092ef-ff11-4584-a3a2-7976c53290c3,Spain,ios,Italian,35-44,2025-09-16
ec197382-a510-4707-9de2-c153668a68c0,UK,web,Spanish,25-34,2025-12-03
d4002901-3700-4023-a79e-770c6069d9ee,Germany,web,Russian,25-34,2025-08-28
a1a4f8cc-e36c-4265-beef-b2000e2475ac,India,ios,French,<18,2025-08-16
ac318720-4707-4f70-9ca7-8b61ccea9063,Germany,ios,Spanish,25-34,2025-09-25
130b42d6-c58b-4ca1-93b3-6ddd992599ff,Spain,web,Portuguese,18-24,2025-11-28
f31b0925-c004-4333-8110-d63d0cdec8ae,Brazil,android,French,25-34,2025-08-17
fc079273-1c7a-4980-aa6c-cac16ef005d2,India,ios,Japanese,25-34,2025-10-03
24b964b6-e45f-45cc-af42-8df16d98efa0,Mexico,web,Italian,45+,2025-10-17
94c96f97-e75e-44f4-9324-48048f409fc9,India,web,Hindi,<18,2025-09-15
2913dae5-e1b3-4ba8-adcf-d04e61cc4e88,Spain,ios,Russian,<18,2025-10-24
36f0513a-c03b-447e-a447-4e13a30c2b93,UK,android,Spanish,18-24,2025-10-01
cec93cc9-128c-497a-aa3f-f8a3353353ea,India,web,Italian,18-24,2025-08-11
179221c5-cc3e-4d7a-ae78-d7c9d752e32a,Spain,ios,Japanese,18-24,2025-08-13
3d01c668-7faa-40ce-9988-8a691cdbe0c4,Indonesia,web,Hindi,<18,2025-08-11
e57470cd-8df3-4654-a536-56d945c64957,Philippines,web,Russian,45+,2025-09-21
b620f8b1-bab9-4e87-b730-db692aa2063a,United States,web,Hindi,45+,2025-08-14
e11c6893-24f8-4bbf-b260-f62960c48c60,Indonesia,web,Chinese,35-44,2025-10-29
bfc6a0d3-14ae-4fd0-97e8-fd689e7b3dfc,Spain,android,Japanese,<18,2025-10-02
2e4acab7-2908-41e6-9531-e4b594fad582,France,ios,Japanese,35-44,2025-11-10
b72fa564-5d0a-432f-988c-49e7a3e815c2,Brazil,ios,Russian,25-34,2025-08-28
365af81b-095a-486d-91c4-d401116536a5,United States,ios,Italian,18-24,2025-08-08
83a73a3f-c156-44fe-a216-ddde0a50af8e,France,ios,Italian,35-44,2025-09-29
ca4aec27-60ed-420e-a4cc-d19e31bc1252,UK,ios,German,35-44,2025-10-29
1c38e25f-e44d-4f2d-b516-a327b26f3eb8,Germany,android,Italian,<18,2025-10-14
56cd270f-bdf7-459d-b78d-d36a2e414ac0,Mexico,web,Italian,18-24,2025-11-05
0715ff21-c560-4a35-8bdf-8d4420a5c290,United States,web,Chinese,18-24,2025-08-29
d99a9be0-1451-4b30-ba3e-e3cb15a4198b,Indonesia,ios,Hindi,45+,2025-09-21
5a485354-ea51-4da6-b21e-d590190aaaea,Brazil,web,Chinese,35-44,2025-11-17
a253dcf3-0967-4d9d-a271-451d8f80d2df,France,web,Italian,45+,2025-11-27
5adb4453-4bb4-4f24-9728-bed21f9a86e1,Spain,web,French,35-44,2025-09-27
8c9d214e-d6b9-4305-8af6-7f1f43d7e2ec,United States,ios,Chinese,<18,2025-08-23
17634d34-591c-43bf-bb6b-23fe52189be1,Germany,ios,Korean,<18,2025-10-10
3923ed4b-e8d1-4e1a-9de0-9cefef9ffff3,Spain,android,French,25-34,2025-10-03
f057f22a-5d28-4d05-839f-99f40368deaf,France,ios,Spanish,35-44,2025-08-05
b2b09012-e350-4877-b31e-519e10cea680,Brazil,android,Portuguese,35-44,2025-09-25
4f04f36e-d3f2-416c-8003-e3b8955052c3,India,ios,German,18-24,2025-11-29
c33458c0-f473-414c-ad79-266905c2d4be,Germany,web,Spanish,18-24,2025-09-30
9b27ac0b-ad53-4bd9-8914-4726b27abb0e,Spain,android,Portuguese,45+,2025-10-20
510f0509-6843-4007-90c9-d0cb1eac3a29,Germany,android,Chinese,25-34,2025-10-14
cab1c840-fd1e-457a-b6e3-959ad26904b1,UK,android,Korean,<18,2025-08-15
591754d7-b3cd-46e0-8cbe-61a7466c9045,Spain,ios,Portuguese,35-44,2025-09-07
eb7c9fd2-a6b7-4267-b7bb-1c93ba6ada57,United States,android,Portuguese,45+,2025-08-26
f346f578-23e0-459c-8748-fda53b5d6d46,India,ios,Spanish,25-34,2025-11-11
7fbeb21a-0f01-4852-b860-41ad135054bc,India,android,Italian,18-24,2025-10-06
d51cc020-5be1-4e81-a384-1196b60ff819,Mexico,ios,German,25-34,2025-11-18
2aff215c-1bb1-423b-b540-3725df8e98a2,Germany,android,Hindi,45+,2025-09-05
50e81283-200a-4bbc-bf75-240828cfde72,Indonesia,web,Korean,<18,2025-09-28
ebc4a3ff-59a7-4f48-9329-cffa1babf01d,India,web,Portuguese,18-24,2025-10-06
b74d05e1-efca-43bd-915f-3ff52b64a667,India,android,Italian,18-24,2025-10-24
301dead3-5006-4256-87c0-65905f1d2743,UK,ios,Hindi,<18,2025-09-06
d9fb8ce2-a862-4a04-92e5-3dff6a10f543,Philippines,ios,Korean,18-24,2025-12-02
96476770-ad70-4469-9575-a1388b84c4bd,UK,ios,Italian,45+,2025-12-02
255fd2a5-2da9-4e03-9a52-38ab3763b409,UK,web,Italian,18-24,2025-09-08
9c7f8d68-b469-4790-972b-49afeacf4c1a,Philippines,web,Russian,35-44,2025-11-07
d1208ae1-9b7a-4281-abd0-305394879f20,Germany,web,Japanese,25-34,2025-10-16
553e7528-5c01-41ce-85db-518f37a57dbf,Spain,ios,Italian,45+,2025-09-20
8a58f888-dba9-44b6-953d-a3d48eddf726,Brazil,ios,Hindi,<18,2025-11-21
461b84d8-cdc8-4176-a006-6f3715bcc2ae,Indonesia,ios,German,45+,2025-10-23
152db78f-7040-4e5e-bfe5-f8b4d45dcac8,India,android,Japanese,35-44,2025-10-18
0b1fdd42-93e3-46eb-9423-636a6caf4990,Mexico,android,Korean,18-24,2025-09-16
f6784a0b-621a-41aa-b749-08b3dc9e1153,Indonesia,android,French,18-24,2025-08-15
04fc9355-b6cf-4aa8-926f-efa58858bae2,Spain,web,Chinese,45+,2025-10-31
336f8f30-12a3-4fec-a929-3a2d6a80a166,Philippines,web,Korean,18-24,2025-11-10
e19dc292-9545-40fd-9580-a90cabd79ecc,Indonesia,ios,Italian,18-24,2025-09-24
2f00f9e5-0780-4e05-94fd-7d7f9be2dad4,India,android,Hindi,35-44,2025-10-31
dc90b319-85bc-4b00-b6bb-d323214b85ae,Indonesia,ios,Portuguese,<18,2025-11-03
675df209-6392-43bc-9145-46edd801c5f5,Brazil,android,Spanish,25-34,2025-10-30
4b8405ab-c8b8-44a9-89a1-e37e5d358feb,Philippines,android,Chinese,45+,2025-10-04
d9deabda-1fd3-4828-aa87-eda2dc49d71a,Indonesia,ios,Korean,<18,2025-09-16
75ae7d5e-2582-4d3d-90a9-3e19caf168ff,India,ios,Russian,25-34,2025-10-21
8b27355d-865a-4563-b6e5-c66c778eaa9c,India,android,Spanish,<18,2025-10-18
31f942dc-d06a-4a0f-ae90-7920cdd954db,Indonesia,android,Chinese,45+,2025-11-10
235f1d68-09d0-4353-9650-dfa38e7b4edc,Germany,web,German,35-44,2025-10-01
72b6087b-0295-4620-9de2-baf79b1ce782,Mexico,ios,Portuguese,35-44,2025-10-10
b3052215-2003-4e69-83bc-2d3cf70608c8,France,ios,Russian,35-44,2025-11-07
c2504048-8f2b-4715-b5c8-919d9588b16d,UK,ios,Chinese,<18,2025-10-11
be8dbe5e-d3b1-46f7-9162-02e1b9e4724c,Philippines,ios,Italian,45+,2025-09-05
62a7a9c6-e494-40ab-928b-ef79426ad87a,France,android,Chinese,18-24,2025-08-29
c612af92-4501-4763-9f98-97dc78522e8e,Spain,web,Hindi,18-24,2025-10-17
91e2e58c-df37-442c-97f9-63297bbf7b9f,Spain,ios,Hindi,35-44,2025-10-18
bc04bb2c-3a38-4895-8c0f-ca01bc3142d2,India,android,Hindi,<18,2025-08-16
acb46027-33c2-450e-92d0-509c65d12e05,Spain,android,Korean,18-24,2025-10-13
13f627a2-588e-4b96-93f4-4ba233bd668b,Germany,android,Portuguese,<18,2025-10-29
55bda455-be57-4dd8-a527-1e7674d3507f,Mexico,android,Portuguese,45+,2025-10-07
4eda3a3e-bafa-42a8-9e9f-e1bec5a2d086,Spain,android,Korean,35-44,2025-11-10
fe3b2083-b285-4b10-a3d0-b9fef4a8e042,Brazil,ios,Portuguese,25-34,2025-09-21
fbe4ca62-789d-4525-a55b-e2f7ae006998,Mexico,ios,Hindi,35-44,2025-11-17
f6bb1467-4f37-45ae-a3f3-9502c73a83b4,Germany,web,Hindi,25-34,2025-09-21
654f2338-1fc7-43bb-9d92-a029fa344d0b,France,ios,French,18-24,2025-09-07
48b4e13a-f711-4068-b7b5-0bde0cb79f29,Mexico,android,Chinese,25-34,2025-11-04
68f9d066-558a-4899-8b21-635d295ce9e4,Mexico,web,Portuguese,<18,2025-08-21
1a8e0374-5f91-4f65-ba4b-07ac3c5fdff2,France,android,Japanese,25-34,2025-11-21
cffb43be-3906-4eb8-a02c-87a55955382c,Germany,android,Hindi,18-24,2025-09-02
06e55c8d-f6bd-4cb0-8fba-0c214e5d3c29,Spain,ios,Chinese,18-24,2025-10-30
e2b200b2-03f4-4df7-a286-40395ea95bf9,India,android,Spanish,35-44,2025-08-23
8eec69aa-09d1-4bca-ace0-4dde2e969dd7,Philippines,ios,Russian,18-24,2025-11-03
9003d0c4-6891-4a5d-aaf2-f8667f016a17,France,android,Japanese,<18,2025-09-23
ac7173b6-5863-4d5a-b059-d85c93fca696,France,web,Japanese,25-34,2025-10-09
0dd1727a-e65c-492b-bfdd-10d7a1610223,France,android,Russian,45+,2025-08-16
0e903800-30a4-4abc-b87b-9f9c363eaa48,France,ios,Korean,18-24,2025-10-16
5b467dc9-13ff-410a-ae05-5f05a086dd39,Philippines,android,Portuguese,25-34,2025-11-08
e0234335-1f0a-4e98-ae82-a4e6f1914005,Philippines,ios,Japanese,35-44,2025-11-15
713fd60c-5890-4841-b764-535ecbd3d9f1,Spain,ios,Spanish,45+,2025-08-23
63ecd32f-8b71-4aa3-b592-114fad861d1a,Indonesia,web,Chinese,35-44,2025-08-31
631e370a-8b9a-45c9-b687-632003dcee45,Indonesia,ios,Korean,<18,2025-11-14
429bb3d8-21b9-412d-a7e2-45f3c430968c,United States,web,Italian,35-44,2025-10-04
51b6f283-ca3a-4cdc-8020-525f3992d198,France,web,Italian,25-34,2025-08-22
1617bd4e-a7c2-4108-9aa1-23c4a325ff86,France,android,Russian,45+,2025-12-02
77425279-a2e6-434d-9665-d6b044a17842,Mexico,web,Chinese,35-44,2025-11-11
c816948b-8003-4475-929b-da6c38f996c0,Indonesia,ios,Chinese,35-44,2025-10-11
c3470917-442a-4193-af26-99291b00a31d,Spain,ios,Italian,<18,2025-10-01
fbeb2053-f0b2-41a0-b837-dd3673258bc9,India,web,Japanese,25-34,2025-11-16
79b03d3d-275d-4ed9-bc86-2ffaf681fad6,United States,android,Portuguese,35-44,2025-08-11
eda5167d-1eca-4fdc-8338-27be84dc106d,United States,web,Russian,25-34,2025-08-17
39a8c517-cfb6-4ed7-9769-ed3d385e13e1,Spain,web,Italian,18-24,2025-09-14
5f33b4a0-d2e2-481d-9352-cba0f23c6ec0,India,ios,Chinese,<18,2025-09-28
3bf6d0b4-7f24-4809-a8b6-1fe1935be7c8,Mexico,android,Korean,<18,2025-09-26
cf0adaf8-5b23-4014-891e-63986360c40f,Philippines,android,Spanish,<18,2025-09-02
923b6281-4571-495e-848c-e624dbb90e96,UK,android,Korean,25-34,2025-10-24
e68fc035-b217-4dfd-8f7c-dab4d4ae2128,Indonesia,android,Korean,35-44,2025-08-25
8eb4730a-e26f-4083-803c-90046ea41794,France,ios,Portuguese,35-44,2025-10-02
fcb7b940-2a11-4ae6-a141-390bd8f4e342,Spain,android,Russian,25-34,2025-10-26
3d59e454-311c-441f-81a8-c0ad5f6ef375,Indonesia,android,Italian,25-34,2025-11-01
74fb2f93-553c-4b04-9db0-6cd683c8cc10,France,android,Hindi,18-24,2025-09-23
7083011d-99e7-41da-898e-0fd175cbf53b,UK,ios,Chinese,45+,2025-08-16
041c8824-11fc-44a9-a318-bcb6aba53648,UK,ios,Korean,45+,2025-09-22
16ce5ec2-a45f-4b47-8e35-35316291745a,Philippines,android,Korean,<18,2025-11-27
3eddc6ad-262b-4d1b-a151-5a544c83d843,Germany,ios,Russian,35-44,2025-10-14
78d791ca-e03e-42fb-a308-72fe8dd3c525,UK,web,German,<18,2025-11-21
a94dad97-2b5f-4fe9-a5fc-fee1439f3bad,Indonesia,android,Chinese,35-44,2025-09-06
b5d84212-8fcf-4b29-a327-c68a617b0c58,Brazil,ios,Spanish,35-44,2025-11-13
5f0e3ac6-050b-4c04-ad35-5195b10a08f6,Brazil,android,Hindi,18-24,2025-11-26
d82d9c18-fc7b-4741-9101-374d88ee1369,France,android,Italian,25-34,2025-11-06
703ddcec-7047-4487-b87a-01e413bda158,France,ios,French,25-34,2025-08-21
b77aa010-0b37-4983-a1f8-c69373b5d250,Germany,web,French,25-34,2025-11-01
16622a3b-5a2b-411b-a11c-1aeb36030845,Brazil,android,Chinese,45+,2025-10-04
a65323e9-f9da-4494-96ff-0d49fe1eb010,France,web,Italian,25-34,2025-08-18
bc76fb38-dc33-4f61-a061-804c1b3a6d04,UK,ios,German,45+,2025-09-14
d9bb6ee4-207b-4e9a-b0b3-dc56ee94c445,France,android,Spanish,<18,2025-11-21
e841d9fc-9faf-4fac-aaa6-12a661d65ef5,United States,ios,Hindi,45+,2025-10-07
af148bbe-1f51-4858-861f-b8f029b4e7a0,Germany,ios,German,35-44,2025-08-30
f3e1b8d1-2c0f-4277-bec6-6c7d7cbb0f42,Spain,ios,Hindi,18-24,2025-10-22
072b4dc5-882b-4fa8-82d6-2dfccfeb6894,India,ios,French,18-24,2025-10-31
327efbb1-903a-4df8-a57f-043d8a3d83d9,Mexico,android,Japanese,35-44,2025-10-18
1222824d-dbff-47d0-bbf9-40bd2d9925ad,India,web,French,<18,2025-10-18
136fc9b3-7f5e-4ea4-83d5-9622f661dd2e,India,web,Japanese,18-24,2025-09-23
4e09c23f-1791-454b-a6f1-bfbb83f3fef5,Philippines,android,Italian,35-44,2025-09-23
fe8c4d0f-d5b3-47b3-80fd-5baf7fc46069,Spain,android,Chinese,18-24,2025-08-06
243a0939-cbea-4306-b67c-e71095989403,France,web,French,45+,2025-08-22
bdd92285-d202-4bc6-a3e0-e40ae477fff5,Philippines,web,Russian,18-24,2025-11-01
b5f3f069-33f0-4a00-8765-3e76c6385d2e,India,android,German,45+,2025-10-20
1cb4f9da-ebe5-4157-b8e9-69cb75f231a4,United States,ios,Russian,45+,2025-12-01
94a9a1b1-19b5-4a49-98c9-60d88bc59467,Mexico,android,Italian,18-24,2025-10-12
83059257-fab2-474f-a4dd-6e60cebe3318,India,web,Korean,18-24,2025-11-18
d4c9ce4f-594e-435f-ac6a-c10b8c42b00b,Brazil,ios,Russian,45+,2025-10-20
2100e1a7-69b5-4d8f-8479-7b8e5f899272,Spain,web,Italian,18-24,2025-08-14
cef4d840-d747-4a5c-b81d-c4471438291a,Spain,ios,Korean,<18,2025-09-08
07b4093d-997f-4473-a737-6dc315d0d80d,Spain,web,Japanese,25-34,2025-09-17
1b6b0d74-a2b1-41ae-967b-485e749c43ac,Germany,ios,Russian,25-34,2025-11-08
f28f1afe-9f25-48f8-92f8-d5595686564f,Germany,android,Italian,35-44,2025-09-21
c392f9b2-3d06-4064-9d0c-90e7da6ad5f9,UK,android,Korean,25-34,2025-09-21
a62041e6-4fde-4a07-9ba7-c36ce6725e96,Indonesia,ios,Japanese,<18,2025-09-11
bed27ae8-874f-49c9-9f82-d7fb4b1e58b7,Mexico,ios,Italian,25-34,2025-09-11
aee0d7cd-9717-4914-8aea-0df9a87f1d2b,Philippines,android,Italian,25-34,2025-09-26
b1265436-49ef-485c-820e-812bdaca2075,France,android,Japanese,<18,2025-11-11
25d76006-448a-4d52-b498-a43896593cd8,India,ios,Japanese,45+,2025-08-26
1cd1c0e9-5eda-47b3-9bf3-5bdfb71fc3a9,Indonesia,ios,Italian,25-34,2025-10-28
7aee2e5e-f950-45d2-b816-e036d5aa78fc,France,android,Portuguese,35-44,2025-10-19
cb7f001e-1a0c-410c-a550-e7566e20b701,Philippines,web,Hindi,25-34,2025-10-23
f6ea5730-3b9c-4275-9976-89d66f3db515,Indonesia,android,Portuguese,25-34,2025-09-08
107b1551-26d3-401b-822d-5a23b2740c61,France,ios,Spanish,<18,2025-09-29
75593146-c853-4989-ba45-8e96880500b9,United States,ios,French,<18,2025-10-02
950c3a9e-ad68-447d-b35c-a7ce0e7510fa,Germany,web,Hindi,35-44,2025-08-26
745a9557-1f3f-4e10-b478-749f5ab28c15,Philippines,android,German,18-24,2025-08-31
de751580-4830-4cf5-87e1-87b1f0d76f43,Mexico,ios,Russian,<18,2025-10-07
833404f7-33c4-4269-acd1-cc5a21e31a11,Brazil,android,French,18-24,2025-08-12
cadf1984-fb7c-4756-a261-658a65b00192,United States,ios,Portuguese,35-44,2025-11-23
b3b90410-cf07-4490-8732-fa1acb583585,Germany,web,Japanese,25-34,2025-10-16
4d0492df-3a87-4a37-b16d-05d2d4c3d626,Spain,android,Italian,25-34,2025-09-16
756265ee-cb68-41eb-975d-e23824f9ee93,Germany,android,Portuguese,18-24,2025-10-28
557df260-2cd4-4acd-b8a0-a6196fb1bd13,Indonesia,web,German,35-44,2025-10-05
3c43459b-9df2-47d7-8d1a-6138f77198c4,UK,ios,Spanish,35-44,2025-09-14
47053a63-84d6-4a40-823a-8ff2d2d0bab5,United States,ios,German,<18,2025-11-15
25f9d0c3-8ba5-4de1-b741-dedac75bf2ad,Spain,android,German,18-24,2025-08-14
e0c35f9d-763f-4d74-b287-cdf3757a30e8,Indonesia,web,Portuguese,<18,2025-11-12
2eb9cf9f-3b8c-4847-b3ea-b1eaced335aa,Philippines,android,Japanese,18-24,2025-09-13
a0b07538-712a-49e8-9adc-a9acc8fb2bf8,Mexico,android,Hindi,<18,2025-08-22
d40f58e6-583e-4a4a-88b6-06e483cbfc97,Germany,ios,French,<18,2025-08-07
b078e34a-3d6f-4548-a38d-b2c92414ed29,Philippines,ios,Japanese,35-44,2025-10-21
56d4f346-f4bd-4781-8436-cff489f9064b,Spain,ios,Chinese,35-44,2025-10-11
85c2b84c-9a2b-426c-b7db-a91a85eb44c6,Indonesia,ios,Portuguese,25-34,2025-09-14
9e4e8c2c-b908-42a0-8d1a-8dbea232e106,UK,ios,Russian,25-34,2025-09-16
529d3778-76df-46c6-80ff-88036ca040d5,Germany,web,German,35-44,2025-09-21
4470fece-6cdb-4ecd-a0c5-9cd7a16eb6f7,Mexico,android,Russian,35-44,2025-10-13
c473f698-2aaa-47fb-b0a6-8b485de4e1f5,UK,web,French,<18,2025-08-17
b5405462-6645-432b-a9e5-d5e347f63737,France,android,German,25-34,2025-08-09
77e1d0af-190f-4e32-a646-87e733b296f7,Indonesia,ios,Spanish,35-44,2025-11-24
89b5551c-59b6-4129-b043-94a274a008c5,Philippines,web,Spanish,18-24,2025-11-23
e534e0a9-fdde-40a9-99cd-0c5b9df174c8,Germany,android,French,18-24,2025-11-13
6747f719-a19c-4c92-bb13-18e86c80bfb4,Germany,ios,German,25-34,2025-10-21
9a83a019-2dd7-4f8c-b078-7f940e3da496,Spain,ios,Korean,18-24,2025-11-04
3d2dd4c8-09ae-4586-b0f1-d4b1e1d52efb,Mexico,web,Chinese,<18,2025-10-24
289228bf-ff22-4fc9-8aad-735b4aadbdac,Brazil,web,Korean,25-34,2025-10-24
045ce1d5-86d0-4efb-a3b7-9a0d651a10ce,France,web,Hindi,35-44,2025-09-11
ca4c88f2-7ebe-453e-adbf-14ecd9eb3567,UK,ios,Hindi,18-24,2025-10-27
b2e51182-205b-415a-bb3c-680cf9ceade2,United States,android,Italian,<18,2025-09-04
0617c865-377b-447e-b2e9-8a29ddd823c4,United States,android,Hindi,35-44,2025-10-30
ef69739b-b783-496a-b4af-6cbef90e971c,Germany,web,Japanese,45+,2025-09-17
95eb99b2-72f4-40e1-a404-426c81b83a78,Spain,android,Italian,<18,2025-09-12
ae3f1702-8353-4b95-8446-7736a3464f8f,India,ios,Spanish,18-24,2025-10-14
bf7ee61e-431c-48ef-82d0-435182c3cdf5,Germany,android,Japanese,<18,2025-10-30
e2c462ef-44ce-459d-a6e5-9acf266c05aa,United States,ios,German,45+,2025-08-12
3fc23995-4bd6-473f-b5e1-5fbfda1a6e90,United States,web,French,45+,2025-10-08
33a90d78-7fb7-40aa-8428-c7c6394a9cde,France,android,French,<18,2025-08-26
6ee6a3ee-e7fc-4949-aa60-9491b3ca786d,Philippines,ios,Chinese,35-44,2025-08-15
c3b17895-968d-4fbf-a96c-39a4405bd4bf,India,web,Spanish,35-44,2025-08-05
2df70c0c-efad-4da3-b36a-2cd4f2f38d99,Germany,web,Chinese,45+,2025-10-18
685641e1-b066-4e44-a9de-5cb022a0def1,France,web,Korean,25-34,2025-08-30
a4eb1098-60c4-46f2-9ceb-f7b531068123,Spain,web,Portuguese,25-34,2025-09-19
c71a494c-20ef-4007-a8d7-f2caa9cc4108,France,android,Spanish,35-44,2025-09-28
665a7795-54b3-418d-9faf-d0b2d1cb6f2f,Germany,ios,Russian,25-34,2025-10-07
61240311-a70f-4a61-b34d-0d4f85a8a3c4,Indonesia,android,Hindi,35-44,2025-10-12
08df2cf5-bb61-4578-b353-188f4c642f86,Brazil,ios,Italian,18-24,2025-11-12
b94ab4b0-8075-4a95-b63e-96e65a055424,Germany,web,Korean,35-44,2025-11-10
6ad6e6a2-ec6d-414b-91cb-7244d5208265,Mexico,android,Hindi,18-24,2025-08-16
20603a09-4b3c-44de-870a-df19cf3b910d,United States,web,Italian,45+,2025-12-01
88979f87-65b9-418a-a925-4a9336e81a2a,India,ios,French,25-34,2025-11-17
81136642-95ba-4a12-b688-ed71b21d4d09,India,web,Japanese,45+,2025-09-01
b68f2ec4-f20b-4c72-8fd1-a10e451484f4,Philippines,android,French,<18,2025-11-03
d4c7d4c6-6faf-4e68-9fdd-ad03bf530c17,Brazil,android,Korean,<18,2025-09-10
488462ad-2f25-4a57-93d7-fa92651ed345,Mexico,ios,French,45+,2025-11-01
cb42ea21-9555-4459-8638-b6ba1f2affee,United States,ios,French,35-44,2025-08-05
23caf069-8e9d-47d5-8a24-79c2f2615289,India,android,French,35-44,2025-08-30
ab56c12d-c262-4d5e-b292-8050b3b931a6,Mexico,android,Spanish,25-34,2025-09-05
861dea0b-05c7-4310-a23e-ddd989002fbb,France,android,Korean,45+,2025-08-30
0b0c6361-7d4e-4a4e-9ada-f520513028aa,Philippines,android,Chinese,<18,2025-11-23
8048a8cc-3052-4292-866b-41b534d2ac36,Germany,ios,French,45+,2025-11-07
9940e1db-c9d4-4ad0-ba12-f84f5242ef40,Germany,android,French,45+,2025-11-12
2e6e271f-3c05-48ec-88fc-b9859fcc4e50,Indonesia,ios,Italian,25-34,2025-10-14
05901ee3-6b45-4b05-8bbd-eeadcc00004a,United States,android,Japanese,35-44,2025-11-20
df1f7d91-1502-4b16-819a-4f09feb59318,Mexico,android,French,<18,2025-11-21
6f19e5f1-1745-4c3a-9412-bcbd8bdbc956,UK,web,Chinese,25-34,2025-11-25
6544dc5c-d84f-4d96-b096-ece366251706,India,web,Chinese,<18,2025-08-06
aa1514eb-1d4f-4dc4-8e18-6b573a78d065,Spain,android,Japanese,<18,2025-08-13
c3940301-4b3f-4726-bbd3-0f8e0f92454b,Spain,ios,Japanese,35-44,2025-10-04
1701bf88-ed50-4356-9d52-36ba5f470a1e,Germany,android,Korean,35-44,2025-09-24
f65300ba-944d-4992-8ff1-c2a5081da71c,UK,web,Japanese,25-34,2025-11-27
4e35caee-0f70-4c4a-b78d-cfbde63730c5,Spain,android,Russian,18-24,2025-11-30
3db7c7ed-e6c1-4c28-8315-b36e12df8572,Brazil,web,Korean,25-34,2025-08-27
cc83c3a4-8642-438c-b076-39c1e5252a67,Brazil,android,German,25-34,2025-10-14
d0ca4404-e648-465a-abd2-0ffba2d938be,United States,android,French,18-24,2025-09-27
df8fe7d9-4bd6-4ce3-a12a-112e58ad71c8,UK,ios,Chinese,<18,2025-08-28
cf1a6a54-755a-4245-be80-eda0609f5e79,Brazil,web,German,45+,2025-11-23
f9ad4a69-c867-46b8-9368-418079bc1fa8,Brazil,web,French,18-24,2025-11-20
35c83d17-ca2c-40ce-9fc9-7e30a8026f5d,Germany,web,Chinese,45+,2025-10-31
a5f391fe-fd37-4b1b-8028-822e604c801e,Spain,ios,Chinese,<18,2025-09-15
a780e334-041a-44b1-a862-1c13f66db69f,United States,android,Italian,18-24,2025-11-14
d1d1f125-994d-4588-9215-25ee8be1f779,Mexico,ios,Korean,35-44,2025-11-23
1b336b55-fc09-4bdd-8cc5-5b52ce2bddb6,France,android,Portuguese,25-34,2025-09-11
cf837d1f-a81f-4d8e-aced-75b79f94c907,India,ios,Italian,18-24,2025-08-06
bdf5a824-aeaa-4eb2-b2c1-65b0e43d1c9e,India,ios,German,18-24,2025-08-12
297b8ea4-9f06-4f4f-8f79-92d8b190c0a9,Philippines,web,Hindi,<18,2025-10-15
3b10038c-ebc0-4cc6-b6cb-f07835a4727e,France,ios,Korean,35-44,2025-10-25
a269a7a1-6c5b-453c-8270-4a8a762af6c7,France,android,Japanese,18-24,2025-11-04
16c7be99-9945-4810-b6c9-7d9b1d9b3d32,India,ios,Hindi,35-44,2025-11-02
b008bc1a-0446-4a82-b90e-a4b582550bf3,India,ios,German,45+,2025-08-31
4821a69e-e4c3-4aea-a388-296bf42de67a,Mexico,android,French,18-24,2025-10-28
0d6964b9-e275-4f90-abf6-2ff39535c161,UK,web,Spanish,35-44,2025-10-08
b4121ba6-34a6-4780-80cd-8ff789aa1732,UK,android,Portuguese,25-34,2025-09-14
e5d24ec0-f570-44ac-9855-6d6e3ffce0c1,Mexico,android,Italian,<18,2025-11-17
0e498880-da31-40a3-a59b-218d0b44a6c6,Spain,android,French,35-44,2025-11-17
75f0dba6-3e69-4a66-b8bc-099d627f9e12,France,ios,German,<18,2025-09-27
4c51b76b-71b6-44a4-8944-baab6143a2d8,Indonesia,ios,Korean,18-24,2025-08-18
b08d40e4-4d2c-4786-9ea8-ab93c0c23620,France,android,German,18-24,2025-11-12
09a5690d-2f64-47e8-b03a-89275e9c9755,Philippines,android,Hindi,45+,2025-11-30
53cc52ec-728a-4610-bdaa-ae2b6c528275,India,web,Spanish,<18,2025-11-29
965e5e7d-c7ea-4beb-b6f3-2545386932cf,France,ios,Hindi,25-34,2025-09-10
8d52bb97-0ad4-4f3a-8aab-640876f55a05,India,ios,Korean,25-34,2025-10-19
0f1c41ed-089a-4617-8e0f-61d0bf30f6fa,France,ios,Chinese,35-44,2025-08-15
336468c6-04bc-4e89-9774-001da678b83c,Philippines,ios,Hindi,25-34,2025-08-08
bf87dd7c-8474-4143-9d26-ca30543ff282,Spain,android,Russian,<18,2025-10-23
f0e17974-1493-41b1-9215-d48bc9c814cf,Indonesia,android,Chinese,18-24,2025-08-15
a693da7c-ae8d-4a93-8f10-fbe38a80b363,Brazil,web,Japanese,<18,2025-10-04
201f760e-5def-4823-8b95-268d33ffbaba,Mexico,ios,French,<18,2025-10-05
0f0070d3-1f42-4e9b-a36c-fd543d90cbb1,Mexico,ios,Korean,18-24,2025-08-14
2fc32184-ce2e-40e5-9c24-bacc0f02de04,Indonesia,android,German,<18,2025-09-25
f5439b12-d632-4112-8b2b-f976c74c3497,France,web,Japanese,25-34,2025-08-06
2132ded5-56f6-47d5-bf55-4920ff99755e,Brazil,android,Hindi,35-44,2025-10-30
6710565d-b424-4cf5-a3d0-6927e15267f3,Philippines,ios,French,35-44,2025-09-24
d27599e6-755f-46cb-8af9-a5756fb54022,UK,ios,Chinese,<18,2025-10-08
faef4646-06f6-4dac-8a4c-5f451ec499c5,France,web,Russian,18-24,2025-11-16
ab4c8ca6-a8f0-4274-a75d-70ee28c57b93,Spain,android,Chinese,45+,2025-09-05
42e3d38d-bcd8-4cc9-bb44-30fa0b702acc,India,ios,Italian,<18,2025-09-25
02d33adc-2052-49ff-b455-dbf43b74a911,United States,ios,Korean,<18,2025-11-11
fe024318-1aa9-42fc-b75e-c1e43eecc4fc,France,web,Chinese,45+,2025-09-19
7e36682b-f7b4-4a8e-bfd6-487b4026c0e0,United States,ios,Spanish,35-44,2025-09-18
7b5fb853-8379-4948-b84c-1ebb75cf51f7,France,ios,Korean,35-44,2025-10-06
03bc6c24-e233-4728-9c2e-9b874821e14a,Indonesia,android,Italian,45+,2025-09-14
400ce9aa-97ee-4675-9d5c-0e9fc5e285f4,United States,web,Korean,18-24,2025-08-30
e374b964-0f1a-4af8-b947-fcc1c00fdda7,France,web,Korean,<18,2025-09-13
3354735f-e824-4685-9c30-f755083f76c0,Mexico,web,Russian,25-34,2025-08-13
13d91f3a-0f2a-4aff-b7ad-6097183c35e3,United States,android,Russian,35-44,2025-09-22
c77511e2-3087-4ebd-acda-70e636e0e144,France,web,German,35-44,2025-10-09
3c76e3d3-6512-406a-86bb-c310d4961fa1,UK,ios,Chinese,35-44,2025-09-27
35b76166-cb5a-4b5e-8aa5-8470ed15436d,India,web,Hindi,18-24,2025-09-13
20dc31ed-a21c-4226-abe1-1fa32653344e,UK,ios,Hindi,45+,2025-09-13
849e6f76-f384-4405-a25b-6258c58ff2f2,Brazil,web,Russian,18-24,2025-09-26
b01774d6-511b-4ccf-895d-f9d220cac8c1,France,web,French,35-44,2025-10-25
d8c5cecd-0f79-47d7-9ca8-68c1e7e79764,Germany,android,French,<18,2025-08-09
db3f02fc-9e21-429a-afcd-9a75ad440950,Spain,web,French,35-44,2025-10-20
536061db-2afa-4812-8e78-d3990e5c3947,UK,web,French,<18,2025-10-03
8b7c4768-1cc2-40cd-9f11-7041297b550f,United States,android,Japanese,<18,2025-09-25
260bf9ce-f272-416e-be5e-eddbd1c85dd9,Indonesia,ios,Hindi,35-44,2025-11-04
b79e16d9-726c-4055-871c-c32c14588648,Spain,web,French,35-44,2025-08-22
35db07c3-cfa4-4d64-a525-5614c82633dd,Germany,web,Italian,<18,2025-11-22
91ef3049-ae8d-4f89-b2ac-c170327b3b0f,Philippines,ios,Hindi,18-24,2025-10-08
50018bc6-dee1-412f-b15c-33c64cdc31ad,France,android,Korean,18-24,2025-10-25
16027a77-f8b5-4cbf-afb5-ed79e432686a,Indonesia,web,Chinese,18-24,2025-10-18
7d0985e3-f5a8-4ac2-b3d3-1d573b7f3135,France,android,Korean,25-34,2025-10-12
b2b920d6-dbe4-4e39-9401-f5fcbbb848f2,Brazil,ios,Hindi,<18,2025-10-31
e8002683-2fc0-4392-acef-5cdb69488b36,Germany,ios,German,25-34,2025-11-14
95c8f66c-826d-47f9-9386-74a19dd7ecea,France,android,Spanish,25-34,2025-10-26
91a54efb-5a04-4408-b982-0ca835b7d9b9,United States,ios,Russian,<18,2025-12-02
062c9fcc-9813-4192-8bbd-04868d47ad96,Brazil,ios,Hindi,25-34,2025-12-03
5d1b8d56-9d8d-4003-a8dd-68152e4e257b,Mexico,web,Portuguese,<18,2025-09-28
eb47e57c-3198-4ba1-9b3e-eaa14f7d6626,Philippines,android,French,45+,2025-08-21
d31a553c-aaa4-46b9-8cd1-2fc8ce8ee08b,Germany,web,Spanish,45+,2025-08-28
b3e75ef3-e40f-44e1-ba0a-a5e180d3b5d3,India,android,Russian,<18,2025-08-17
fc0a5d3b-2f35-4b7f-87cd-744e7133ea7c,Indonesia,web,Japanese,<18,2025-11-16
df4c5224-3a15-45eb-b1c4-594ccb11959c,UK,ios,Japanese,<18,2025-10-20
f0f7f85f-5061-421d-a5f3-83c3b217633b,France,android,Portuguese,18-24,2025-10-28
856e7d91-091c-4efb-8c21-f852275cf591,Indonesia,android,Italian,<18,2025-10-04
892b505a-a4ca-4f56-87cd-7d80092011af,Indonesia,android,Korean,35-44,2025-09-26
5a869e17-34e3-4d66-90c2-84b27002e4ef,India,android,Chinese,45+,2025-12-02
89498219-6be1-4512-8112-cff7e524fbc9,India,ios,Korean,45+,2025-09-06
bed340dd-8aa3-46b7-814a-810ae38527f0,Brazil,ios,Russian,<18,2025-08-07
528a87ae-e49f-4b52-8239-6b71eca89ca9,Germany,ios,Hindi,45+,2025-10-02
e1559194-6fc8-4f62-8d80-e3c1cf8fcb33,United States,web,Korean,<18,2025-08-29
d65f12d7-b837-48fd-8a1f-b151e2179ac6,Philippines,ios,German,<18,2025-10-03
a4f18c7a-4494-4a27-a635-ebb4dbe351b6,India,web,Korean,45+,2025-10-26
d04748c5-0aee-4d92-95b8-47ebbffb1849,India,web,French,45+,2025-12-02
6e32ce33-09c7-4793-ab11-86c4823d4ddf,UK,ios,Korean,35-44,2025-08-27
132f2cff-0925-4eb7-98ea-c16e01fb5cc2,Mexico,ios,Portuguese,25-34,2025-10-09
2a1d287d-1cc5-4be6-b34a-448b33fccf01,India,ios,Japanese,35-44,2025-08-23
4b3e1719-c900-41f0-b8a2-84e08dd3c6cc,Mexico,web,French,35-44,2025-10-27
22e22e45-587f-40bd-947c-ce917092100c,Brazil,android,Russian,45+,2025-09-18
23288e6a-e861-44d1-8dd4-b99ae04801fe,United States,ios,German,35-44,2025-11-04
a557f0af-8222-4f43-8dfa-f7e1c5cdfde2,Indonesia,web,Italian,45+,2025-08-24
7bb212b9-5442-4b79-b8b8-d06f9a0fdd8f,India,web,Korean,18-24,2025-12-03
b89c69f8-327a-4ec4-b9dd-91bb2c77f748,France,ios,Hindi,<18,2025-09-24
4f9d384f-a1bf-48ab-8bfd-e0b6dc4cd05a,Mexico,web,German,25-34,2025-10-17
5a745dea-0e65-4512-933c-75dda94012b7,UK,ios,Japanese,18-24,2025-11-09
c64f5244-4b31-47df-913e-a5266a0fb728,Philippines,web,French,<18,2025-10-12
bc50ebf2-d782-46a9-831b-8643e0722df8,UK,android,Chinese,<18,2025-08-13
ab4a50e0-04c3-4934-b9e8-490f2d7eb35d,India,web,Portuguese,25-34,2025-09-23
6e1930eb-862b-4996-b118-ef74619d0f47,Germany,ios,German,35-44,2025-10-09
9232df99-1328-4493-ae00-a37d711db5ce,Indonesia,android,Italian,<18,2025-10-14
6af68770-1fce-4252-99c7-3d59286977ec,United States,ios,Italian,25-34,2025-11-02
9c712ac1-b2f0-424c-9e96-feb657e38740,France,web,Spanish,45+,2025-11-13
2e148fd9-a0f5-4534-b749-60ecd2615f51,Germany,android,Italian,<18,2025-09-03
8f6f9224-8bff-410b-b661-93fc11d6daf0,UK,android,Portuguese,<18,2025-08-31
1e3581c1-2a8a-4f25-ac88-7457139caab3,Mexico,web,Russian,35-44,2025-09-12
373460e6-0eaa-45da-8744-64806e3ae4a2,Mexico,android,Russian,35-44,2025-10-15
6d19e147-e1da-4234-9506-465b0fb042b1,Germany,android,French,45+,2025-08-19
f152688f-4994-411b-acef-c3bca7ba3ba2,Mexico,android,German,<18,2025-10-16
fecf3cf8-00b1-4203-bea5-7956d60601fc,UK,ios,Russian,35-44,2025-11-05
9aaaa3b1-c935-4d3e-a960-e66b6725fc7a,Germany,ios,Italian,25-34,2025-10-31
dd073551-5163-4ba6-938f-9b119e96ec60,UK,android,German,<18,2025-11-23
22bf41a0-2c3e-472e-bc1a-c1fa9b6e1a31,France,web,Italian,25-34,2025-10-10
b337a202-3d0a-4f59-af1d-8efebf625397,Indonesia,web,Italian,18-24,2025-09-14
f1d39306-fd45-4d6b-917e-684d60ec96e3,Philippines,ios,Chinese,45+,2025-11-03
adcc61df-86d4-4a3f-9c2a-b548cf2eb83d,France,web,Russian,35-44,2025-09-28
d658131a-1acc-4b2c-aeaa-42f8bdb3e502,France,android,Korean,18-24,2025-08-28
1b766275-c830-4e5e-baac-50e272f734b4,Mexico,web,Chinese,35-44,2025-08-23
9e12607f-fec4-4c48-a8e7-af3ca8deb2a8,India,ios,German,18-24,2025-08-09
2fc13b88-b90e-4261-95bd-85d02acfacf4,Spain,ios,Spanish,35-44,2025-09-16
f8596790-6187-4caa-a2cf-e5f19ee5535d,Mexico,android,German,45+,2025-08-22
b951d58d-ba95-480a-ba2c-9aca74eaac71,India,ios,Spanish,<18,2025-09-06
42823f19-39fa-482b-96fa-0bac2dec3fb9,UK,ios,Korean,25-34,2025-09-07
85da1bbe-0e1d-4949-a8a8-e27464cbdac3,Spain,ios,German,18-24,2025-10-30
e819ebb6-46ce-46a8-b025-de732f0f6fce,Mexico,web,Chinese,25-34,2025-10-28
0de2fd01-e734-4418-beed-2058fa64da57,Spain,ios,Portuguese,25-34,2025-09-11
f3ec3fc4-e945-43f4-b5b5-ff257085fec4,Spain,web,German,35-44,2025-08-30
556ffbd2-016d-45db-9794-2c2b74572229,Brazil,ios,Korean,<18,2025-09-26
ee03fc6a-301c-4bf1-84c6-6e929bc68a15,Indonesia,ios,Chinese,35-44,2025-08-22
e65c2aae-eed8-47a9-8fc0-bde0ebf359ee,Brazil,web,German,25-34,2025-10-30
3f08a9c5-a074-42ee-b3cb-f8a5bb213f96,India,web,Hindi,45+,2025-10-12
7da52ac9-6fad-415c-8e35-6b1ffd0f76ea,United States,android,Italian,<18,2025-11-09
7156ad05-0b10-4718-aa4c-ef43bb3b10b0,Germany,android,French,<18,2025-08-16
00c4ad2b-cdc3-4a6d-aedb-5b6de16ae25e,Philippines,web,Chinese,25-34,2025-11-25
4c621552-72f3-4a51-9e0d-6d961ba4fc2a,United States,ios,Spanish,35-44,2025-11-10
0f46c34c-8d18-4256-9f17-9a04254fcddb,Germany,android,Japanese,45+,2025-11-16
7ee40852-b4d8-4e3e-bcd8-873ba7b15acb,India,web,Japanese,18-24,2025-10-27
1b198290-2e06-4586-905a-fecc93b43e23,India,web,Russian,35-44,2025-11-19
24130add-5e15-4ff7-bc6f-09394866da4e,UK,ios,Italian,<18,2025-09-13
56cdd645-10d0-4f36-b04c-14b2f9540e46,Philippines,web,Japanese,35-44,2025-10-06
796c71f0-6b97-4b4b-85b1-062d98a77ff5,Indonesia,android,Spanish,18-24,2025-09-15
2d61b98c-2a85-448b-a3bb-ddde766739fe,Spain,ios,Hindi,45+,2025-10-07
d72a8c60-42e6-484b-86e5-eda947305dfe,Brazil,web,Russian,45+,2025-10-30
efd18886-4b3f-415b-bbc3-f59b74c1c35f,Brazil,web,French,18-24,2025-09-05
cef5e9d0-f87b-49ed-b5b5-35c250285426,India,ios,Russian,18-24,2025-09-15
33a79510-e1fa-4f4d-a701-5e358335500a,Brazil,ios,German,25-34,2025-10-02
e2766af1-9191-4b4e-aae8-fd7393beb63a,India,ios,Italian,<18,2025-11-09
5605063d-14ba-43b0-b84f-939a3deb208e,Spain,android,Chinese,25-34,2025-10-23
c6e6f9c0-1ad9-49c6-9229-01c28629388e,India,android,Russian,35-44,2025-12-01
17ac3f47-c126-4656-8f0a-c13a7b3783ec,UK,web,Chinese,18-24,2025-11-14
f3f22793-fa43-4366-bca9-a284f1c7d9de,Indonesia,web,French,25-34,2025-11-27
9d1d3bae-596f-4d5c-ad59-286b77c1e9f3,France,ios,Korean,<18,2025-09-26
c04b1753-2c80-4fff-a195-965d0bbe4727,Mexico,web,Portuguese,<18,2025-12-01
51960a4c-fe61-411f-ac9f-a7e087f9f5ce,Indonesia,web,Korean,18-24,2025-11-10
54e7afcd-9d90-407f-95ae-6ac8971791ac,Indonesia,ios,Japanese,25-34,2025-11-20
0b7c64c6-7159-4242-af7a-3b694dd34a20,United States,android,German,45+,2025-10-28
c4f95737-15cf-4151-97c6-d48a213db8ab,Philippines,android,Italian,18-24,2025-10-30
9fa13a20-7397-4716-9135-99a65fb1f4a6,Philippines,android,Italian,35-44,2025-11-17
4fd7d0dc-6402-4743-a69f-5170fd2d14cd,Germany,web,Japanese,25-34,2025-09-03
468b020a-eefd-409d-a6cf-1fd6ef5c59fc,Mexico,ios,Hindi,25-34,2025-10-08
c336d1e8-238e-4bef-94e6-319975c8660d,Spain,android,Chinese,18-24,2025-09-01
b6be23e7-925c-49ce-94b9-91919b48fbd1,France,web,Italian,25-34,2025-12-02
40eef73a-2593-4cdb-8d49-e4e6fff74a20,France,ios,Korean,25-34,2025-11-04
b201a1ca-263b-49bf-b047-b32a3c0de13b,Philippines,android,Hindi,35-44,2025-11-22
216a146e-7b38-4394-9db6-3cfd623bb279,Indonesia,android,Hindi,35-44,2025-11-14
49627e40-a3c2-4cdf-870f-74c62ef40062,UK,ios,Chinese,45+,2025-12-02
f0490aae-e8ea-4e3b-864a-aaa765a62f5e,Germany,web,Japanese,35-44,2025-10-01
d20c0563-b03c-4c57-8cb9-d52f52fa1ba6,India,web,Russian,45+,2025-11-06
a3cf5f30-b28c-48d4-a565-de49cb840566,Germany,android,Portuguese,35-44,2025-10-21
2d56f4f8-03ec-4b67-8700-46c5fee31468,United States,ios,Italian,45+,2025-10-11
5d90354f-9398-4d5f-be10-9dc1835a32f1,Germany,web,Spanish,35-44,2025-10-25
d476ad7e-b16e-44e7-bd34-474abec1e477,Indonesia,ios,Korean,35-44,2025-08-25
7de0f316-2844-46d8-9081-6a1e8fb01714,Spain,ios,French,18-24,2025-08-23
6352b0c0-b0f0-461f-80f8-21fb27a1f8d2,Indonesia,android,Portuguese,35-44,2025-10-01
bfe031c1-4232-4a73-80c4-f29053cd7e9a,Philippines,ios,Chinese,45+,2025-10-17
9811c088-340f-45bb-8ddf-e22a1954b04e,Spain,ios,German,18-24,2025-10-05
9f0356f8-cd4e-4b41-84d3-1f1257ae158d,Brazil,ios,Italian,45+,2025-09-05
8b5484c0-e00d-4a5d-bbea-b9db7a34b95d,Spain,web,Hindi,35-44,2025-08-24
6e42c85a-ca92-4952-86a7-488f5b8f6303,Germany,android,Japanese,35-44,2025-11-29
4e2daa62-e083-421a-afc3-d8944670e1c3,Germany,android,Italian,45+,2025-10-22
508ee383-ac70-4706-ac64-665ea0a9c457,Germany,ios,Spanish,25-34,2025-11-23
251a462b-63ca-4e2f-b47d-14a7e7c31b3e,Brazil,ios,Japanese,18-24,2025-08-18
b6fe7009-71f9-4976-9944-bb6abc048d6e,Philippines,web,Hindi,18-24,2025-08-29
98d7f4de-4067-4e1a-8e8f-986194c45746,India,android,Russian,35-44,2025-11-15
0204a3cf-4ddf-4abd-b0c1-05a626a73100,Mexico,web,Hindi,18-24,2025-11-26
ff318008-72ad-431d-a66a-3f4b37cdf92d,Philippines,android,Russian,45+,2025-10-30
175e4c23-973f-4900-9e54-f342d65c2a2c,Germany,web,Russian,35-44,2025-08-26
d0302754-6fa0-407e-bdfe-dfa56cd77c0b,Philippines,ios,Japanese,18-24,2025-10-14
a310dc2c-acd2-4836-a419-c945a1e36a01,United States,web,Portuguese,<18,2025-11-24
f16f7263-f8c1-4b8b-a5c7-3d54649d0c68,France,ios,Italian,18-24,2025-09-25
cf4162e8-76c2-4c15-aec3-0bd90b96b00b,France,android,Spanish,45+,2025-10-04
6fe6f3b5-2a60-4dbd-a807-d1f1f881a3d1,Mexico,android,Chinese,18-24,2025-11-10
1d9e8b6d-5b33-4559-a35f-76ca5b3a71ef,Mexico,ios,Hindi,25-34,2025-11-09
27e1c5da-fcba-4599-9465-7a610cad5354,India,android,Italian,25-34,2025-08-11
b14f1787-7756-496c-9da2-3f7cbba53bc3,United States,web,Russian,35-44,2025-08-18
11000226-dd9f-4fc6-b003-f43cf433bca9,Indonesia,ios,Russian,25-34,2025-11-01
3313ac39-e243-493b-bd14-ab01d080efa5,Philippines,android,Hindi,45+,2025-08-21
797826d9-1c80-48a3-8ffd-a40d53227485,Spain,web,Russian,<18,2025-10-16
3c601c49-4231-49dd-84c4-d036f00fcb23,Spain,web,German,<18,2025-08-19
f9f4a7dd-ea62-4b8f-9c20-6929d9c0153d,Indonesia,android,Chinese,35-44,2025-12-02
af26a26d-d3c9-4e82-9144-965bafeda973,France,android,Italian,35-44,2025-11-18
7a6d8c48-bb6d-4b95-8653-8caee0060207,Indonesia,web,French,25-34,2025-08-27
7b57c036-86fa-4b25-963f-2144c892b095,Philippines,ios,French,45+,2025-09-03
187e223e-56fe-4af6-982a-1d2efd5de97a,United States,android,Japanese,25-34,2025-11-02
0d485365-8d7e-4b3b-a879-550e8d03fa2a,Germany,android,Hindi,45+,2025-10-15
52f0d1cf-efeb-4c09-82a3-c1392434cae2,Brazil,ios,Russian,45+,2025-08-27
1d24a286-bc79-4473-8711-5b47eacc99f9,Germany,ios,Japanese,<18,2025-10-08
34b764da-7db3-4ea9-b9fd-a535c9312ef7,Brazil,android,Korean,45+,2025-11-02
9dc29598-98b1-4d70-88e7-1a6fa3f68e91,Spain,ios,French,18-24,2025-08-31
61719c7a-33f0-4abe-9bbc-c868d21de95a,Mexico,web,Portuguese,45+,2025-11-29
9365e42a-721f-4e42-ab37-fe3314991c21,Philippines,web,Japanese,<18,2025-11-08
df96e54e-6fcd-42df-8bb4-9cff779bfcc0,Germany,web,Portuguese,25-34,2025-10-06
4a81f243-64a4-44b2-ac7a-8ecfd889b6d1,Indonesia,android,Russian,45+,2025-08-31
e29d6ccd-1ee3-48af-92ef-98033176b5e0,United States,ios,Korean,18-24,2025-08-27
36468bcc-b81f-4b26-830f-5e230c3bfcbb,United States,web,Russian,35-44,2025-11-21
f249bd26-4fd9-49c9-b681-bd972a88ad0b,France,ios,Korean,25-34,2025-09-28
7a0e4c7a-9141-4b79-b173-d73432eba164,United States,web,Korean,35-44,2025-09-09
7d02bab2-598e-4264-a067-c40744ec6183,United States,ios,Korean,18-24,2025-11-07
a08027cc-00b8-4d1c-b6f0-2d8880edf08c,Mexico,web,German,<18,2025-10-04
ba44a2e7-efde-4d40-9800-0a8f66782139,Indonesia,web,Korean,<18,2025-10-15
bbcf7bbc-8e65-468c-9148-75bc216f3bb4,Spain,web,German,25-34,2025-09-07
54896db8-6274-4540-bd95-37a5eda45a14,United States,web,Russian,45+,2025-10-25
7a414922-612a-4b6a-9b19-a9784ff546f0,Spain,web,German,45+,2025-08-06
b12a9e0e-0921-4a54-8fba-4f8f4a164388,Mexico,web,Italian,35-44,2025-10-23
231125cf-61fe-4f50-88a4-7889edde4bb5,United States,web,Portuguese,<18,2025-11-13
94b15c09-78d5-48ab-98d5-b77329bbfca0,Philippines,web,Korean,45+,2025-09-14
dc101c65-ad0d-4504-b533-7dd345a89baa,France,web,Spanish,45+,2025-09-01
7eeea022-1226-469d-acaa-02007984013e,Germany,ios,Chinese,<18,2025-11-28
a73a994d-ec07-4962-87c3-2bf4803f5376,Philippines,ios,Japanese,<18,2025-08-30
a7adf611-5542-4711-b49d-ec6398acf387,UK,android,Russian,18-24,2025-08-06
2afe98de-f5c7-4dcd-936f-3b952d3def16,India,web,Hindi,35-44,2025-09-24
e90b538c-7e07-4804-86a8-1c1376ec7b78,United States,ios,Portuguese,<18,2025-09-28
61103727-3129-47d3-b1a2-10ffef62d94f,Spain,ios,Portuguese,18-24,2025-11-18
8a0e1cc3-6152-4b02-bde6-3a913998fbc4,India,ios,Hindi,<18,2025-11-01
7863a51c-4ba8-4228-bd6f-686defe97079,Brazil,ios,Japanese,25-34,2025-10-03
c1cbe37f-f403-42b9-ba92-6b20dbe1fff9,United States,ios,Portuguese,25-34,2025-09-13
cb60da16-557d-4adf-9be5-ac0695eb65b1,UK,ios,German,25-34,2025-10-26
7f0d8148-7708-4bc8-a8a9-332457310901,Mexico,android,Italian,<18,2025-11-08
0528ddda-5d45-40cb-b019-094bed8ff314,France,ios,French,45+,2025-10-18
7b23c788-9888-4853-ac1d-a178b76b5555,UK,android,German,45+,2025-08-12
6f6ce692-142a-40cd-806f-d3dfb8b064d0,Spain,android,Korean,25-34,2025-11-27
0220bc31-dd0d-4a20-b7c5-a3e57e6502d7,Mexico,web,Portuguese,35-44,2025-08-15
e3819938-4145-48cb-8ab5-34bc92fdada0,Germany,web,German,18-24,2025-09-09
a5b7a793-da3d-4af7-9fb2-42b7f982a1d4,Mexico,web,French,25-34,2025-11-06
0cd3024c-823d-49b2-8064-7381ca7373ea,United States,ios,Italian,18-24,2025-11-19
d75af9c0-2f58-418c-af9e-0e2658391759,India,web,Russian,18-24,2025-11-03
3fc20400-076e-4602-b0b6-f2dd42d6b2b0,India,ios,Italian,25-34,2025-09-13
a3b36259-a3ba-40d4-9a15-007b534853b3,Spain,ios,Spanish,45+,2025-10-09
4af83674-2351-444a-ad97-cd93457a9c4c,Mexico,web,German,35-44,2025-10-23
a381621a-a85f-481b-98da-fb4518a4b6b7,UK,web,Hindi,25-34,2025-12-02
f57e73af-84fd-4903-b1de-024ead05fdcd,Spain,android,Korean,18-24,2025-11-12
fc680c31-ee98-44c2-a705-c8dd85e837ed,France,android,Italian,<18,2025-08-24
a7bc0752-afe9-4af3-bacc-ffd5e28f5428,Spain,ios,Japanese,<18,2025-10-29
d7e78e8e-e23f-42f7-a0e5-ae79e7d38f89,Spain,ios,German,18-24,2025-09-20
3e64e56d-a1c8-4c98-b4b2-88f699dc7579,Germany,web,Russian,25-34,2025-11-18
f1c77bf2-0518-4ad9-ae24-41c56d863fb5,Philippines,web,Korean,45+,2025-10-14
ccf14ee6-5e73-4d74-8fee-2e0c6f9d0494,United States,android,Hindi,25-34,2025-08-24
6fb0c747-2de4-42da-8464-f1eb75e25f61,Germany,web,Hindi,35-44,2025-11-02
70869b89-b2d8-46b8-982b-192caa4fbfc5,India,ios,Chinese,<18,2025-12-02
98c22bd2-0196-46e0-ba27-9d4793ad328b,India,web,Russian,18-24,2025-11-28
4f993757-3e8f-48c6-b0bb-775b38b07d60,Brazil,android,Spanish,45+,2025-09-20
36abfbb6-76ef-4cc9-a150-8bc998009dcd,Brazil,ios,Japanese,25-34,2025-08-25
fde378ae-f8bc-41e9-8d2b-a8e3a46a8e75,UK,android,Italian,35-44,2025-09-06
79698201-4171-4688-bdcc-e412ddcbd123,India,android,Italian,25-34,2025-10-04
2c2fd294-62f8-4f81-ad43-95e8490e74e8,Philippines,ios,Spanish,35-44,2025-09-06
b33226d2-cc9a-46af-b06c-8867755d9a1b,Germany,android,German,25-34,2025-09-18
0912f3c6-28cc-4394-81b9-77cc71320d0c,France,web,French,45+,2025-11-14
c2aee317-bd87-40dc-b134-56fe7c8cdb87,Philippines,web,Hindi,45+,2025-10-17
410ff643-9021-43d0-9520-1f46eb6aa94f,Brazil,android,Italian,18-24,2025-08-27
5c9dbec2-3260-40d4-a3e9-9b873cfbf10f,Mexico,web,German,45+,2025-11-22
291859a1-e6c5-4f32-b739-f1c99a8513a4,Philippines,android,Chinese,35-44,2025-11-02
b170d7ab-12b4-41c2-bed4-581a0f2778e3,Philippines,web,Spanish,18-24,2025-11-13
1db69b13-4c81-4e6c-bb7f-76683b93b500,Philippines,android,Spanish,45+,2025-10-01
7c3e7534-b1dc-42d5-8677-a27d93b51219,Philippines,web,Portuguese,<18,2025-11-22
407f15a7-86ef-47ba-9e96-e628b57f94cf,Philippines,ios,Spanish,35-44,2025-09-07
ad5e08c0-0d7a-4efe-881e-1173dc48df33,Brazil,ios,Japanese,18-24,2025-09-15
7393554f-9550-441c-8ee6-e4f468a40d0c,India,web,Portuguese,35-44,2025-10-21
71196300-3555-4ad7-a9b3-d444af8bdc23,Spain,android,Spanish,18-24,2025-08-06
a941bee1-4512-4f33-a182-f717e54ff95b,Philippines,web,Korean,35-44,2025-08-28
fb52fb17-bbb3-4f59-9365-ba3741dbd0a0,Philippines,android,Japanese,<18,2025-09-14
6a093bbb-29b1-4151-a72c-733f39503bac,United States,web,Korean,45+,2025-11-26
5eabd56b-bd70-4c75-95d3-082d70792351,India,web,Korean,25-34,2025-11-26
4aafe58f-3427-4937-9d0f-0041985ed472,Spain,ios,Portuguese,25-34,2025-10-19
e3d8cc24-e491-4277-8d4d-09b882477d8c,France,android,Hindi,25-34,2025-09-12
ad510524-005b-45b1-a56f-cda9917ca14b,France,android,Spanish,18-24,2025-11-14
7f50915a-e560-4041-8079-289335ec6249,Mexico,android,Italian,45+,2025-09-05
bf357aa3-d3c7-40f7-990a-4de7a1a88e0f,Indonesia,android,German,18-24,2025-09-26
7bc1c5b1-7832-4ecb-82eb-a417f3c5d0b3,Germany,android,Russian,18-24,2025-08-24
ec55eab7-3531-4fe1-8f43-7fe12edcaff0,United States,ios,Russian,18-24,2025-11-20
b8dfd8dc-65f5-4bd9-a603-03f2ef5d704c,India,web,Portuguese,18-24,2025-11-17
1e969067-2b5b-40c1-ae6c-9291313d794b,India,android,Japanese,45+,2025-10-02
feeac7bc-9b4a-4787-a209-104d29926ccf,Indonesia,android,Korean,25-34,2025-11-04
dfb655f9-cf70-404b-8809-bcb771073306,Mexico,web,Hindi,35-44,2025-10-24
e7c922dd-e590-4b12-8331-56d07455b1de,UK,ios,Japanese,18-24,2025-09-23
43c7bfda-572a-4405-9705-e6c9ae920065,Brazil,ios,Portuguese,45+,2025-08-25
339203cd-a9f0-48e6-bfb3-9692133b4317,Mexico,ios,French,<18,2025-09-12
25e8b077-45b8-4cd6-ac93-a15041575868,Spain,web,German,35-44,2025-08-29
50caaceb-9f53-417f-b7d9-39a7ed1e9d76,Mexico,web,Hindi,18-24,2025-10-20
dd579ca3-6e3b-4d25-9dd4-074c363354cd,Indonesia,ios,Japanese,18-24,2025-08-22
247d289a-7273-4394-88f5-667e85547259,Indonesia,ios,Russian,35-44,2025-08-11
e5a884f9-269e-4e23-a66b-7c207faf4ed3,Germany,web,Hindi,35-44,2025-10-08
362c3107-8d2b-4f77-b42a-6c992420dc14,United States,ios,Korean,18-24,2025-09-01
9ab2aa8f-3ebf-443a-bf38-9a98c4e17203,Philippines,android,Italian,45+,2025-11-09
be4ddcbe-0e2b-400e-b218-b109d98acf7c,France,web,Spanish,<18,2025-12-01
39cd58db-673a-4cf2-b7b5-c37aa3330331,Indonesia,ios,Italian,45+,2025-09-06
00821b44-3886-4f92-ab3c-c143ec6c2e3b,Germany,android,Portuguese,25-34,2025-10-16
be7a5d6a-1799-4d50-81ad-5bec9288c5e2,Brazil,web,French,25-34,2025-10-19
bcbd385e-d5b8-4f39-b04f-5459578990f7,France,web,Chinese,25-34,2025-09-02
cb1fc2c7-a558-4e39-830a-8b13a36dbfcc,UK,android,French,18-24,2025-11-16
780984a1-2e9d-4599-b67b-64a5f4f683b7,India,web,Korean,<18,2025-11-01
5ebd0748-35c3-4e37-9085-6352df2e4fcb,Brazil,ios,French,<18,2025-08-10
d7564d60-62b8-4d60-9c8a-d29866db1ad8,UK,web,German,18-24,2025-11-28
1a3b0ffb-515b-4327-b714-8681ed5eaad7,France,ios,Chinese,18-24,2025-10-02
430af086-c0f9-4807-802e-3e9e6202f3a2,Brazil,android,Portuguese,18-24,2025-09-04
f909dc86-8d86-4665-a3d0-981cbe35cbad,Germany,android,Spanish,<18,2025-10-08
43611ddf-b1c4-47a0-b8ae-2043de4d352b,UK,web,Japanese,18-24,2025-09-23
6fc0e24b-b53d-4464-a2dd-c101e46a3489,India,android,Italian,35-44,2025-10-27
e9ec8c7f-2a85-49df-ae19-41369526df46,Philippines,android,German,35-44,2025-09-25
afcc8abd-495e-45ca-8d82-6f2ec06ee336,Germany,web,Spanish,35-44,2025-09-05
1bc11cdc-e1b4-4d19-99b5-6b535069284f,Spain,ios,German,18-24,2025-10-02
d4a78027-0558-45bc-a342-dbab08785f48,India,web,Korean,35-44,2025-11-09
1fa0de1c-d4a9-47b1-b16b-91d17008c9db,United States,web,French,18-24,2025-09-22
39ee0b83-61fc-4ee1-b51b-464983e05439,Mexico,ios,Spanish,35-44,2025-11-10
e3b6bc71-8ad6-4fe6-b201-a26f8367def2,United States,ios,Hindi,18-24,2025-09-25
26c47f31-49a6-444c-ae62-55b659d909aa,Indonesia,ios,Hindi,45+,2025-10-20
26e70ec4-dc93-4d5b-96c5-f05ade01e1f5,Philippines,web,Italian,25-34,2025-10-23
0d5002c0-e147-4007-b056-18775955840c,Spain,ios,French,45+,2025-09-01
317a2a4b-649f-48fa-bd4e-6b2f162e6761,Spain,android,Spanish,25-34,2025-10-05
6ee83060-2fe2-4045-b145-ef52d26c8479,Mexico,ios,Italian,25-34,2025-10-29
f47186b1-b449-47cc-86fc-55750421c017,UK,android,Russian,35-44,2025-08-14
c4f4fa7b-7ee3-4204-ab08-bf9d33e1916c,Mexico,ios,Japanese,25-34,2025-08-19
7a890089-0d09-4be5-b3da-6741f7279309,Indonesia,android,Korean,25-34,2025-09-18
a5cfba2f-804c-48d8-b672-fe91b868357b,United States,android,Italian,45+,2025-08-08
809943bc-a20f-4acb-aadc-eac1d2c3b3c8,Spain,android,Russian,25-34,2025-08-15
90d56eac-af59-45f7-911b-a29c45244b35,United States,android,French,18-24,2025-09-24
a53484e6-8697-42ab-86dc-481c87c5d860,India,android,Japanese,18-24,2025-11-13
0a1434a6-c87c-4cb4-ad0b-628a3557f3ff,Philippines,ios,Korean,35-44,2025-11-25
922decb4-6c38-4ae9-8c80-3d849019b920,Brazil,web,Chinese,45+,2025-09-27
d553720d-5297-4bd8-8f58-e5629716270c,Indonesia,web,German,<18,2025-11-14
e3044557-e78a-47c6-b6d3-b6af726a5e6c,Brazil,web,Chinese,45+,2025-10-07
fa3948cf-f6db-428e-9b54-bae8406aa539,Indonesia,web,French,<18,2025-10-27
9e380474-4ddd-457b-8fb9-62037e443811,France,web,German,25-34,2025-08-21
c11bd149-46e7-44dd-83f7-84b5f5b562ac,Philippines,android,Italian,<18,2025-10-31
9986f810-429f-44b5-8e61-08d74f3b9de4,India,ios,Russian,25-34,2025-09-25
e5c3fd46-ae29-455b-9a87-a59e250f1562,Philippines,android,Russian,45+,2025-10-18
b12a6b4e-8985-4fbd-b719-440fe9c97475,UK,ios,Chinese,45+,2025-10-06
10ce97ae-14d6-415c-adf3-3e5ab37d413b,Indonesia,ios,Spanish,35-44,2025-12-03
686eb484-e8a6-477c-b6be-fa5b8557ad66,Brazil,ios,Japanese,35-44,2025-08-26
39338969-f5d6-4993-8b10-07699800bee0,Indonesia,ios,Spanish,25-34,2025-09-13
505889bc-ae7e-4291-9581-9cca05c18c02,UK,web,Spanish,25-34,2025-09-30
8ac664b5-c589-4560-ba6e-f7fe360893ec,Indonesia,ios,Italian,18-24,2025-10-16
3af66f1f-258a-48c2-9d84-5b8398f0cccc,Philippines,ios,Portuguese,18-24,2025-09-01
47d3e216-be63-42ab-9826-4c0ae7aefce2,Germany,web,Spanish,18-24,2025-11-10
cc4a3b84-811b-4c0e-8e7a-0857092b6663,Indonesia,android,Portuguese,45+,2025-08-12
8879c779-8fb8-4208-ae53-b1a5f562d6f7,France,android,Italian,<18,2025-12-01
6b51fccc-bf31-41c6-a38a-d699f39975c7,France,android,Japanese,25-34,2025-09-15
79a5788a-0704-4f03-af36-7957e326af7e,Spain,android,Russian,35-44,2025-08-16
cf2ea76b-a2dc-407a-b2f0-9d878efc4ad5,France,ios,Italian,25-34,2025-10-18
d052a141-2bfb-4092-a723-75f86327ac8f,Indonesia,web,Chinese,<18,2025-08-26
d72245f3-c43a-41f9-996c-89fc7c86f265,Indonesia,web,Korean,25-34,2025-09-15
025120db-4b3b-491d-ab89-3570a2fb21d1,Germany,android,French,35-44,2025-11-03
29e71cbb-363a-4745-ac09-095573708c59,France,web,Portuguese,35-44,2025-10-23
4ab81312-075e-41cd-90fa-3f05940b69f2,United States,ios,German,<18,2025-09-02
dcd0dab3-f9ab-4feb-b9c0-f63d4c1d8dac,Indonesia,android,French,35-44,2025-11-25
94b46603-3e37-488c-bcd2-39b9c9146a36,India,ios,Spanish,45+,2025-09-10
1ce93fc1-f0ba-4f72-aa85-220d0d245d5f,India,ios,Japanese,35-44,2025-09-26
43598838-50fa-4dd2-9152-def90ae71616,Brazil,ios,Chinese,<18,2025-08-21
7128ee55-1bce-467f-9e66-0687ec3adfc3,Germany,ios,German,<18,2025-10-15
dbdd5c60-6847-4dc1-b362-c93f866a4c6b,UK,ios,Italian,25-34,2025-11-09
71724a43-3e09-48bd-bc87-e2e66b2cadb2,United States,android,Russian,35-44,2025-09-27
6bf1795a-bd52-4575-b4ea-434b732b56df,Indonesia,ios,Italian,35-44,2025-09-07
2a15e8dc-7ecb-4ef5-82c2-7c14c13506da,Philippines,android,Italian,<18,2025-10-01
6d7043ca-502c-4278-93f3-80f28abd9f5e,Mexico,web,Korean,25-34,2025-08-27
9bdde420-7b6e-4711-a385-fed5436772d8,Mexico,ios,Chinese,25-34,2025-09-24
15b13470-71d2-47aa-aabd-cde84595fe5f,UK,ios,Chinese,45+,2025-11-14
3a1b6420-d614-4727-839e-61273f896dc7,Spain,web,Spanish,45+,2025-09-16
5f4f3c21-60af-4e44-ab89-e52c887fcf6b,Philippines,android,Spanish,<18,2025-10-28
fd5634c4-e0f6-4be5-9c76-4aabe0a0135a,Mexico,ios,French,25-34,2025-10-23
a511ea23-d08e-434a-82dd-354d9316e11b,UK,web,Chinese,25-34,2025-10-12
33b85186-329e-4a96-a939-a31dba75c53c,Mexico,web,Russian,45+,2025-09-12
a141ee64-45f3-436b-97e0-b231eab41b02,Germany,ios,Spanish,45+,2025-10-23
20337c9f-fe6c-4c2a-9ff2-2d24c1732226,Brazil,android,Japanese,<18,2025-11-19
d9dcca08-2ef9-4db3-8eca-92e62ea2dfa4,Spain,android,Korean,25-34,2025-11-21
10927c1f-b3bd-4411-b520-1969c192d510,Germany,ios,French,<18,2025-09-28
8afc6278-fcea-49b7-b8c7-8d8a5ab84c41,Philippines,web,German,45+,2025-09-10
7a360c26-8969-4f74-9472-db429a166567,UK,ios,Portuguese,35-44,2025-11-25
224fcf0a-c30f-4300-ac6f-f46278c14872,United States,android,Russian,45+,2025-11-28
f8826b83-777f-441a-b80c-30101e58504b,Philippines,web,German,25-34,2025-08-19
c866e5cf-9758-42e6-819a-4d8c2d416e15,Philippines,ios,Japanese,<18,2025-08-05
418e8017-b63b-4fa7-b302-142a38ffca46,France,web,Korean,25-34,2025-11-17
98f6e97a-5439-48ea-a5ab-0b510ffc930b,United States,android,Korean,45+,2025-11-11
c3a8b3dc-ec94-4159-92fd-4ce781e51e35,India,android,Russian,45+,2025-08-14
a25f90a7-75a7-4c2d-817e-c3c023646dc2,France,android,Italian,18-24,2025-11-29
1cff0de0-eed4-496b-b28c-4bfe19a83889,UK,ios,Hindi,45+,2025-11-08
57c92e17-c169-4431-81b5-7c1c4f09ea5b,India,web,Korean,25-34,2025-11-20
1fbfec28-8d90-4fb3-b426-48b879092041,Mexico,ios,Chinese,<18,2025-10-02
04bee99d-23aa-4831-82e2-7d777699fdd6,Mexico,ios,Hindi,<18,2025-11-09
77449372-b62f-40b3-95c2-6a5266ff3612,Philippines,ios,Chinese,18-24,2025-11-21
5b4c029c-1961-4d78-aad4-3ebfc69e6cd4,France,ios,Italian,25-34,2025-11-29
a20ffc94-3007-4b2a-a07a-bbf6d44d22ef,Indonesia,web,Italian,45+,2025-09-21
b37c1158-3759-41f9-a5f6-c739a790b538,United States,web,Italian,35-44,2025-09-12
16bbecdf-06b6-4e89-a63e-34a4d415252c,India,ios,Spanish,<18,2025-08-18
d9f4b913-58fa-4bfe-9f35-d23f63534a87,United States,ios,Portuguese,25-34,2025-10-15
e2c31279-e9a3-4db0-a84b-3671cfcae471,France,android,Italian,18-24,2025-09-10
12dc206b-dd47-49f0-8666-4d816fc9ae4c,Philippines,android,Chinese,35-44,2025-10-02
cd13ef9a-3c47-459d-93dd-e6bf369561b0,Germany,web,Chinese,25-34,2025-09-27
88cfade7-e796-4e70-bca4-4ecb738f1f44,Mexico,android,French,45+,2025-09-15
5033f0bc-a2e9-4fb8-8ab4-45092867b4ca,India,web,Portuguese,<18,2025-09-05
7e957820-881d-4e34-b93a-dbfea3b3e80f,India,web,Russian,45+,2025-09-19
a34562c4-3797-4786-a230-3cf9bc94f663,UK,web,Russian,18-24,2025-11-01
7defe03e-12f9-4aff-b854-dbcbab104b23,India,android,Portuguese,<18,2025-11-27
f3b0b5d5-f362-4728-9261-64f60ad25a9a,France,android,German,35-44,2025-10-18
2811a567-574d-4289-8f1c-2804884e24e5,India,web,Spanish,<18,2025-11-05
d387e7fc-c13a-48d9-8af8-4aa90bf3017a,India,web,Hindi,45+,2025-09-17
42311f03-272e-468d-bfc1-54218f1294f9,United States,ios,Russian,25-34,2025-09-03
7fde6c6b-3a78-487c-8ab8-dc703b0e0ee4,Philippines,web,Italian,25-34,2025-11-24
9de1573f-b558-49c4-b7c5-41f87a8b2fcc,Brazil,web,Russian,25-34,2025-12-02
3a62200e-753f-4a6b-93ac-65c250117a36,India,ios,Italian,18-24,2025-08-06
cf0e1513-0b83-41e3-a979-ca26df95c1e0,Indonesia,web,Chinese,18-24,2025-08-08
2a8607f2-ad43-4deb-940e-7b165e217da9,Philippines,web,Italian,25-34,2025-11-07
0773e22b-a829-43dc-bda0-7b2fefac3048,Spain,web,Italian,35-44,2025-09-11
1bd9a408-6866-42e1-b618-7860084dcab1,UK,ios,Spanish,45+,2025-10-02
8e573b79-26b0-4cb5-9d2b-7256f867481b,United States,android,French,35-44,2025-08-07
f7d4496c-dac4-43c2-b9b5-ea0a4867a9e5,UK,web,Italian,25-34,2025-08-12
4288a4c2-6f13-4202-9747-b23156a45159,Germany,ios,Hindi,45+,2025-08-19
08523190-32c2-417c-a5e0-9edf1d9a0485,India,web,German,18-24,2025-11-23
ffe49582-d88a-4724-a7e0-2fd967fcc27c,Mexico,ios,Spanish,<18,2025-10-05
1c885d59-d287-4cc5-857c-08039d50fc84,Indonesia,web,French,<18,2025-08-23
05227fe1-5d18-48af-afaf-823b47af64db,United States,ios,German,45+,2025-09-13
49c75ca9-78fe-4534-a275-1ed3b861b63c,UK,android,Korean,35-44,2025-11-26
cc8471dd-42d6-40cd-ba30-be9496000789,India,android,Chinese,45+,2025-10-18
14fb32d3-0b37-4829-be44-7fd480b2cd6f,Mexico,android,Japanese,35-44,2025-09-23
c72d2b48-7ce2-4367-b937-82b640b8730e,Mexico,web,Chinese,35-44,2025-08-30
7d021814-c4b9-4dae-82df-f3f82d8ee99c,Germany,ios,Korean,<18,2025-08-05
eba3f633-ee4d-4a85-bb42-56232e469df5,Philippines,web,German,18-24,2025-08-12
37d6c32b-582c-4288-b787-a9ea174f50fc,Indonesia,web,Portuguese,25-34,2025-10-11
c1a09add-4e72-43f7-a9fa-5a51637c3a74,Brazil,ios,Chinese,18-24,2025-08-20
3f840e5d-cc8c-4c34-ba31-d8c3ad589081,Indonesia,web,Russian,25-34,2025-10-17
f9408df5-d584-4c8b-b3ae-81f5a42a253a,Germany,ios,Hindi,<18,2025-08-24
2f2f2b8a-284f-4e3c-8b3c-fa55155e5738,France,ios,Korean,25-34,2025-09-04
75179c9b-372e-475e-85e4-7ee6d8fc109f,Philippines,android,Hindi,35-44,2025-11-26
ee5285f3-e099-4e25-b2b5-01a2e2214807,United States,android,Spanish,45+,2025-08-20
f88c882c-9dc2-42fb-a23b-89c50376a134,Philippines,android,Korean,25-34,2025-09-16
78872b97-2064-430f-bc7c-46d16a7e7225,Germany,ios,Italian,18-24,2025-10-30
31fdf54a-3c5b-43d5-ad32-4d12dc474dd8,Germany,android,Portuguese,<18,2025-09-27
cc351013-5974-42a2-a554-a0e35b759e70,United States,ios,French,<18,2025-11-28
2ba1712a-0159-4360-a297-8cdeb533865a,United States,web,French,45+,2025-09-01
48a48782-c0b4-4503-a41c-14ec10a9c7ee,United States,android,Japanese,35-44,2025-11-24
230cd1e8-9acb-4d02-801a-166e81c59934,Philippines,ios,Japanese,35-44,2025-08-19
cb5bbcbd-4f41-43bb-af84-51270f220cb7,India,ios,Italian,<18,2025-10-26
07c516d4-2207-4c93-929b-2e9f3135bd1a,UK,ios,Hindi,35-44,2025-11-24
6f335400-9ce8-4019-9773-204426c42682,Spain,ios,Spanish,45+,2025-08-05
e91d191e-2563-49c0-bb2e-427775a3257d,United States,android,Russian,<18,2025-11-06
85ecf4fe-c3e9-48ce-b460-1cb21b8180be,UK,android,Japanese,35-44,2025-09-28
6a190eb0-6192-462c-b092-c8de7b90fd7b,Spain,android,Korean,25-34,2025-11-21
43fddd74-aea8-49b7-b4b7-a24bf244652f,Philippines,ios,Chinese,25-34,2025-11-21
81a562a8-53d6-414a-8171-c732f2addf9b,UK,web,German,35-44,2025-09-02
e915dc09-5ccb-4680-9e3c-bbfb40f1b922,United States,ios,Portuguese,25-34,2025-11-04
928371bd-6c6a-4c40-b154-f23efa3e9393,Brazil,web,Korean,45+,2025-09-26
56eed58f-37b5-42a6-9bd3-31d1bb8b55f7,Germany,android,Chinese,18-24,2025-10-15
309ebe07-74b7-46ce-9acb-5d2672e97903,UK,ios,Hindi,45+,2025-11-09
0ea54c91-ace1-488b-89f8-0632a254e66e,Mexico,ios,Hindi,45+,2025-11-09
89c79f57-75f4-4b3e-908a-51c3ca66cbd2,Mexico,android,Spanish,35-44,2025-09-27
cd2465cf-c0d8-4334-8d24-7e3b89b95a11,UK,ios,Italian,45+,2025-09-10
078cb3bc-10ea-45e9-8984-e6824cf3d528,United States,web,Hindi,35-44,2025-11-02
6b4e7f7c-a4d5-4fb7-b4d0-924daa28f175,Indonesia,web,French,<18,2025-09-22
ccdfce79-0549-4c69-a222-d65dac912a9f,United States,web,Portuguese,35-44,2025-09-14
89726438-d160-4fa2-8167-06f77fc992ce,Philippines,ios,French,35-44,2025-11-11
d98c7f0a-54b0-4727-90a1-f39dce7279f6,United States,ios,German,<18,2025-09-23
37dc3692-3e50-46a4-8adc-cf5390694a89,Philippines,web,Spanish,18-24,2025-08-30
b6312ec9-4b47-49d1-9762-d403655b9e59,Indonesia,ios,German,<18,2025-09-23
7626fe5a-ee78-4f86-a20a-e8894b1721c7,Brazil,web,Hindi,35-44,2025-10-11
19967443-211d-4c17-ab3c-e216477684ed,Philippines,android,Italian,25-34,2025-08-30
2502d3bc-503f-4f80-a421-c69b542b01a5,France,web,Japanese,35-44,2025-11-20
e184e832-2cc1-4916-8a9b-ce9415381c12,Mexico,android,Chinese,<18,2025-08-27
357cb5be-d9cf-4bf7-b008-a0541838f8ce,Germany,android,Chinese,35-44,2025-09-13
e012c67c-cd6b-4a8a-9ba8-6906ffbbdd24,Mexico,android,Spanish,<18,2025-09-21
207ed095-1748-4cea-956f-c651d0def302,Philippines,web,Korean,45+,2025-10-19
6d5dffd6-e0e6-4f94-99d6-36bbaa4fa35d,France,web,Korean,18-24,2025-09-08
3944bea2-1d7b-4ea5-aaa6-581267635c8a,India,ios,French,18-24,2025-10-06
6e64bab6-df8a-4c06-9300-ab4ded4f424f,Brazil,ios,French,<18,2025-09-05
77ad3a96-cd08-42d3-9dfe-7ebab3c20e9a,Brazil,android,Chinese,18-24,2025-09-09
faa4aaed-cb05-4aaf-a45a-5e4e77cea4a9,India,web,Portuguese,25-34,2025-10-10
74226ffa-e294-46c3-a22c-363f6e3317a7,Germany,ios,German,25-34,2025-08-12
09d028e3-c253-46c6-b3c3-ce2a39752a28,Indonesia,ios,French,18-24,2025-11-20
5aa97248-960b-41d8-baba-4d0bcb4f5a41,Spain,ios,Italian,<18,2025-11-12
f8b81341-918d-463d-b026-c1442aeaca1c,France,web,Chinese,25-34,2025-08-24
a6390c4a-1a97-4266-8079-7b046925b983,Philippines,ios,Portuguese,18-24,2025-11-10
5ef3287a-bb20-4273-b86a-16abfc9a14f2,Spain,android,German,35-44,2025-09-24
ee8bcd9f-b579-48b8-aa90-734b27211023,Germany,web,Korean,25-34,2025-10-13
77b9f98b-441f-4a77-8ee8-607933dede0a,Indonesia,ios,Chinese,45+,2025-09-30
440e156f-bdcc-4c72-abc0-53a07ed36378,Brazil,ios,Russian,25-34,2025-10-21
9975691d-d6be-46bd-8032-c3062d66fa8c,Philippines,web,Portuguese,18-24,2025-09-10
a8e9d0e3-ae4b-4f70-8d7d-66db68c97f26,Philippines,ios,Spanish,18-24,2025-11-13
359f1849-7e4c-4ada-b5d9-a0037e5bf74e,Indonesia,ios,French,18-24,2025-09-26
48819fd6-11e6-402f-add0-f3ed057860a9,Mexico,android,Japanese,<18,2025-09-18
e0712aff-2fab-4099-90fb-0d37f6bc6c40,France,web,French,<18,2025-10-08
4f9d7c07-8789-48ba-b94f-81f5dd339dc8,Indonesia,ios,German,35-44,2025-08-06
b2ecb247-7797-4e2c-802b-fbf731f2fc49,United States,web,Chinese,35-44,2025-10-19
eb2e10bb-0669-404a-b3f3-48cac61fb2ef,United States,web,Korean,25-34,2025-08-10
cd31b952-046d-4a62-a901-0172def817bf,Indonesia,android,Portuguese,18-24,2025-10-24
1d4f4f5c-2dd4-4f0f-b873-c04aa4dc5e13,Brazil,android,Japanese,35-44,2025-09-24
b80c90c8-b04b-4331-977b-853fac79b2fc,Indonesia,web,French,18-24,2025-10-23
6eb310e3-151a-4b6f-ba5a-8eea1929bd64,UK,android,Hindi,25-34,2025-08-17
f468d02c-74e9-418e-865c-139e0c39a7f5,Germany,android,Russian,<18,2025-10-17
d7a508ac-a864-43f9-b6e0-b7f866ab231b,United States,ios,Hindi,35-44,2025-10-12
ea42e954-6520-47ed-bb27-f5e5c76ba57d,Spain,android,Russian,45+,2025-08-28
63ba7cee-e946-4ccb-bdc3-8b9c2bb0b5f8,Indonesia,android,Korean,45+,2025-09-13
dff43f5b-d730-496b-940d-52ed79e201fd,United States,ios,Italian,45+,2025-10-09
e26779a4-6cb0-4792-8cbb-39fcad15144f,Germany,ios,Russian,45+,2025-08-20
66501a91-0109-4e0c-b502-2c792153131e,Germany,web,Japanese,45+,2025-09-02
ee27e163-dfc9-41bf-8fe3-96a05f92737e,Spain,android,Russian,45+,2025-10-23
97752146-fe14-4b21-8663-a621df0d94dc,Philippines,ios,Portuguese,45+,2025-09-17
4c22eef7-718c-46c2-b5d0-1e2132569458,UK,android,French,35-44,2025-11-03
4d455084-b2cc-46a4-b133-08668cfe8d1c,Indonesia,web,French,45+,2025-09-22
be223233-3bc1-4e85-9209-b44c977189c4,India,android,Korean,45+,2025-09-25
2fd69f4c-47de-44e0-89da-5f7f189b0bf4,Indonesia,android,Hindi,25-34,2025-11-06
e97b59e5-70ed-4f92-aca2-8c70a41b62cd,Philippines,android,Hindi,35-44,2025-10-16
40706514-8f2b-4017-a7a0-e6b1b4e92bc8,France,ios,Italian,25-34,2025-08-27
2f0a52c4-0ff3-4c22-8468-e9a1f14e276c,Mexico,ios,Hindi,18-24,2025-09-24
d0909fe5-83a7-4462-9522-43866645cbdd,Brazil,web,Korean,45+,2025-08-07
e3188cce-4e9c-4e9b-8fe1-5972879e7205,Philippines,android,Russian,<18,2025-08-30
3071069e-9db3-48f1-99b9-c5dfd49c3b3a,Germany,web,Italian,45+,2025-11-01
df47dea4-c494-4c89-98e1-4904a6d868a0,India,web,Korean,45+,2025-10-18
951f94c9-71b1-4ac2-97ab-6d558146559a,Brazil,ios,Spanish,25-34,2025-10-07
fa1710c7-416e-4c8d-afcc-3a6b35045028,United States,android,German,18-24,2025-10-07
a9734536-edf2-465f-acd0-de4f47616ce9,Indonesia,android,Hindi,25-34,2025-10-14
e51f3346-0f9b-4566-8d1c-89976c35cec9,Brazil,web,Japanese,35-44,2025-12-03
13f8f978-1d77-4ac7-a54b-1f2b9e0ef5de,United States,android,French,18-24,2025-09-02
31868b97-7957-4de6-b0b8-bf089577d99a,Mexico,ios,German,18-24,2025-11-29
6def7666-e9f6-4be4-b41d-c13b1d3990b0,United States,web,Hindi,18-24,2025-10-28
6733f7bc-c1cf-4aa9-ad9f-bd873da9b5a9,India,web,Chinese,25-34,2025-09-18
90cd2cfd-178a-4bcf-82f4-ddace9d8e333,Germany,ios,Korean,45+,2025-12-01
6cfe144e-0713-4015-a349-1a98c1a9a1da,Philippines,ios,Portuguese,45+,2025-09-28
e67afd89-0455-489c-acd6-20001dd51a0b,Spain,ios,Russian,45+,2025-11-16
333db686-0406-4809-9ebe-1810de683ce7,Philippines,ios,Korean,45+,2025-08-12
dbfb9c7a-bdec-4ce5-958d-9ec7ac55b51f,Philippines,ios,Japanese,45+,2025-10-26
5fa29cd7-1ceb-4315-977b-87d4e1f201ad,United States,ios,Italian,35-44,2025-12-03
3ec3e7e2-fd0e-43fd-b7f9-41acf4c7526e,Indonesia,web,Spanish,<18,2025-10-26
ec9a07ea-babf-453e-b31a-1f2039bd0638,Brazil,android,Korean,18-24,2025-11-05
33af3c0a-90ae-441a-84b8-3f1775151510,Spain,android,Korean,<18,2025-11-06
ce50e764-be3c-49dc-ae70-88f5b3873719,Spain,web,Korean,35-44,2025-08-16
6b99e213-bfb6-4aa1-a2de-bf3e216987b6,Brazil,android,German,45+,2025-10-24
8014c54e-aacd-4ea3-ba2d-ec9d625f4b89,Brazil,android,Russian,35-44,2025-12-01
80459773-44e7-4f3c-8abe-5c6cbc2149d9,Germany,web,Russian,35-44,2025-08-27
fc6f8c55-4665-45db-b56d-d39c05e61aaa,India,android,Russian,<18,2025-08-20
447ae083-b2c8-4096-b1ef-81bbca8584a7,Mexico,android,Chinese,18-24,2025-08-05
d03e229b-4a7a-4255-8363-0ce56da64296,India,web,German,25-34,2025-09-06
30096099-4500-4e5f-91f3-5bf196bf4054,Brazil,android,Portuguese,25-34,2025-08-20
152f646e-d60c-4bbc-a044-80b10771bbfd,Indonesia,ios,Italian,18-24,2025-10-29
4ca49a4c-f9ec-4614-a20f-3187e6c5c437,UK,web,Chinese,45+,2025-08-08
84f366b0-6c42-4b96-a38f-939abfd4ec29,UK,android,German,35-44,2025-09-24
5cffb30c-c41f-4061-b065-49e4f8453197,Mexico,android,Spanish,45+,2025-09-29
455e2727-aa66-4bed-b0e6-b2b9072ac30e,Brazil,ios,Korean,35-44,2025-09-23
0d4716bf-36c4-47dc-9043-e1a3a8808723,UK,web,Russian,25-34,2025-09-21
74075fca-b691-4021-bad3-9db12998ad3f,Mexico,web,Korean,18-24,2025-08-07
8509cfc3-e097-4f53-8f20-e60cbee606b6,Spain,android,German,<18,2025-09-21
0e8bf342-d358-41c5-b21c-6bbe3a9d835e,Mexico,ios,French,<18,2025-11-14
2ed200ea-af27-428e-b4d7-b3686a186cd0,Spain,ios,Japanese,18-24,2025-11-21
56bbeb28-a5f4-40e4-ac35-e7536dbbc46d,Germany,ios,Chinese,25-34,2025-11-29
d9602205-6bb9-4231-8fa7-bb1a79633cc3,UK,ios,Portuguese,35-44,2025-10-06
a839ae00-2c25-49bd-9e04-8ba032c7af42,Mexico,ios,Russian,<18,2025-10-19
c09cf5ae-bf43-4be5-92a3-aa36619acee0,Mexico,ios,Spanish,25-34,2025-11-14
0bd4faee-6ea8-42e2-ac2c-b5dad898b876,Mexico,web,Chinese,18-24,2025-11-16
7a6070d3-dda5-482b-8db7-fc181fed48b9,Indonesia,android,Italian,45+,2025-10-31
5718e28b-f85a-4c6b-86e8-f9bb7ef1892a,Mexico,android,Portuguese,25-34,2025-10-18
ff56dc80-504f-4574-aedc-d3db9dfe9882,Indonesia,ios,Italian,25-34,2025-08-12
0ff6059d-d07e-42e4-bf36-0ef28ad8c07b,Philippines,web,Russian,45+,2025-09-20
3bf943db-188a-4e31-8681-7d26eb57a559,Germany,web,Italian,25-34,2025-11-02
daf84258-fadb-4312-831a-268d265e774e,Philippines,ios,German,<18,2025-11-04
81bdf4dc-2dd3-4227-a442-fdfde2e93f59,France,android,Japanese,<18,2025-11-01
17c6618f-ab3a-4a52-9142-423771cba20f,Philippines,ios,Italian,<18,2025-08-22
62c3fdb8-8aa2-4214-87ec-0cc917389057,Brazil,web,French,25-34,2025-10-26
cc2c89f0-3ac9-4ac9-89de-7a893b73a5bb,Spain,ios,Portuguese,25-34,2025-11-22
740af22c-deb3-4f83-83b0-312a0b55def0,Brazil,android,French,25-34,2025-09-21
260289c1-9e15-4ca8-8b70-b83adbd2e0fa,India,android,Japanese,18-24,2025-10-13
e047c222-3e8a-4622-bf7f-21ba6dab6855,Philippines,web,Spanish,45+,2025-09-22
aee254e3-94d2-4ef0-ad96-58e42fcf4f9a,UK,ios,Japanese,25-34,2025-08-08
3bd0182b-c633-4edb-a70b-f1dfc747c6c0,United States,ios,Hindi,45+,2025-11-06
5d3df312-6544-40ab-bcae-452916edd9fd,Philippines,web,Chinese,35-44,2025-09-01
8f3ac1fe-ebd2-4328-849f-a0bc11436ac8,Germany,ios,French,<18,2025-11-24
a7b9134d-0638-491e-b368-97e834490d23,Philippines,web,German,18-24,2025-09-02
11048220-e302-4ca2-8bc7-e4af17f90d4d,Indonesia,ios,Spanish,45+,2025-10-23
f1f96c8c-fa06-4507-81c6-555c1220a3f1,India,android,Hindi,<18,2025-08-24
1cc3a6aa-dcdf-4deb-9330-1cde1ac481b4,Mexico,web,Japanese,18-24,2025-10-03
d803aaa6-8a8a-4ee6-8143-4006498520f5,India,ios,Russian,<18,2025-11-11
bfe2c0a7-7e7c-451b-84ae-ff598ec34cbe,India,ios,Chinese,25-34,2025-10-02
000990c5-c0b6-4d36-9c7f-3e10073b1443,Spain,ios,Italian,25-34,2025-08-20
79ff48f2-fb3d-4748-bf4b-cc7dd587505b,United States,web,Korean,<18,2025-08-10
3b5486d2-65fe-4991-8183-acdafc7980dd,India,android,Portuguese,18-24,2025-09-06
816fc2cc-3aa9-4df9-b8c3-3cf312bd8ff6,Spain,ios,Russian,<18,2025-09-05
11f4e153-a44b-4722-bcee-5461e794da44,Mexico,web,French,35-44,2025-09-21
b79ab282-60df-4379-88d5-aa325e080826,Brazil,ios,Spanish,18-24,2025-08-21
f2312b66-d567-4d2d-9f15-ef0602944d6b,Mexico,android,Spanish,18-24,2025-08-09
816cbc4e-cdc4-4092-83cc-d3a708d9b8c6,UK,android,Korean,<18,2025-11-21
f2809afa-064f-470c-9f3c-594d8b162039,India,android,Spanish,45+,2025-09-18
8523d154-ed41-4bac-91d2-03153ad8057b,India,web,German,<18,2025-09-12
0902e22d-5436-4674-b1fb-991aff0e42cc,Brazil,ios,French,45+,2025-10-26
b5d20f3b-220b-47b9-b484-d96bf9f97cb8,Germany,web,Japanese,18-24,2025-11-29
f3e36980-beef-456c-ae37-966de8b81a0d,India,ios,Spanish,25-34,2025-09-01
4f0aa3c9-d204-402a-9999-c470db59d525,United States,web,Spanish,25-34,2025-08-22
493a7e49-f13a-469e-b8ca-26e46e716bc5,France,ios,Japanese,<18,2025-09-21
85bfed5c-86e3-4fce-90b6-ead81d261f36,India,web,Japanese,45+,2025-10-16
1a4846ad-e580-4a3a-9463-7b221e419355,France,ios,Hindi,<18,2025-11-23
98c2a8ef-d4cf-4183-9a43-30b03aca8b29,Mexico,web,Chinese,35-44,2025-08-26
51c1f49a-60d2-4cf5-b0f0-b146c5f19c64,Philippines,android,Chinese,<18,2025-11-26
256c40a5-06d6-4993-b29a-e9fd51e1a0b1,Germany,web,Chinese,<18,2025-08-08
365ceac0-4244-4228-a225-f63bf41b1f5f,Spain,android,Korean,<18,2025-08-27
395513f6-fe4a-465c-9894-8c62a22c75fb,Indonesia,android,Spanish,<18,2025-10-22
b88697d4-1a5d-45db-8c61-da0281e1565d,Germany,ios,Korean,45+,2025-10-20
0998886d-4186-47a1-ad5d-f493de5f789c,Indonesia,android,Russian,45+,2025-08-13
3225779c-3a9a-407e-8806-a439e0942d55,Mexico,android,Chinese,45+,2025-08-21
9136dc28-13d3-4104-b160-ff91203bb5c8,Germany,ios,Spanish,35-44,2025-10-09
d76558ca-d9ad-42cb-85f7-b7f081587454,Spain,web,Hindi,35-44,2025-10-11
17a8f469-6873-430c-90ec-59dbd73a1518,Indonesia,web,Korean,<18,2025-08-06
9355cf63-4152-4d06-bd01-57a814b5624b,Brazil,android,Japanese,45+,2025-08-14
5bd7e07e-76f0-4580-b911-dd623556f920,United States,web,Korean,35-44,2025-11-18
fc729c79-afa4-4316-8d22-5fa04d3c7906,Germany,android,Spanish,25-34,2025-08-14
e5153d79-e997-439d-8049-30d3ad76070e,Mexico,web,Korean,<18,2025-08-27
feca0a67-fd5f-4c22-96a1-3cf98d0d2900,India,web,Portuguese,18-24,2025-11-04
dcb7fc57-eca8-43dc-86d5-b1238f1a1725,Spain,web,Japanese,45+,2025-08-30
1b8ee4ca-291f-47a1-9d13-7851d2ad51a4,Indonesia,android,Italian,<18,2025-09-11
540c9e2a-ca05-42fc-94ba-832838bb7e90,Indonesia,ios,Hindi,<18,2025-08-17
24de5640-1197-4ebc-9aea-e3ed82bdeb03,United States,web,Russian,18-24,2025-09-17
3b197140-cdeb-4158-a34e-ea8694d40529,Indonesia,web,Japanese,25-34,2025-08-07
ab5af734-c3fd-40e4-93f4-8ec0b5815f42,France,web,Chinese,35-44,2025-12-02
7ea3aa5d-c61e-45c6-bce8-5a1e4f0b57ca,UK,android,German,35-44,2025-09-13
230bff9d-0597-4722-ab6a-caf8ca911fd4,France,ios,French,18-24,2025-08-26
ca913f3b-3306-4e1e-a861-8c6a43c552bd,Indonesia,android,Spanish,18-24,2025-09-14
f2ca2fd2-0d75-4a4f-838f-29521454803e,Spain,web,Portuguese,35-44,2025-10-16
411a90cd-315b-44e0-93ab-26272a753e2c,Germany,android,French,25-34,2025-11-27
7010e243-65b6-46a8-97ad-046e2520b551,Mexico,web,Chinese,25-34,2025-10-25
a5a55e98-e665-4e42-9b0f-4619b94de05b,India,web,Russian,<18,2025-09-27
184cba77-d32a-4700-a0f3-08afdeccf285,Germany,android,Japanese,18-24,2025-11-28
907570c4-7ae4-4571-9bb1-7330ea411174,Brazil,web,Korean,18-24,2025-10-24
16c34aca-7367-4101-a30a-35fc39e839e0,Germany,web,Japanese,18-24,2025-09-25
a64554a4-9105-45aa-a1c9-5c75d0ecaaf7,Germany,ios,Japanese,35-44,2025-09-22
d01ea232-0f15-46dc-bb3f-834242f665e2,Mexico,android,Chinese,35-44,2025-11-14
068c9ef3-0fe1-4a36-a3d9-68bad4e0c07a,United States,android,Chinese,35-44,2025-10-23
d89513c4-bd8e-46ef-be49-75f86c38df87,Indonesia,web,Italian,25-34,2025-09-30
04fa0b76-1a13-43c3-897e-38d85ca18a2d,United States,web,German,35-44,2025-09-05
1b8877bd-6b98-4bfc-836e-d322ea7be4c1,Brazil,android,French,<18,2025-11-05
70be170d-0be0-482b-9a8c-cb60cb9e7e49,Philippines,android,Korean,35-44,2025-11-14
45d84272-c3f1-497a-aa52-553a8c547fc2,India,android,Korean,25-34,2025-11-27
7d1707f3-00e8-419b-b354-3a9041d69009,France,web,Italian,18-24,2025-09-08
b30e9851-96b5-4ec6-aec6-da5bd777783c,India,ios,Chinese,<18,2025-09-01
a247e2b6-86d7-4053-918c-93f54c27ab1c,Indonesia,ios,Hindi,25-34,2025-10-14
5d635448-cbfa-4a10-a49f-c512a33df546,India,web,German,45+,2025-10-07
1bed5f31-ee94-4739-8a3a-bd3764c0083d,UK,web,Italian,18-24,2025-08-29
6696bf71-838b-4ef2-929e-8cb4cdab37b8,France,web,Korean,35-44,2025-09-18
009a7de7-1da7-41af-83fe-d5f9f792cdb0,Brazil,android,Japanese,25-34,2025-09-21
8e84054d-934d-48cc-988c-eaeb95c90d09,Indonesia,web,German,45+,2025-09-30
0d7b364f-bc99-4c34-b27b-9aee4c1ab66f,Spain,android,Hindi,25-34,2025-11-22
99c972f9-e0db-4f00-9a6f-c89a3a195329,Brazil,ios,Chinese,35-44,2025-11-05
da7e88f8-f901-4ce1-96ae-8b250ab72c5c,UK,web,Italian,25-34,2025-10-09
7d80a081-57aa-4410-b2fb-eb3903c4594f,France,web,Chinese,45+,2025-10-27
9f3223d8-667c-475a-9a30-76307f5bcccd,Mexico,android,Italian,25-34,2025-08-25
a2723c36-f042-4d8e-8aba-bc8e63c3ea5f,UK,android,Korean,<18,2025-10-14
56fa97a4-14a1-47f5-bf13-9a5d2c73c21f,Brazil,android,Hindi,<18,2025-11-15
46cab21c-e9c2-48ee-bd27-3f8a305be355,Indonesia,ios,Italian,35-44,2025-11-17
53b26ffe-546b-47e2-b02c-95d46694315d,Philippines,ios,Korean,45+,2025-10-21
769bfc5a-de9c-4dc3-bdd4-dfdce4ede249,Indonesia,web,Italian,45+,2025-11-23
7b28e3cd-953c-48c7-9899-6eb5015ff78b,France,web,Chinese,45+,2025-10-04
b1cb87fe-31be-4b38-b6ed-cbde35ac9462,Philippines,android,Japanese,45+,2025-09-21
9e405b88-6057-4169-b0ea-7a424003ae21,United States,ios,Korean,45+,2025-08-30
10044e62-e06b-4213-9b87-0c4430d1108a,France,web,Portuguese,18-24,2025-11-27
ebf3000b-9fc3-4cf5-88ff-d47bd52cc258,France,android,Portuguese,25-34,2025-09-24
a7d04264-8119-4eb2-b5cc-e255a24b00d2,UK,android,German,45+,2025-10-13
2a9dc260-e381-46ef-90b0-2c0c987ff3ab,Indonesia,ios,German,<18,2025-10-31
be33b760-739a-4803-b1e2-f8603f66392a,Brazil,ios,Japanese,25-34,2025-11-23
c9198ef9-23fa-44d1-9e4c-d45205cf6b73,Mexico,web,Spanish,35-44,2025-10-13
279f39ff-1fd9-4489-a2f9-53d9e17695fa,India,web,Portuguese,35-44,2025-09-30
929ac74e-2a1e-44f2-9586-661be42a1fec,Germany,android,Spanish,45+,2025-10-09
0b67c820-2f55-4e4c-b56e-a695ab761f0f,Mexico,android,Japanese,18-24,2025-08-26
5217d44a-8919-4245-8684-01581bee846d,India,android,Hindi,18-24,2025-09-05
97027de8-0653-4c20-8ab2-3f298fba27a9,United States,web,Portuguese,25-34,2025-11-17
6292833f-29d9-4a6c-b808-7e1f5ad2cd45,Brazil,ios,Chinese,18-24,2025-08-28
f39d4ec8-9685-49e2-a5f3-64d35c8dabca,Indonesia,web,Japanese,35-44,2025-11-16
a9de6766-54ca-43af-ad76-424f06f7549f,Spain,ios,Korean,45+,2025-10-03
df6fcc5e-f39c-40f3-8011-d88fbb5a1568,France,web,Russian,<18,2025-09-23
8aeff708-35f6-49b9-93fc-2c31c63b4187,Mexico,web,Chinese,35-44,2025-11-08
0c076cab-0528-44ed-b512-c3b152412fcf,India,ios,Italian,35-44,2025-10-02
cdfbff4d-9259-43db-9de9-b11bf2091615,Spain,web,Portuguese,25-34,2025-10-14
63d10856-8095-4763-a577-1d4cbc3c4215,Mexico,web,Italian,18-24,2025-09-11
3d51a066-92fa-4407-b4c1-60956118716c,Brazil,android,Portuguese,<18,2025-09-21
d57836ff-b65e-454c-8e0f-995f100b1878,Indonesia,ios,Spanish,<18,2025-11-08
b3ec9178-da2a-425e-b141-8a9fa2f3c866,Philippines,ios,Japanese,18-24,2025-09-23
382a76dd-81c8-4d93-8730-efa8b2f962b0,Mexico,android,Korean,45+,2025-09-16
89c07da0-51c0-4858-99fd-109f583bd288,Mexico,ios,Japanese,18-24,2025-08-31
f2406421-6427-4f47-90ad-4e6a6375757d,Indonesia,android,French,45+,2025-09-27
802cd0de-5188-49b9-89e0-1a450b669ba3,United States,ios,Portuguese,<18,2025-11-02
1c118268-e15e-40c6-a0ab-2e8e82816977,UK,ios,French,25-34,2025-11-02
8dda8aaa-bd38-4d24-9818-0028a4ef7815,Mexico,ios,German,35-44,2025-11-24
90b82de1-8859-49ae-8951-e21cac1bc2ef,Indonesia,ios,Hindi,<18,2025-10-30
46e2e388-af23-493b-a37d-af6ecb140192,UK,android,Japanese,<18,2025-08-26
4d70b237-9e2e-4587-85bc-1bf327170ba7,Indonesia,android,Spanish,<18,2025-10-09
ef5e8787-80bd-45f3-bd8d-4f3aeffe64aa,Indonesia,ios,Korean,35-44,2025-10-23
d0a65303-647f-4611-ba4d-3d2c9db44b05,United States,web,Portuguese,45+,2025-09-07
20eb68ea-d5d9-4158-bdd3-9f2dee06a3e1,Indonesia,android,Korean,25-34,2025-08-07
d8f2f1b1-d2b7-4640-b495-3b4f7ae94e7c,Brazil,ios,German,25-34,2025-09-21
c0fbbd29-c7d1-4b2b-9382-efd6b4735956,Mexico,android,Italian,25-34,2025-11-22
c122bad9-dd68-41a7-83e1-07642d7bfaa8,India,web,Korean,45+,2025-11-19
f426204c-5891-4537-8bc7-88c5d51341ca,India,web,Portuguese,18-24,2025-09-09
d7e6c6ec-525e-498d-a01b-b121a17a6f91,India,web,French,18-24,2025-10-12
0f7bbbeb-c2bb-460f-9387-72619c3856fb,Indonesia,ios,Spanish,25-34,2025-10-10
5515ee23-8377-44d4-85fe-43b93723820f,Spain,ios,Korean,<18,2025-10-18
0e3e56d2-9dd3-429c-a8ec-255e0d75cc8c,UK,web,Spanish,<18,2025-10-20
095946c9-13bc-46ea-afe4-3d68d8c16dab,UK,android,Italian,35-44,2025-11-09
d44dc490-a7ce-4288-9555-8d6f51eea59e,Indonesia,android,Spanish,18-24,2025-10-23
89e0571e-823a-436d-9b50-873105fef4b1,Brazil,web,Italian,<18,2025-10-20
03481a8e-d726-4703-9464-0b86118977e6,Brazil,ios,Italian,25-34,2025-09-18
dd0a3443-c346-4a74-9f22-2091e4bdb5d2,France,android,Hindi,35-44,2025-09-11
793fc6e0-1ad3-4b54-9106-e45ad30c251d,Indonesia,android,Hindi,18-24,2025-11-30
9a1258e7-ff98-4f88-8b33-bb78143e9590,Germany,android,Russian,35-44,2025-08-27
ec4cb598-c8ec-4df7-90a9-f1b21990331c,United States,ios,Spanish,<18,2025-10-25
25d38cbb-6ddb-4a2a-a91b-79e1f1166254,India,web,Korean,25-34,2025-11-12
c7599458-c06d-410a-b400-ab5e0e5a9f19,United States,ios,Spanish,25-34,2025-10-20
0a3c7f25-642c-4087-9577-3b03676626c3,India,android,Italian,25-34,2025-09-16
bb7eda62-9665-4a9b-84ed-281073309fa1,Philippines,web,Hindi,<18,2025-08-20
f1adbec0-4b79-465d-abe5-815503c99c92,Philippines,ios,Chinese,45+,2025-08-23
328e267a-e82d-4881-987d-9c928f09334b,Indonesia,web,French,25-34,2025-10-08
e0c52596-2362-48a8-a5ea-2c6c52e8256b,Philippines,android,Spanish,45+,2025-09-15
93f93a31-efc4-479d-af0b-b773091a7e6d,Spain,ios,Japanese,25-34,2025-11-15
d5e49d3d-6a36-4740-8402-2bdfc09678f3,France,web,Japanese,45+,2025-10-08
65b755e5-156e-4b2d-aeb1-f3c57fa63853,Brazil,ios,Russian,18-24,2025-11-28
d0c0cc24-afb7-4c83-bbcc-c8f17d8897ba,Spain,android,Portuguese,18-24,2025-08-07
f8271abb-6ceb-4318-8b55-b93818254af9,United States,web,Spanish,25-34,2025-08-21
45b9492b-96f2-4876-af3e-602887b3b9e4,United States,android,Spanish,35-44,2025-11-04
213cdcc2-57ee-4e1b-b138-c7f5b7367054,Philippines,web,German,35-44,2025-11-08
90f9ae61-0ebb-4d98-9d8d-ec958df4faf8,Brazil,android,Italian,<18,2025-09-07
4c6b866e-10d0-4fc3-b290-e1d353fa7118,France,android,Portuguese,18-24,2025-10-17
3fb19bb0-d545-4d92-a045-ae6cb9f90f15,India,ios,Italian,18-24,2025-11-14
4e4407dd-08ac-4cb2-a334-05fa8b04ea76,Spain,android,Italian,35-44,2025-08-29
2c83790f-e85e-468a-98c7-cbd18e9eabd5,France,ios,Korean,25-34,2025-09-01
5f652880-f949-45fd-9609-8563a6312eec,Mexico,android,French,<18,2025-08-16
2236c532-9d1c-4e29-8c29-6b958d04d11f,UK,android,Spanish,18-24,2025-11-23
999e99ac-1b82-451f-b58b-d80fd08fedee,Philippines,android,Portuguese,<18,2025-11-19
d1cab814-fdaa-457c-89f2-aafe24067844,India,web,Korean,18-24,2025-08-31
5c6282c8-e988-4430-9504-51bd2cee8e4e,Mexico,ios,Hindi,45+,2025-11-27
b0ddbc37-70ea-4fc6-a6ce-9cb2bbb03f61,India,web,Chinese,45+,2025-11-02
1ce550a4-122a-4d23-b757-5acfe9607e04,India,ios,Italian,<18,2025-09-15
21f77cff-ed6b-458c-813e-6cc432398cb7,Philippines,android,Russian,35-44,2025-08-07
4fea2cd5-219b-4940-bf6e-ad3ff987254d,India,web,Japanese,35-44,2025-11-15
b0f4a3da-c425-4b0c-a309-15062f4480a9,France,ios,Portuguese,18-24,2025-08-14
3e2f406e-304a-4803-a6ea-766955eba5d7,France,android,German,45+,2025-08-19
5968ae39-ada2-4af5-b414-3ec806c4b8af,Mexico,ios,Spanish,45+,2025-08-21
764f9430-0033-484d-9e68-75dd2b742e72,United States,ios,Japanese,<18,2025-10-28
b0075cd7-3015-432b-a151-78114121c992,Brazil,android,Korean,<18,2025-12-02
d92daf83-fc5a-4fc7-82dd-0922acfca88c,Spain,web,Japanese,35-44,2025-10-21
7d614c7b-2602-4886-aed1-888d284543a0,Spain,android,Spanish,35-44,2025-09-06
385e9415-611f-4517-a289-d176990d28da,Germany,web,Japanese,35-44,2025-08-23
e2b8489a-c480-485b-b4bf-4dfa7ebad4aa,Philippines,ios,Hindi,25-34,2025-11-19
c2391d55-ce00-48dd-b391-daddb8fffe8e,Indonesia,ios,German,45+,2025-10-25
4c151259-7d48-4428-b01e-684644e7424d,Indonesia,ios,Russian,45+,2025-10-07
89da2f90-aff6-4dba-805c-a4fef772f304,Mexico,web,Portuguese,<18,2025-10-04
f389303f-5bdf-41cb-9190-339b9c9b3dfb,India,android,Spanish,45+,2025-12-01
a45d39cd-d644-4d41-ac66-74fe54cbfb97,India,web,Japanese,<18,2025-10-22
2fa8754f-346b-4d37-8734-6e73ede69cef,Philippines,ios,German,25-34,2025-11-07
71702c2a-35b1-4cb6-bb5b-0c62dbf97598,UK,ios,Spanish,35-44,2025-08-31
5268549b-d252-4ba7-b644-3c63c502f1ed,United States,android,German,25-34,2025-09-26
c5f0c625-4fe4-4143-a7a5-a20477a2ae26,Germany,web,Japanese,35-44,2025-11-06
91f7d240-5546-4a07-ad78-6c98fec6d62c,France,ios,Italian,35-44,2025-11-07
b218c5d5-a1fd-4aea-8edc-8d1e111a3457,India,web,Portuguese,<18,2025-09-25
d128f22c-1982-4ca6-ae43-8d39ba43eefc,Germany,web,French,35-44,2025-09-28
76be1d4e-291f-4607-a827-5985e2941408,Spain,android,French,25-34,2025-08-29
4ad5737c-508b-4257-8ec3-805d4195ab95,UK,android,Portuguese,18-24,2025-10-31
cb48f30a-ea54-447a-8a7d-3c375f662b12,France,ios,Italian,<18,2025-09-24
dc93b554-2c04-4a13-a3b8-57c01cef262e,Philippines,android,Spanish,35-44,2025-10-03
c7c1fbb2-0b15-4dbd-a9d5-eb35156968c1,Germany,web,German,35-44,2025-09-15
00395d50-a32b-4382-b924-8a7b7e43592f,Mexico,android,Italian,45+,2025-09-01
1a965bce-2c86-42fe-b4c9-5c4189ac5a51,France,web,French,<18,2025-11-15
c0d03c80-49a9-412f-9c6c-e884db56ae7b,Philippines,ios,Spanish,<18,2025-09-06
2b50542f-76c1-4ad3-84c8-1d5d211b8809,Indonesia,web,Korean,25-34,2025-09-05
df99aec2-ea3a-48a3-bc7f-14adab86b1e0,Philippines,android,Italian,18-24,2025-09-09
ec2edd4a-6676-4544-8eca-df8c6b23bf28,Philippines,android,French,25-34,2025-12-01
409aac14-7537-4453-8d2b-ef96c47a4c48,France,ios,Russian,25-34,2025-10-16
3634af5d-e7ba-4515-9b8c-81fd02fe3e55,UK,android,Japanese,25-34,2025-09-20
71a2c2aa-231e-4e1e-9c25-17c719ce064a,France,ios,German,18-24,2025-08-10
f7dfab05-ca58-4a59-a364-07589ef923ee,Brazil,ios,Hindi,25-34,2025-09-10
5b8eea4f-6675-4613-af7f-9d207dca732d,United States,android,Spanish,<18,2025-09-27
5b24d84b-63ce-4161-b5b0-ef3e92502015,UK,web,Russian,18-24,2025-11-28
0e232e0d-e294-4898-b170-cdd1ca5938ff,Mexico,ios,Japanese,35-44,2025-11-01
fc4dd044-9b14-4c38-a801-e0a90e985aab,UK,web,Hindi,45+,2025-11-12
b047ecb7-4d4e-4f7e-ae9a-f8e7c718293e,Spain,android,Russian,45+,2025-11-26
a063f250-e2be-4553-9139-6b607be2c863,Mexico,web,Italian,<18,2025-10-28
88879cf8-8888-42a8-864c-c961ac622069,Indonesia,web,Japanese,45+,2025-11-08
1474e46f-9f83-47f4-9322-d6b4fe12175b,France,web,Japanese,45+,2025-08-24
0114b0f5-ef51-4e0d-9719-370eb33bb30e,Philippines,web,French,45+,2025-09-05
3b300dea-4418-4c8f-8f7c-fde279c43f2d,France,android,Chinese,35-44,2025-09-15
73294620-c7b8-4426-a4d9-ec92bd14f3d9,Spain,android,Japanese,45+,2025-10-30
6a6edb03-cec3-4096-9246-d0448a67ec09,Germany,web,French,25-34,2025-11-27
20bdb2fd-ed25-4d63-a8f6-a1d7f334015a,Spain,android,Korean,<18,2025-10-05
c2ff95ea-452d-433b-b380-31272aecae2b,Brazil,android,Russian,<18,2025-09-11
34664ce1-6954-4309-9d1d-7db2d5b26479,Philippines,ios,Hindi,<18,2025-08-05
6fdde2d0-4c5b-497e-b62a-01177f8a9565,Philippines,android,German,35-44,2025-12-02
f9c2e34c-d477-40ed-ac98-8762376574fd,India,web,Hindi,35-44,2025-11-25
3dacb66d-8cbd-40a7-9380-6585ad63997d,Germany,android,Spanish,45+,2025-10-15
5eb94c26-2dbb-4df3-986c-76cccf1dc4e8,India,android,Spanish,25-34,2025-09-10
65934223-9a69-499b-a245-155dbe8bd303,Indonesia,android,Japanese,45+,2025-10-30
01566e42-472b-4c37-87b4-fcba077031b6,United States,android,Japanese,<18,2025-09-10
0c208b74-66ac-4b3d-94d8-b9c1f78e1599,United States,ios,Japanese,25-34,2025-08-16
890ab8ad-8a1d-4457-b21f-2d6034b0fbe2,France,web,Korean,<18,2025-08-09
e74f5add-76dd-4b4e-915d-8f64ed5c7e95,United States,web,Portuguese,25-34,2025-09-10
7cadf049-36d8-4d38-8c76-73042bd2b37b,Philippines,android,German,18-24,2025-10-18
b92b7269-9080-40f7-ab35-496cea124c1f,Spain,android,Portuguese,35-44,2025-08-15
148e956d-8781-4345-a1af-1956f8320a92,Germany,ios,French,35-44,2025-11-20
d0bb8442-e13f-4267-be76-99bf79c2d499,France,android,French,<18,2025-12-01
6eaf7272-34c3-4124-aa81-f74da9f433a1,France,ios,Hindi,<18,2025-10-27
17ab0f75-79dc-4ce9-a293-84f8bc26d270,Germany,web,German,18-24,2025-08-14
c8779485-a882-4dfb-956c-ccc6b831adba,Philippines,web,Hindi,45+,2025-08-12
6098778b-fb98-407d-b608-96a13b490a1a,Indonesia,ios,German,25-34,2025-09-11
9ffc641e-314c-48d1-8d02-bce53c65c85d,Indonesia,web,French,18-24,2025-10-15
90a5c0e9-b0bc-46de-8b2c-fec168c51ecc,France,android,Japanese,18-24,2025-11-04
16a72e5f-59d0-4c5b-8806-5fdd691a5196,Indonesia,android,Japanese,<18,2025-10-16
53c9712d-ff5b-484e-8e10-54417cb2d906,Philippines,ios,German,<18,2025-09-29
5f0deb0c-3513-4c8a-b137-415680bdb133,Brazil,web,Korean,45+,2025-09-04
d7ea2d94-1e84-47e8-a150-fb8df9cfc41f,Brazil,web,Portuguese,45+,2025-11-21
9c71a063-ab64-4389-855e-6787414be643,India,ios,Italian,<18,2025-08-10
97dfdcae-c47f-4d10-98fa-33646e4ac3b3,UK,ios,Portuguese,35-44,2025-10-24
ad06fb7d-55ec-4df6-bb0c-7533e0d44280,Mexico,web,Chinese,45+,2025-10-02
36fcf3f0-672a-4de0-8d1f-3f78f8e6e9cc,United States,ios,Italian,18-24,2025-08-15
e34307b8-3e04-4f42-a420-5cf6efd81a08,Indonesia,android,Japanese,<18,2025-09-18
af8dbe0e-3ca1-415d-a64f-87446bfafc0a,Brazil,web,Hindi,25-34,2025-09-26
a01780af-67c7-47d3-bae9-3dce89055f54,Spain,ios,Italian,25-34,2025-11-22
a5b3c9c0-4c0f-432e-b75e-baf72837afaf,Germany,ios,Japanese,35-44,2025-11-10
66697c45-9f76-4e00-9877-e6bd37028c62,UK,ios,Italian,<18,2025-11-08
e5e7da43-e4c2-466d-a215-85bd28b98fee,India,web,Japanese,18-24,2025-09-30
e9090072-f1e1-4b0b-b5e4-71bb5739f8ee,Mexico,android,Chinese,35-44,2025-10-06
9da8ae1a-3e22-4b3c-aca9-c51a89026ced,Brazil,android,Chinese,18-24,2025-09-23
4fee2658-e929-4336-9dbe-38454eeb78cc,India,web,Spanish,25-34,2025-08-07
39096b33-ed6d-4a96-99cf-548e44fb93ab,UK,ios,German,18-24,2025-09-03
4f44989d-c8b4-42d9-9353-c6caddad0ccb,Germany,web,Japanese,25-34,2025-12-01
01ca0a49-977b-42a3-9432-2a1937961b4e,United States,web,French,45+,2025-11-28
3fbd5666-79f3-49b6-9960-ef830aff97f0,Brazil,ios,Italian,25-34,2025-11-02
522c500f-d539-49fb-ab59-af9872a2be18,Germany,web,Chinese,25-34,2025-08-07
fbab47f0-07dd-4462-9660-07cd54bc2a05,Mexico,android,French,35-44,2025-09-27
9445795c-0455-49f5-b7c6-89ec59da3402,Indonesia,web,Korean,35-44,2025-10-25
fb44148f-6d72-4cf3-a986-eef840fa3f30,UK,ios,Hindi,<18,2025-10-22
5a1c6860-abd0-4905-9ea4-1a44b8043e08,Mexico,web,Portuguese,<18,2025-10-02
10ba6531-abcc-4001-81d3-b2c39a8a5d89,United States,android,Chinese,25-34,2025-10-14
0a7f9289-55cb-45dd-8b30-aa36b9d42d6a,Germany,web,French,45+,2025-08-30
83c189e3-ba66-46a2-93a8-2fef038aa774,Philippines,web,Italian,<18,2025-11-13
8a9f2191-2032-4c23-afcf-1926ed09e360,United States,web,Japanese,25-34,2025-12-01
bac2a3bc-25b7-44ec-b917-b45d39a6864c,France,web,Chinese,35-44,2025-10-20
bb6b34a0-b87e-4c46-a89f-4f2b265f313a,Brazil,ios,Spanish,<18,2025-09-07
84c450a2-3b01-4e32-88c8-1ace1917b605,Indonesia,android,German,<18,2025-10-19
4920d10a-daaa-4aae-bfc6-70e716967c11,UK,android,Russian,25-34,2025-10-19
e9aafa7a-ae31-4e5a-989c-5e9f811e2dcb,Spain,android,Chinese,25-34,2025-09-14
e7f9d264-a4c9-48e1-852b-27e7ae0d4041,Germany,web,Italian,18-24,2025-10-26
035062f8-3e02-4d9c-954b-4628ed813cee,Philippines,android,Japanese,18-24,2025-11-03
42f6ca7f-8a53-42c1-a3f3-b2c9816e8681,Spain,ios,Portuguese,45+,2025-09-30
4c1f3c3d-9c13-4d81-9085-19d179b38b08,Brazil,web,Italian,<18,2025-10-29
a2ea403a-d57a-4293-ad80-8db4f8ad6c67,Brazil,web,German,18-24,2025-08-22
9629de5e-4705-417f-a0b6-8588a6823524,UK,android,Italian,25-34,2025-11-26
d99e8254-6775-4a73-b52e-4ce0bdf2b30c,Philippines,web,Japanese,<18,2025-09-14
1d9ed796-99c0-4ee9-81f9-2a048b01c64e,Brazil,web,Spanish,18-24,2025-11-01
72f54a9a-deb0-4e4b-b6bb-a7bac40fd9dd,Spain,android,Spanish,45+,2025-08-13
c22b2bf9-3001-4418-a821-6d3fdd7aab3a,Philippines,ios,Hindi,45+,2025-10-15
a7271c86-7182-4ae8-8c26-9ad4abc5143c,Spain,ios,Japanese,45+,2025-08-12
110b25e8-5003-4e02-855a-82941c706d31,United States,android,Spanish,45+,2025-08-21
5cdda486-6d09-4478-be89-c3dc9544c42f,Mexico,ios,Portuguese,25-34,2025-11-30
2e9e2001-07af-4873-ab8b-59c12062ed6c,Philippines,ios,Spanish,45+,2025-08-05
089caae7-cbee-47e4-8d90-479fca19c28d,India,ios,Chinese,35-44,2025-09-23
4ae38f05-c8a8-483a-b5a6-4f86d80f6fa8,Mexico,web,Korean,45+,2025-10-29
ac61e8bf-b0e1-4dfe-b57e-59be8ee3436c,Mexico,web,German,18-24,2025-11-05
d00ee5d3-755f-4f8e-8472-c6ada4eb7332,Philippines,web,Hindi,<18,2025-11-14
ea24730a-b92a-4ddf-9fe7-9ddc030c7945,Indonesia,ios,Italian,18-24,2025-10-21
ae2866f8-d537-401c-856d-e16c9c1d29a8,Brazil,web,German,<18,2025-08-11
9d72417a-0534-44e0-bfff-6f283b3eaf2b,United States,ios,Italian,25-34,2025-10-14
d3bae91a-35cd-4b85-846a-8aa6496f72fb,Indonesia,android,Russian,<18,2025-09-10
5d751adf-fb1c-4c0e-8c23-9a5946e88fa3,Indonesia,ios,Hindi,35-44,2025-11-16
f6c55fc0-a410-47e4-8c2c-e1385e5ffce9,India,web,Hindi,45+,2025-11-22
737eaea7-26dc-4067-a0eb-821e57e1949f,Germany,ios,Korean,18-24,2025-09-01
9a2e310f-eaac-4e6b-bdfb-2fccf34f0d9c,Philippines,web,Chinese,<18,2025-10-16
4c3003d5-42f8-4a97-a1f3-91d5b9718001,Spain,web,Japanese,18-24,2025-09-28
f602c13f-37d9-4786-a061-342cb675938f,Brazil,android,Italian,45+,2025-09-08
a6028353-a423-490c-8c0b-4fde22828cd6,Indonesia,android,Italian,25-34,2025-09-16
bbd2a423-7af0-4e6f-adcb-8b04e5225faa,United States,web,Russian,45+,2025-08-14
26b4265f-9a24-4997-876b-badaf9f30604,Germany,ios,French,25-34,2025-09-14
d45a0c95-1517-4eec-8b5f-1432f9d96438,India,android,Hindi,18-24,2025-09-07
2a0468ac-db35-440c-a9b9-6ece1896dcbf,France,android,Hindi,25-34,2025-11-04
38032a46-cbe0-4886-bd74-247c7b9eb897,Brazil,web,Korean,25-34,2025-10-11
becd6e62-7447-4d70-a7a6-6d923137e8b6,France,ios,Korean,25-34,2025-11-03
d7306061-afe8-4946-b650-59d705c1aa23,Mexico,android,Japanese,25-34,2025-09-21
12de11f7-a7c2-4cf7-a360-d16cfef936af,Indonesia,android,Italian,25-34,2025-11-14
f27d7ecd-1fce-4a25-8408-bc5e7fb9808c,UK,ios,Hindi,<18,2025-10-10
b7497b54-8a8a-4f8f-ade5-045d147d3072,Brazil,android,Russian,25-34,2025-10-25
39793eda-ce6d-40e8-b1f0-6717d3fe6d27,Spain,ios,Hindi,25-34,2025-08-09
ce3b30e8-07ac-4fdf-853e-966b3f63037d,Germany,web,Russian,45+,2025-09-17
4fea1442-88e9-4272-aa05-ddedebf45a6c,United States,android,Chinese,45+,2025-10-22
51079458-0079-4704-99a7-e6851221162b,Brazil,web,Chinese,45+,2025-10-07
e1d66907-a05f-458e-9e5d-946178c01f6d,Spain,ios,French,25-34,2025-09-25
d9694dda-f9a2-4d79-9ccf-4fa53e8884fb,Philippines,web,Korean,45+,2025-11-17
8f2cd929-7f36-4e1e-82b7-e4c3fb5e8960,France,web,Japanese,<18,2025-11-07
bc4e73d4-279a-48a3-a7a1-7d734839653e,Philippines,web,Spanish,18-24,2025-09-11
5b59cb0b-8d4f-4c9c-b329-60dc734848cb,Germany,ios,Spanish,45+,2025-11-16
4f5ebcb9-d714-490f-bc43-0ab6b8c8b335,India,ios,Italian,45+,2025-09-20
9d0fdd22-da1a-49a6-bae6-61880edac751,Indonesia,ios,Hindi,<18,2025-09-25
0f31c0c3-3dae-4b0c-8412-31eb994e6b35,Brazil,ios,Italian,35-44,2025-09-07
5965964f-461c-42c9-b02b-45077ebfc829,UK,ios,German,35-44,2025-08-23
fc9b5ef1-1a37-4bee-aa25-1dee1d1f0223,France,android,Hindi,<18,2025-11-08
90d471c8-63b4-4592-93e6-7a30b226163a,France,android,Spanish,45+,2025-08-15
11d65a8a-1a78-4b0b-9195-f01e1a4859ce,Brazil,android,Spanish,18-24,2025-11-16
95e24449-cf8d-428e-847b-2fa219fc98fe,Mexico,web,French,45+,2025-10-25
89cf82e5-3470-4ae6-9e03-a1766579e35e,Philippines,web,Spanish,<18,2025-09-06
62edd74f-cd5d-4cbe-b95d-62119c11f33b,France,ios,Korean,<18,2025-09-04
d708aaad-65a5-4a67-9607-3264b6a875d4,Spain,ios,Japanese,25-34,2025-08-10
ef4bfeaa-df3b-4051-9d42-9990b805f675,United States,android,Hindi,<18,2025-09-27
d6f4ce26-badc-42c7-9f34-8e2a4e51699f,Indonesia,ios,Italian,25-34,2025-08-09
79809364-44ff-4614-acd8-8c8224ebc3c7,France,web,Hindi,<18,2025-11-16
b6d709d4-f409-4bbf-8fe2-43291b3e78b9,Spain,ios,Hindi,25-34,2025-10-09
d8fc9c91-981b-436b-939e-3b587d00dab3,Germany,android,Spanish,25-34,2025-08-09
6b834a04-dec4-40d7-8398-d4fc1bdf2531,Germany,ios,Spanish,45+,2025-08-27
94739319-f74a-489b-9972-c037f21be263,Indonesia,web,German,25-34,2025-11-15
14805736-da21-4e85-bb86-acad28ef54cf,Mexico,android,Russian,35-44,2025-09-11
5fa91d15-448b-479d-acba-b972ca24a061,UK,ios,French,<18,2025-08-06
fa5d057f-d432-42c7-96af-6c5fbc4355c8,Indonesia,web,Hindi,18-24,2025-09-22
054e2803-6659-4da3-aaa3-b8947c2d600c,India,android,German,<18,2025-08-08
46b66bc9-66b8-4e59-91a1-58e2241e2097,Mexico,android,Hindi,45+,2025-11-13
f166bc49-2a1b-40bc-a675-65bd90114fa1,France,web,Korean,45+,2025-10-24
9fa77f60-740a-46b8-97b3-8d9ca18d48f7,Indonesia,ios,Spanish,25-34,2025-11-25
8553888e-dcb3-499b-8554-493a06c54898,Philippines,ios,German,45+,2025-09-23
f2d6af61-e82b-414d-b57e-5bdf1735ca13,Germany,ios,Portuguese,45+,2025-09-26
7ef35f2c-c7ee-4978-b655-3b5064284b5d,Spain,android,Korean,<18,2025-09-02
b1de3948-7ebc-4eb7-ad46-3f149ad84b21,Indonesia,android,Italian,35-44,2025-11-18
cd494f51-0bf0-4ef7-a48c-bb20aaf6828f,Philippines,ios,German,35-44,2025-11-10
e62020e5-57e6-4919-82ca-6faa0fe5be86,Mexico,android,Chinese,25-34,2025-10-24
c0723166-8925-424b-bc0b-1a16d4cb70f1,India,android,Italian,45+,2025-08-18
3a47a1b3-7410-4a2b-b17a-d29a65904d13,Spain,web,Portuguese,45+,2025-08-13
a31d454d-5dc8-4cb9-9304-b1563a4ce320,United States,ios,French,35-44,2025-11-15
ae79ceb1-2bbb-40a3-942c-a4e3520bffaa,India,ios,Japanese,25-34,2025-09-01
ace50f5d-0d0a-4453-8ede-2323c25a57b9,France,ios,Spanish,45+,2025-11-30
8d276c90-8081-47be-bfb8-6326d850d8f2,Philippines,android,Japanese,25-34,2025-08-28
5376b2e5-678f-47fb-9d7b-eaf3c1abe6d7,Indonesia,android,Spanish,<18,2025-10-24
7826481d-0a28-40a8-b734-3c616003fa34,Indonesia,android,Japanese,45+,2025-08-13
57efe765-1c0f-4c18-aa2e-9685d25ddb08,Brazil,ios,French,45+,2025-10-12
579943ce-80bd-4ce3-92c5-fef547fc552e,Germany,android,Portuguese,45+,2025-10-12
e8ac859f-d758-46ed-9a98-4fb09c274c82,France,ios,Portuguese,35-44,2025-10-26
cb612e55-78d8-4807-8585-74638d96151a,Philippines,android,Chinese,35-44,2025-10-08
2dc7b804-f934-42b9-8db6-db44de4cb4d0,Indonesia,ios,Korean,45+,2025-08-30
c080da7d-8111-4389-a493-435bd630e3a2,United States,web,Chinese,45+,2025-08-06
1ab57c5b-3eda-4e8c-a0e5-e00f2d8f8f91,Spain,android,Spanish,<18,2025-08-20
98d66577-af68-4dfa-bb11-fcb6f4fe830d,France,ios,German,<18,2025-08-11
3e26126b-7201-46d5-bf9b-c0f23ecb9371,Mexico,web,Portuguese,25-34,2025-09-13
fac66611-56aa-4a32-af94-e9a915070087,United States,web,Spanish,25-34,2025-08-06
2232192f-3cc0-4ea8-b58e-ec2eacad90bb,Spain,android,Chinese,35-44,2025-08-31
a70a79bc-011b-4762-98a3-c83c997ccd18,UK,ios,Portuguese,18-24,2025-10-29
3ced4b3a-f2c2-439e-93f9-ce9be4381bcb,Germany,android,Spanish,<18,2025-11-14
9278b501-37ea-487f-95e8-cf738354129f,France,web,Russian,25-34,2025-08-26
aabf17fe-4dce-4684-b3c7-9e036846ba46,Philippines,android,French,<18,2025-11-09
df694d8a-1582-4e6d-b079-b83dd78ea2ee,India,ios,Portuguese,<18,2025-11-20
931faa3d-e6f0-4cec-bb4c-05c40ea39535,Spain,web,Russian,18-24,2025-11-17
d21896b0-dab6-4f80-a85a-aa98375851cf,Mexico,android,Chinese,<18,2025-11-10
93fcd78a-5449-4aef-b3e2-2fd32c5f74d7,Indonesia,android,Italian,18-24,2025-11-30
67c6c1c0-0e5e-458e-b64a-1a36373f5de7,India,android,Spanish,18-24,2025-08-28
827be3df-bca0-4bf8-8a77-10d237021839,United States,android,Russian,<18,2025-09-16
6005f4e3-2f09-4af5-8245-a16555f30373,Germany,android,French,<18,2025-09-16
706415ec-a2bf-4662-af74-6931cc1b84de,Philippines,web,Japanese,25-34,2025-10-30
73bb8724-2092-4be9-a7a7-c600e3b59459,India,web,Japanese,<18,2025-09-17
451471ca-8e39-4b7c-928d-1eb9a3588500,Mexico,ios,Hindi,<18,2025-09-22
c863b1b9-0edc-4c85-95c1-7c774abc5be7,Spain,android,French,<18,2025-09-16
32a4f194-abc9-4db4-a29b-3cbe87ea93b2,Philippines,ios,Hindi,25-34,2025-11-04
09e8cff7-b515-424c-88f3-7738188af01e,UK,web,Hindi,18-24,2025-09-18
2af64c7c-2857-43c8-92ef-dfbd2690e1df,Indonesia,android,Hindi,25-34,2025-11-04
4a8a0f9e-214f-40b3-a3af-dcb5bf8b5546,Germany,ios,German,<18,2025-11-04
2f9026cb-be53-41a3-9201-f7f3b9196aca,India,android,Portuguese,45+,2025-09-07
b2c1f41d-b2ec-4501-a174-00a2b5cadd63,Germany,android,Portuguese,<18,2025-11-30
9f52c62b-b37d-4898-97d1-b02647f18533,Germany,ios,Japanese,25-34,2025-10-19
669d4856-8d33-45e7-a0c5-02c1c56a9cc6,Germany,web,Spanish,25-34,2025-11-23
5488487a-074e-48ef-aded-0d1164dbf992,Spain,ios,Korean,35-44,2025-09-06
ef1fe942-07c9-4776-be53-3ac878bb7078,Germany,ios,French,45+,2025-08-26
2f5fbf5c-8b88-4f61-b18c-88befe8c2209,UK,ios,Korean,25-34,2025-10-03
ef9e234e-ec33-4eaf-b4f3-165ff6e71364,United States,android,Chinese,18-24,2025-11-16
4b8f90b6-aa50-4031-b716-2281ae08f2da,Mexico,web,Spanish,<18,2025-09-30
03e71546-7ec0-443b-a806-6f0ded2fe5e9,Philippines,web,Hindi,18-24,2025-08-17
1efafc6c-f391-4f3c-9212-be5da0b23788,UK,android,Russian,25-34,2025-09-17
c9ae1c6e-231e-4a2a-8ca8-e0121d0d888b,Philippines,web,German,25-34,2025-10-04
8f020474-2d86-4479-b3e4-7a096ba2508c,Mexico,ios,Russian,18-24,2025-09-03
696b738c-a489-4f03-a470-5f85837fefd7,United States,web,Russian,18-24,2025-09-11
6be968a3-d48b-47e1-b828-7f4557ba9489,France,android,Korean,35-44,2025-10-17
18407f70-c4a7-4f13-9afe-c18fe633356e,Philippines,web,Italian,<18,2025-11-10
f99047d2-5025-4045-9d84-97c962ed08c6,Philippines,android,German,18-24,2025-08-16
3bacdafe-a5a9-4d81-924b-45604f240ca6,United States,ios,Chinese,<18,2025-10-15
63e541c9-a5a9-49e6-b81d-18cc8d7e6c03,India,android,German,45+,2025-10-02
6e753ec5-514a-4c24-9a93-d404667e50ae,UK,web,Hindi,25-34,2025-10-04
db78c281-06ff-49e8-a670-0a9ceb493fc2,India,ios,Hindi,18-24,2025-11-16
ce4bb747-1fc4-4825-9042-a3ae8c8ec3b9,India,web,Hindi,45+,2025-11-13
85bdcf60-feb9-4bca-a3f7-4836e42501be,India,android,Spanish,25-34,2025-11-09
bd7b6995-dcb7-4b55-8e70-8a7a8f3b8ae2,Germany,ios,Italian,35-44,2025-11-05
a214b1c9-bff3-4a3f-bb5b-9f942c3cf86b,Indonesia,android,Spanish,25-34,2025-11-29
5a5fc7fa-ce23-4cb5-99dc-da9a9f12aee3,Philippines,web,Hindi,18-24,2025-10-12
7da73c6e-e1d8-47f8-9f61-9631461ba8f9,India,android,Chinese,45+,2025-08-28
47382eba-9a65-44a2-88ea-0d91fcf0faa2,UK,web,Hindi,45+,2025-12-02
ff915c1c-c521-4222-b0ae-c7e94f6653d2,Indonesia,web,Spanish,45+,2025-08-07
0cbfcacc-569c-46b6-b8cd-5eb89e2c5ac0,Indonesia,ios,German,25-34,2025-10-30
4c90f90f-638f-4214-b39a-178b7af1aef5,India,ios,Russian,<18,2025-10-12
cbfdeb4e-8d63-4ed1-aa4c-72ccd0b5e4e5,Spain,android,German,<18,2025-11-05
57ec6e21-43ba-4d6b-9ef1-3eb678fde76a,India,web,Hindi,25-34,2025-08-30
c7bde601-a779-40f2-9e65-d21df41ea9b7,Spain,web,Japanese,18-24,2025-09-09
90d92541-b15c-45e7-9735-7284d3b43c41,India,ios,German,25-34,2025-11-08
105f37c0-9cc9-4010-9883-0e17752c1168,UK,ios,Portuguese,<18,2025-08-29
1546d728-fbb4-43ce-9b27-1800f88276ee,Spain,ios,Russian,25-34,2025-11-07
e9d04485-fdd5-453d-9828-0006c6b1045c,Germany,ios,Portuguese,45+,2025-11-25
a601a5b3-f081-4ad3-b0d4-5628d90e70fe,Indonesia,android,Russian,18-24,2025-11-11
974ac97e-1c70-4f5a-a706-9542919faf7d,India,android,Italian,18-24,2025-08-07
72272a1a-7772-4657-9018-10bcec9579a0,Indonesia,android,Portuguese,35-44,2025-10-08
efa36c2c-4f4a-41ea-b9df-ac86e6af9602,India,android,German,25-34,2025-08-15
8b79dd03-9519-45bf-a366-62dab6a3fd5e,Philippines,ios,Russian,45+,2025-09-16
34e6176d-40a4-4037-873d-11a11b7f024c,Philippines,android,Italian,25-34,2025-10-02
ed51cce0-d856-4ac4-b6a2-68afe04dfcbb,Brazil,android,Korean,35-44,2025-09-06
3a9661da-dfa0-4989-8820-c7e0dca7a8cb,India,android,Japanese,35-44,2025-10-23
be48a098-14a6-4a88-86f3-79e83786d9b7,Brazil,ios,French,25-34,2025-08-15
c6430b3e-a4cf-4e48-b9d5-76977dd164ba,United States,web,Italian,25-34,2025-10-06
ac972c7b-829f-4d10-babc-b95cff33a318,United States,ios,German,25-34,2025-08-12
16dc1524-1e93-4884-aa20-a90e5a2206de,Indonesia,web,German,<18,2025-11-02
3e3450ce-a468-4a0e-91f0-56d9d3842a1a,Spain,web,Japanese,35-44,2025-10-10
689a79da-c929-4c0e-b825-06b57961c20a,India,android,Japanese,18-24,2025-10-13
e2916956-8fa9-4cf1-ab12-6d7a5d98ae83,Mexico,android,Italian,<18,2025-08-26
effbb5cc-04e4-4880-9775-360216b41d00,India,android,Hindi,45+,2025-11-28
6fa1a84d-ead3-40c6-b8bc-b52fb200901b,India,ios,Japanese,18-24,2025-09-17
d620e62a-c2c7-4eb1-a07d-95d1af4cad22,Mexico,ios,Hindi,18-24,2025-08-31
ceb3f1dd-3f94-4a07-9ade-376e88c57aae,United States,android,Korean,18-24,2025-08-20
9cdcbf2d-a0de-4ba7-a78b-dd03ab122378,Brazil,ios,German,35-44,2025-10-16
00604d7a-197c-4522-9f50-b95d00273788,Indonesia,ios,Italian,45+,2025-09-02
2ccddec2-8f3e-498e-9977-c28eb8d098e2,United States,web,Japanese,<18,2025-10-24
8384d3ab-544e-4ae3-89ee-1b79b9f49472,Mexico,ios,Korean,45+,2025-10-14
b476cee0-a7be-4cf5-bc62-ee4bc1b7eff1,India,web,Italian,<18,2025-09-16
70858637-e396-4b34-bf1d-9139607f4369,United States,android,Russian,35-44,2025-08-05
e51b7f56-8493-47da-b5a0-c0898e40e1eb,UK,ios,French,45+,2025-08-30
aaf6d00f-e620-4337-bc63-ad34b935eee7,Philippines,web,Russian,18-24,2025-09-21
40096905-1245-499d-a003-df258f8dd437,India,ios,Spanish,45+,2025-09-18
fee877d9-f408-433f-a8e4-68f3f99c00ca,France,web,Hindi,35-44,2025-09-26
71c0e862-d0ec-436a-87c3-40db7184855a,Mexico,web,Spanish,35-44,2025-09-27
34f15e5b-0500-4049-b937-203421eab4a4,Germany,ios,Chinese,35-44,2025-09-12
ae91ba00-8f4f-4b43-8784-a011973b38b1,Spain,android,Korean,<18,2025-08-13
11e98217-af89-45a5-befb-0c7ced0ef0e7,Germany,web,Hindi,45+,2025-09-04
9759e8cd-6408-4792-b0b4-8dedaedd7ff9,United States,android,Korean,18-24,2025-08-25
7e2f0a6e-e003-4dcd-91de-3fdf0e5e5e56,India,ios,Russian,18-24,2025-11-29
07988351-c18a-434c-a738-3d244fb95206,Spain,ios,Portuguese,25-34,2025-09-28
055e6f26-1529-4adc-8f4b-7d77dd89455b,Spain,android,Hindi,35-44,2025-11-20
5d78ffad-f352-4664-aac6-e0bc118519af,Indonesia,ios,German,18-24,2025-10-07
8e54f4c7-a952-4a4f-902b-845521e3d8b6,Germany,web,Korean,35-44,2025-10-06
8a747701-e1ee-410f-a894-778e48ed600b,India,android,German,18-24,2025-08-20
b4172ea2-e191-40de-a3bf-b1017e3b6d4f,Indonesia,ios,Portuguese,45+,2025-08-13
7b3f6e56-bc8f-4786-941c-55180a4deef9,Brazil,ios,Japanese,25-34,2025-11-28
b2fcf418-e154-4a5e-bdcd-badcc36b2f1e,Germany,android,Korean,35-44,2025-08-13
d1e34fcb-6e4b-4894-b8a4-563ce85411bb,Philippines,web,Spanish,<18,2025-11-02
7c772fbf-f436-4449-b7bb-c1eb8fcba6c0,Philippines,android,Korean,<18,2025-09-28
094f63e1-1f70-4943-9d43-5863d101cbfb,Indonesia,ios,Japanese,18-24,2025-09-26
a5fc7768-5d03-4359-a3d7-0772e83db7a4,Brazil,ios,Russian,45+,2025-10-14
f9af3eaa-930f-4945-bd7d-be05474549cf,UK,android,Italian,35-44,2025-08-31
cb9f5d38-0ff6-4e19-870c-ef6277a38e62,UK,web,Spanish,25-34,2025-11-28
26d89379-4b79-4265-82b2-e7e3e6c18de9,Philippines,web,Spanish,45+,2025-09-23
164f659d-337c-4ee9-b525-78e869d875a9,France,web,Portuguese,18-24,2025-10-15
523ffa91-ea2c-46a4-9f12-b5dc77d0476a,Mexico,android,Russian,45+,2025-09-28
8605ab6a-698f-4b39-989c-7dd429366fe2,Mexico,web,Spanish,25-34,2025-08-28
57fbcb46-113a-4dba-8f6d-807f19b18d80,France,web,French,45+,2025-09-14
c5323194-e254-4d8b-982b-6a9b12d26408,Indonesia,web,German,35-44,2025-11-27
bf5f20c5-c93a-4347-b9bd-989176894b2c,Mexico,web,Hindi,18-24,2025-11-09
4bd1b716-b243-4eb3-b3a3-7400deee61bc,Mexico,ios,French,25-34,2025-10-27
1aeb426d-484b-4458-a3e7-21fbce643d0d,Germany,android,Italian,18-24,2025-10-08
5b6708c2-9a54-4a9e-99b7-c49aa93d7599,Germany,android,Korean,35-44,2025-10-14
e4f64d4b-8aad-4384-b70d-6760bc6f7eeb,France,web,Russian,25-34,2025-08-12
da2bbfba-f43a-4e7d-af9f-d9d5866635cc,India,android,Chinese,25-34,2025-10-26
bf2246fe-3126-4361-a579-ed43de27bffc,Brazil,android,Chinese,18-24,2025-08-26
621dc5eb-3614-45a3-84d7-2160c04db1c8,Indonesia,ios,French,45+,2025-08-20
493444a0-a208-4314-bb33-a3d0b364fcee,Germany,android,Spanish,45+,2025-10-28
5b6139f7-6e2e-4b83-8f0e-e47eac40cbc9,Germany,ios,Korean,<18,2025-10-05
4e3b59e4-b8a1-44ab-8628-6b66244bf186,UK,android,Russian,<18,2025-11-12
d478b211-c36f-4aad-acbe-cb68b0bfe92e,Brazil,ios,Japanese,25-34,2025-10-10
8250ea44-3d9c-4c46-8802-c908c667547f,UK,ios,Korean,18-24,2025-10-27
275479f4-eb96-40d4-9faa-6776687337ce,India,android,Hindi,25-34,2025-09-16
e55b45b5-1988-44ca-8512-61309872a363,Brazil,ios,Portuguese,18-24,2025-08-08
1f195031-4a4e-4776-95a7-fa6b77088dca,Mexico,ios,Russian,35-44,2025-11-27
38a3f9e9-71f9-48c4-85c3-57ce9700f107,UK,android,Korean,<18,2025-09-06
c5b70220-b359-4a75-868c-03fae6c6f5c0,Philippines,ios,Russian,25-34,2025-09-28
a2927182-6d06-46c1-aa8a-37f48f28bb3c,Indonesia,ios,Japanese,35-44,2025-08-10
049e6e10-d773-47c9-99f6-bc19cf8db31b,Mexico,ios,Spanish,45+,2025-11-15
c29cc9b2-926e-41be-864a-0c5dcdff2095,Brazil,ios,Italian,<18,2025-10-05
612ca128-6d96-42b9-a33d-f7226e5ff13e,Philippines,ios,Portuguese,18-24,2025-08-19
ef6616a0-ca08-4054-bf16-dcc69dd89048,India,web,Portuguese,45+,2025-09-12
12ad4d45-4939-4591-b37d-0fce47f9b5ac,Philippines,ios,Spanish,45+,2025-10-07
d8c3d636-a792-4a39-8a6b-aa50d038e5fa,Germany,ios,Hindi,35-44,2025-11-22
d225d4ee-81ff-4c62-8ee8-311f0d60df6f,France,ios,Chinese,25-34,2025-09-02
81c442bc-1304-4aca-929c-e0027b8fbb0f,Philippines,ios,Italian,25-34,2025-09-30
e11a2aff-e973-4cb0-909b-ef57cf098539,Spain,android,French,35-44,2025-11-19
fe699df4-ac08-42f3-907d-7a1ea4ec1caa,India,web,French,45+,2025-11-10
7c802bcd-9ebf-4839-8474-062b754f7f33,Mexico,android,Italian,<18,2025-08-26
fe9fa362-d72a-46c1-9f3e-698d0d67f2c7,UK,web,Hindi,45+,2025-09-20
9fdb24b4-7f1d-4a05-afbf-e99f68d489f3,United States,ios,Hindi,35-44,2025-08-05
e6602167-ba95-48fa-9077-c8a4a0fed0de,India,ios,Japanese,45+,2025-08-11
5dd55c90-7039-4862-95e3-aa5ed24e97dc,Spain,web,German,45+,2025-09-05
b37c245c-f334-47f4-83d0-9be0e59e34b0,Germany,web,Korean,45+,2025-09-25
ba777fad-a9f9-4e36-9810-e58c8482b683,UK,android,Hindi,45+,2025-11-16
8887fc07-ccfd-4590-9b24-1b9a5fc433c5,Indonesia,web,French,<18,2025-10-14
7961276b-19ba-4987-bc4f-b48bc4449942,United States,ios,Spanish,18-24,2025-10-12
42de8f20-fa9e-44f5-886b-46d6bfddd4c1,Philippines,android,French,18-24,2025-10-23
4d2c31f9-134f-4e6d-a4c6-faaca96694c9,Spain,web,German,25-34,2025-10-07
a9aee789-1785-4666-821d-49a2577314fd,Philippines,web,Italian,18-24,2025-11-30
1af8c968-4bd4-40b6-8547-28f3e66843d9,Indonesia,android,German,18-24,2025-11-11
c951f6b3-af74-4a88-ae32-9bd24c81788c,India,web,Russian,18-24,2025-10-06
61f1d0f2-612e-4f62-8d35-b3144095f240,France,ios,Korean,45+,2025-09-19
1d318d40-34c1-4798-8f5d-916aec9741d6,Spain,android,Russian,45+,2025-08-11
8f5ad157-d4d3-4dc3-b56b-10d412e3b585,Brazil,web,Japanese,<18,2025-09-03
186eaad4-38b9-49b1-a3ff-8e556f419b1b,Mexico,ios,Hindi,45+,2025-08-11
3c2a45bb-1bbb-4043-a1e2-38187cf37338,Brazil,web,Japanese,45+,2025-11-08
a47764fe-94c5-4a3a-b882-81926a509b30,France,android,German,18-24,2025-08-13
0c023db5-0e89-48e9-bdb1-5829fee6cd26,Indonesia,web,Russian,<18,2025-10-06
b8dd5ec3-55ee-4dbc-b794-24a2b5978001,Brazil,web,Spanish,<18,2025-11-22
01f49eff-fdf9-4a53-89a3-abfb8efb2ceb,Germany,web,Korean,18-24,2025-11-01
0e84762b-021d-47dd-93b5-b9571aba298a,Spain,ios,Spanish,18-24,2025-10-23
3b7cf9c4-b692-4360-955c-9d7a094943d0,Germany,ios,Spanish,<18,2025-09-06
d37f8335-9894-45f1-81b6-ea116eb4e2af,United States,web,Spanish,35-44,2025-09-11
bd6ecd9c-3440-4c5a-ba7c-0c7f5a580e44,France,web,Italian,18-24,2025-08-09
e09ad37d-1eee-428c-b7ce-fefbea66d0bc,United States,android,Hindi,18-24,2025-09-03
06d09124-e3a2-408b-aee3-e62084b2e643,United States,web,Hindi,<18,2025-08-24
71fcb126-86f4-4834-9991-892ec1238c60,United States,android,Russian,35-44,2025-11-13
56199180-80b6-4a14-94ce-607efa30c601,India,ios,Spanish,35-44,2025-09-03
fa34ade0-4012-4968-bab3-3ec42c7042c6,India,web,Portuguese,25-34,2025-09-01
ea9e39d3-8f94-49d9-9cd2-57b8a7fa6924,France,android,Korean,35-44,2025-11-18
19dfc88c-9156-423a-85e0-c62544125f8c,UK,ios,Portuguese,18-24,2025-11-22
5d065002-fe13-4b99-b05c-34fc6a4b3848,Brazil,android,Japanese,45+,2025-11-19
e04eb7de-6bf3-408a-b3ad-cae12a3cc1d9,India,ios,Russian,<18,2025-09-04
bcb2f7ae-c088-4be1-9185-f891f99bd287,Philippines,web,Korean,18-24,2025-10-07
cf6f304e-f15a-4550-95c7-62d4ddbbe8cb,Germany,android,German,<18,2025-09-13
16e1e708-8d14-4581-a824-dd2a95fa38dd,India,web,Russian,35-44,2025-10-18
5b852bd1-2cfc-4c55-93fb-12dce72abe01,Indonesia,android,Japanese,<18,2025-11-23
ec28cde2-aee1-48eb-a60e-7ed7d4b20c4b,United States,ios,Japanese,18-24,2025-09-27
24684fad-6d86-486e-b8d4-213307009608,India,android,Japanese,45+,2025-09-04
811e8ac2-c2b2-47f7-94c4-bc593b4af296,France,android,Portuguese,18-24,2025-10-15
ea60191f-b9e2-4252-a8e5-0256bc43a8af,Germany,web,Hindi,25-34,2025-09-01
70fef01d-d8b4-4bd0-901e-341b29af66ef,Germany,web,Korean,<18,2025-08-24
ce04cedc-da60-4e4b-8927-2de919553982,UK,web,German,18-24,2025-09-29
dc09d2b7-31e5-4f88-be2d-860087dea165,Mexico,ios,Chinese,35-44,2025-09-16
f51869d2-2161-4c5d-b9a0-49551c882450,Mexico,web,Chinese,35-44,2025-11-13
ecf54240-b75b-490b-94de-771975b717c3,Brazil,android,Spanish,18-24,2025-10-16
629d1a39-f3d9-4a18-bc96-89616c80365a,Philippines,ios,Italian,25-34,2025-09-24
e9f8efcc-2ea3-4349-9d0d-79b8b55e259f,Spain,web,Russian,<18,2025-10-16
233ee264-c4d1-4be2-ac15-560ed5ddf4c0,France,android,Italian,25-34,2025-11-28
3093abd2-823d-4f79-a8f1-2b5cdc9bfbe9,Indonesia,android,Chinese,45+,2025-08-27
63eeb6a4-a302-450f-9d93-ed4aeeed846e,India,ios,Chinese,18-24,2025-11-12
c0df5866-b798-4c18-9b10-a0134e359e6c,France,android,French,25-34,2025-08-09
d32a4c0b-fee4-442d-af3a-c526f5f656d0,Philippines,web,German,45+,2025-10-22
1f76cabc-844a-42e3-a05d-211b7050e5e2,Mexico,android,French,25-34,2025-09-22
7fb72bb8-c5b2-4a1b-8dee-9a6e09f28b7d,France,web,Spanish,45+,2025-08-14
39b54511-c036-4fd0-bad8-6f07bbd73a2d,India,web,French,35-44,2025-09-10
a2c1808c-8f68-4456-89f9-7a7b0e76f581,UK,ios,Russian,35-44,2025-08-15
789f942e-d4cf-4f39-a063-614910de346e,Brazil,android,Portuguese,18-24,2025-11-14
9d64fd0d-7cac-46e9-b42e-dfc0d6d3bdba,UK,ios,Spanish,25-34,2025-11-13
8202197f-83e9-4902-baa2-710c8d2d2ab4,Mexico,ios,Portuguese,35-44,2025-08-14
59234469-7b53-4e78-aeb0-5d095f5210df,United States,ios,Spanish,<18,2025-11-15
47973b91-6f66-4648-99c4-35dbaedaf968,Mexico,web,French,35-44,2025-11-11
bd7160e7-293e-4354-873a-b4847b7d94f0,Brazil,web,Chinese,35-44,2025-08-27
f9cdcacb-7952-4c17-bc12-7d4bda670381,India,web,Portuguese,25-34,2025-09-03
3c68f21e-112c-433e-982c-59160967c2e9,Philippines,web,Korean,45+,2025-11-27
6ad74d69-ffc4-435d-8dfa-b44c0953d425,Spain,android,Spanish,<18,2025-10-11
41e15512-ff1a-4c70-ade4-a9065a891621,UK,android,Italian,<18,2025-10-25
09f1d559-78bb-4ba5-9385-5ec926c463bb,Mexico,web,Hindi,45+,2025-10-25
470446ad-a866-4cce-ad87-a41d3a7e5a7e,Philippines,web,Korean,25-34,2025-09-01
a7a2ddfe-032f-4040-8a27-f92e00108f20,UK,android,Korean,35-44,2025-08-27
3196c8a2-68c0-4774-b741-7d3241e97b00,Mexico,ios,Japanese,45+,2025-10-07
abc14e46-fb41-4609-b0ee-5afa37feae94,Brazil,ios,Japanese,<18,2025-10-28
47ca8748-7799-4733-abc6-70ef2422f736,UK,web,Japanese,<18,2025-09-14
a3c54ecc-fdca-4ac8-a492-18df94926aea,Mexico,ios,German,35-44,2025-11-10
11038c37-9834-4bb0-a734-d465d8942b8c,India,web,Chinese,35-44,2025-11-18
09470df5-27b7-4c45-be11-66742bbef4e0,Brazil,web,Italian,18-24,2025-08-10
43b2e9c8-2f79-43d7-ba78-9324c04138f0,Philippines,web,Hindi,45+,2025-11-17
641450e5-6b6f-424b-9f7c-c89fe945a77a,Philippines,android,Russian,35-44,2025-11-08
e7b54a01-bb04-48e3-b540-a0d42861b415,Spain,ios,Portuguese,18-24,2025-12-03
3f9bca5d-52be-460e-af3d-35263b0a02c0,France,android,Korean,25-34,2025-09-15
34905356-31f7-4996-84f2-f58936e03372,United States,ios,German,<18,2025-08-28
16c5c690-5041-4021-b7f2-1240bf4d0004,India,android,Portuguese,45+,2025-11-01
a14309d9-2fe0-4902-b4f1-300439bb5ad7,Brazil,android,German,25-34,2025-12-02
85412dcb-63f9-414d-8f0c-1764d1ebc694,UK,web,French,45+,2025-10-06
5dd8318f-ae6d-4da9-bd85-92ef2c4f84b4,Philippines,web,German,45+,2025-10-01
2c63b14f-5cf3-473c-b7f8-d4048234d3b7,India,android,French,35-44,2025-08-16
bf98cd4a-5f1e-44c7-97d3-2b2e58253567,Brazil,ios,French,18-24,2025-10-01
c685d02d-9234-47ff-9d3e-5b7526b58d69,Brazil,ios,Russian,45+,2025-09-25
6dd56744-211a-4526-b0af-bf5ce2a98cad,UK,web,Hindi,25-34,2025-08-22
30954071-e3f4-4c57-9416-e90ab0f24e3a,Brazil,web,Russian,45+,2025-12-03
0bb0bd12-9173-446d-be07-497c6a568192,Indonesia,ios,German,18-24,2025-09-17
1204883f-0ec3-44c7-893c-e66519637762,India,ios,Chinese,<18,2025-08-13
e26aa347-e5e7-43aa-a7ff-4db92f2b8552,Mexico,ios,French,45+,2025-10-01
3cd2b283-cdae-4dc6-adde-e727660d0a55,Philippines,web,Hindi,25-34,2025-11-03
e27788cb-1466-4f47-9069-f6a73a7e9764,Philippines,ios,German,<18,2025-11-06
41d24204-67e0-4e7d-aeda-dd156029b170,Mexico,web,Korean,<18,2025-09-19
97872589-5c93-4cfc-804f-57a5cc832879,India,android,Hindi,35-44,2025-09-10
3c3fe878-1f58-47b9-855b-c25a388a0284,United States,android,Korean,35-44,2025-10-04
4c04bcbd-39cf-4900-8337-463b546e13c6,India,android,French,45+,2025-10-06
9275d20d-54b2-4aec-b6a5-dbc71d93ab7e,Germany,ios,Portuguese,25-34,2025-10-12
c55e4af5-c4fa-4c0e-a3a0-5addd78899d3,Brazil,web,Italian,35-44,2025-10-08
756b8897-5cdd-4fb7-8876-2bc04be3adf6,France,ios,French,18-24,2025-11-23
3bf4c43e-7e21-46b5-b4ce-62981cb51df3,UK,web,Japanese,18-24,2025-09-18
cbde0c7d-68c2-494b-8241-cfeaf4d2c49c,Indonesia,ios,Japanese,<18,2025-09-18
9a6565e9-be60-40c6-9a56-ea6ef9a5f6a5,France,android,Chinese,<18,2025-12-03
0236f78f-d530-4e4a-b530-358875f41dc5,Mexico,web,Hindi,<18,2025-11-02
1be5d3e0-38cd-4757-9812-ff5810d69a20,UK,ios,Italian,18-24,2025-08-13
f4977e52-d798-49d1-a911-dd46d489c579,UK,web,Korean,35-44,2025-09-24
c03545a2-647a-45ec-ac57-84382e60eef5,UK,web,Spanish,35-44,2025-10-29
061c8d28-deaa-4a96-a704-2e5c4470282c,Philippines,ios,Japanese,45+,2025-09-15
49c7cb3c-e051-45fa-a7e2-b41640ff732d,Indonesia,ios,Italian,25-34,2025-09-14
e5b5db4b-8cc0-4670-afc8-dff4c1991d78,Philippines,web,Chinese,18-24,2025-09-23
7e033e74-2ffd-486c-bc7f-0366713dd119,Brazil,web,German,<18,2025-08-21
8f988546-cb35-4bea-bac9-ab40a8f08944,Germany,android,Italian,25-34,2025-08-20
2f8c8271-c3d8-4a02-bb1f-5a98f66d8e76,Spain,web,German,<18,2025-11-07
2546a795-e562-49c6-bb63-e6eab85ca50f,Indonesia,android,Hindi,25-34,2025-11-27
7728958c-e12b-471a-8e5c-7cb30d77d652,France,android,Russian,25-34,2025-11-10
0deacd65-d7f0-49df-bc1a-d9a4cc90b760,Brazil,android,German,35-44,2025-11-15
992168d1-46fe-41fa-afd1-593668171c3e,India,web,Hindi,45+,2025-11-26
e88f5e28-c14c-4052-9039-7d5c08f5f58e,Mexico,android,French,45+,2025-09-11
3094443e-281f-434b-986e-a5d94a3a4825,Germany,web,Hindi,<18,2025-10-20
a59d465c-4ccb-42cc-8d9f-7efa5d2b6974,Brazil,web,Korean,18-24,2025-11-29
a0aefa37-c75a-4070-8ce0-54fe2aa77113,India,ios,Italian,45+,2025-11-15
cb438559-9d2b-45f5-a2ea-1593ac41f567,Germany,web,Portuguese,18-24,2025-08-16
01dbcef1-6a3f-475c-84d1-51bc2756b603,India,web,Russian,<18,2025-11-29
7e54c34a-30a6-480a-8fff-87ed73f57b9b,Indonesia,android,German,18-24,2025-09-09
455afa37-263f-4038-8238-2fb23b0eaa7c,India,web,Russian,25-34,2025-09-21
5ee323a2-6621-4516-8cbc-77174b6cab4f,Germany,web,Italian,25-34,2025-08-18
9bd3f90d-8584-4c4c-a814-00c2c24d1646,India,ios,Italian,<18,2025-09-17
5c4e1383-4df8-4153-8779-b4df1903d623,France,ios,German,18-24,2025-10-26
2d6c5787-aeca-4682-96f1-0334dc4c9f5a,Brazil,android,Chinese,18-24,2025-10-22
fffc8da1-f764-4c20-ada4-c8c53ac6f697,Germany,android,Portuguese,<18,2025-08-08
4a6fdb9f-3144-42b2-926c-a0cea15ce191,France,ios,German,45+,2025-11-22
5b43b999-4e15-4dc4-909c-5814ffbbeaef,India,ios,Spanish,35-44,2025-11-27
f9f2be44-efe7-48d2-b010-f8f85fece3a2,India,web,Russian,45+,2025-11-20
844cc73c-91fd-4d8c-b0e9-775dfa8c2c8d,UK,android,Spanish,35-44,2025-10-11
2a1bd705-8b92-4b6d-ae50-00d5c13dbe81,Germany,android,Russian,18-24,2025-11-11
535829a4-91b8-453a-acfa-7046818164ea,Indonesia,web,French,35-44,2025-11-13
0ae63dc7-94ed-40af-aee6-aaab6c4513c6,India,web,Russian,35-44,2025-09-08
846bbd97-29a1-467f-b607-b2283433ce51,Mexico,android,Italian,18-24,2025-10-28
798abf97-a11c-4944-91cc-d5e2574356f0,Philippines,ios,Hindi,25-34,2025-09-16
20cadb6f-220f-4e88-98c3-4b0ecd7113e0,Spain,ios,Spanish,35-44,2025-09-10
c2060fa9-9754-4ea1-a7da-285d9f263f52,Philippines,web,Spanish,<18,2025-09-06
bfd8e6f3-12c6-4d19-8d21-1429553b7d62,Indonesia,android,Japanese,45+,2025-09-05
d41fe0b2-86db-4616-bcdb-36bfa095e161,Brazil,web,Russian,18-24,2025-09-18
02705c64-9160-4e19-a4e4-cae9b31d9d35,United States,ios,Portuguese,18-24,2025-09-21
f706778a-28c5-4d0a-ad36-9c9324a2999a,Mexico,ios,Korean,35-44,2025-08-25
bc849de6-2dbb-4c52-bce6-340a68226737,United States,web,Spanish,25-34,2025-09-23
3d4f67fd-b789-4876-b372-3337f5804783,India,ios,Russian,25-34,2025-11-11
6813b190-174f-4e30-9792-171b3661df6b,Brazil,android,Italian,45+,2025-10-06
7a6d2061-ab2a-43be-a635-dad0da9e6a61,France,web,Korean,45+,2025-08-30
101bda61-fdd9-4656-be45-c1785c0b50cb,India,web,Chinese,25-34,2025-09-20
f9f89ee5-9d7b-4b08-9de8-5d31fbed12fb,United States,web,Hindi,25-34,2025-10-18
7ef36f29-47b8-48bc-a74e-c9484a2c11aa,India,ios,Russian,25-34,2025-08-06
9c30f396-c17b-43ae-b7a9-38f26d4cf034,Spain,android,French,35-44,2025-11-29
2e068b2b-6e8c-4052-81aa-086a60612230,UK,web,Korean,<18,2025-11-22
62ac8175-a0e3-4c06-8c7a-6d52b5af608f,Spain,web,Chinese,45+,2025-08-27
5967872d-fe12-44ba-b7d2-1509fdd3ce5b,Brazil,ios,Russian,18-24,2025-10-26
200c6b47-06b1-4718-9f44-42a8499f6801,France,android,Russian,25-34,2025-10-23
3133c8c7-fd59-4646-aceb-b66ca2f3e6eb,Spain,web,Korean,25-34,2025-10-17
23aa5018-bd2e-4c21-b2f7-acd07ee9d224,Germany,ios,Korean,<18,2025-08-11
cefbd01e-f010-4535-ac1e-c193efadcc9b,France,web,Korean,25-34,2025-10-16
580e1375-118a-4c87-bb76-41565b27f8b4,United States,ios,German,45+,2025-08-21
201a0272-85e4-4f93-a860-36476b4cc74e,Spain,android,Hindi,25-34,2025-11-25
488c8555-4f97-41d5-aacc-afb13f4ae705,UK,ios,Spanish,<18,2025-08-28
a9f5a8d9-8639-4598-884f-85a0e8add1b2,France,web,Korean,35-44,2025-10-10
fe486c4e-975c-4d90-aad5-d99f93510450,India,web,Korean,45+,2025-08-18
f6fb2c7c-398b-44db-b208-761b12bac4a2,UK,ios,German,35-44,2025-09-24
483f5354-a389-477f-b2ac-1b9e2aea36ad,India,android,Italian,18-24,2025-11-25
20b284ca-4a8a-4027-af93-3a4c6c1402cd,Spain,android,Chinese,<18,2025-10-27
cfdf4adc-0f1d-4697-9714-f5d7579c4511,Mexico,web,Portuguese,18-24,2025-10-04
ffbb6c37-fb51-416d-ab9c-5b620d5fedde,Mexico,web,Russian,18-24,2025-11-16
bddb4d5b-c1dd-4995-82cb-d7880b56a740,United States,ios,Russian,18-24,2025-11-18
ad937c07-4742-4fe1-a687-4c3fbbf7e876,UK,ios,Korean,18-24,2025-09-06
b965a069-3dbd-4fbd-a627-17a0b9838b9a,India,ios,German,<18,2025-08-15
dc0c74c9-9422-48b8-8ed6-06ac29af9471,Indonesia,android,Hindi,35-44,2025-10-29
56d5df93-0903-45b2-bc5b-c07c5fe68846,UK,android,Portuguese,25-34,2025-10-22
f9381a9e-c765-433e-a078-18cffc08c8c8,Germany,web,Italian,18-24,2025-09-27
b7207cd5-926b-41b3-81c8-61d08395de61,United States,web,Japanese,25-34,2025-10-12
ab51bd8c-eed4-4c9b-8ff8-f2707ed93d7e,Philippines,web,Italian,25-34,2025-09-27
a14b16dc-6077-4ec5-96d4-f9a8e3a3302c,Philippines,ios,Japanese,18-24,2025-11-07
78cb1c1d-83aa-4c14-a1d9-c6588e019623,India,android,German,45+,2025-09-05
a96d33e4-9a9a-42ce-87db-851d1860b6a7,Mexico,web,Hindi,25-34,2025-11-07
8cd46105-8814-4e05-9cbe-a1cded735bf3,France,web,Portuguese,45+,2025-09-16
39442e69-5dad-4e18-aadd-88c94ea70eac,Germany,web,Japanese,35-44,2025-11-26
19b3d1e7-258d-4b24-ac0c-990ec4a4705f,Philippines,web,Korean,25-34,2025-11-20
f820ec30-414b-4f1c-aca6-cd14b35e5fe0,India,web,Spanish,<18,2025-09-21
42c30505-265c-467c-8bbb-74f449f60938,India,web,Spanish,35-44,2025-09-01
e8a57f10-2362-4ec2-991a-6365aa65a4e2,Spain,android,Korean,35-44,2025-09-14
d777eea0-688e-4af7-872d-691d2586ac09,Mexico,web,Hindi,45+,2025-09-27
d4e3a65a-4884-4f5a-92e1-d4bc5017804a,UK,android,French,18-24,2025-11-22
27805cd7-f08c-4765-a966-7a859c5f8fd5,France,ios,Russian,<18,2025-10-03
a91a1f68-1839-43fc-8e43-73428f4607bb,Spain,android,Italian,<18,2025-09-02
b8873250-c589-487a-ad0c-acc52014abcd,Philippines,ios,Japanese,45+,2025-09-06
6549bd4e-1089-47b9-afda-eabec06cb8ea,France,android,Spanish,45+,2025-09-17
0cb8df26-5e61-400f-9917-9e81f8de493e,United States,android,Korean,35-44,2025-08-06
ea21df84-661f-44f5-8c25-5f50f5af877e,Mexico,web,Portuguese,45+,2025-08-25
45e13e70-7a7e-4abc-8d0b-84297db62a95,Philippines,android,Portuguese,18-24,2025-09-04
7d4b8f8f-1f0c-46b7-8d41-e8f5153863ed,India,android,Japanese,35-44,2025-10-28
31afca42-4afc-48bd-9173-044336512699,Philippines,web,French,35-44,2025-10-10
f04fd42e-4c38-4383-9aff-6c65db553e6a,Indonesia,ios,Chinese,35-44,2025-09-17
8ad19e0b-7509-435a-ad6e-d70be29dd8a2,Brazil,web,Chinese,<18,2025-08-17
4db7d32e-6c32-400f-bdec-22366d673fc1,Brazil,web,German,<18,2025-10-24
6efc4916-f64a-4782-8450-bfa3e74a96dc,Philippines,web,Hindi,35-44,2025-10-31
bac5902c-d44c-4958-a949-6ee176a43525,Indonesia,ios,Hindi,18-24,2025-09-27
488903b8-a7ba-4988-9ed0-cdb74fd31e13,Philippines,android,Italian,25-34,2025-09-21
14983d82-ed27-4059-861d-430a0de545e7,Brazil,android,Italian,35-44,2025-09-15
598b96cf-181e-4d8f-ac7a-a950978ae437,Spain,web,Chinese,45+,2025-10-19
34844720-a9fe-4109-b69a-2e4bdeeef195,United States,web,Japanese,25-34,2025-08-07
636bd21c-794f-4440-b6b0-89d0cf75bd4f,Brazil,android,Spanish,<18,2025-11-17
98afffff-75e1-436c-8392-2e7290a33b75,United States,android,Spanish,<18,2025-09-16
8b72aef5-44c3-40af-b1c7-2c61091f0313,India,android,Korean,25-34,2025-09-22
cef9ad6e-d4e0-43a3-a67e-36e43c5c6cf7,United States,ios,Japanese,45+,2025-10-01
7547ae84-ebc1-40e1-9153-287c744dab99,Spain,ios,Spanish,<18,2025-09-28
bfca430e-d0c4-47e8-8aed-9db5c2d6b6d8,Indonesia,web,French,<18,2025-09-01
1c6a4dc9-aa20-4101-8313-eaa884f04ecd,United States,ios,Russian,35-44,2025-09-14
f85581c9-7c0a-4a6b-a6c2-9e57a2b0d0f4,France,web,Hindi,18-24,2025-10-01
53656bfc-2529-4bdd-9ae8-75cd8465622a,UK,android,French,45+,2025-10-01
855f3c9b-caef-42c0-afe4-e3db02e1a817,Brazil,android,Spanish,35-44,2025-08-22
0676d984-89c2-4d47-8cf0-a6a9468594d7,Indonesia,web,Russian,18-24,2025-11-10
a6ab576f-0bae-429a-b3d4-8651a632677c,Germany,android,Korean,<18,2025-08-12
fda27b70-84a1-45e8-a203-81442f19f5ce,India,web,Italian,18-24,2025-09-16
ff577129-0003-423c-ab41-5ae446a6577d,UK,web,Japanese,<18,2025-11-04
43367cc5-5eca-407f-92e1-e4d667635868,France,web,Japanese,35-44,2025-09-04
95f604b8-e22d-4930-906a-75b258da4b33,Mexico,ios,Spanish,<18,2025-10-27
efc53d2b-0434-4ed7-a3ce-0ff9d2fccab4,Spain,web,German,18-24,2025-11-09
616aa06a-f538-404a-88f6-7798b9e4285a,Philippines,web,Spanish,35-44,2025-12-03
8689d588-7d3f-44c0-a5dc-400b0aa286ac,UK,web,Italian,18-24,2025-11-18
8287794a-3f5d-4900-81ab-2246fb38ccbb,Indonesia,ios,Italian,18-24,2025-11-30
9e955f5f-0fe6-4e55-8363-5007012c59a9,Indonesia,android,Korean,25-34,2025-10-05
88a7bc22-3d6e-45ed-8627-9556c92a8c33,Indonesia,ios,Chinese,<18,2025-09-14
a16e182e-5bc3-4257-89cf-dfa048e4e08c,India,web,Italian,<18,2025-08-24
1c3fefc8-b4b2-4ee3-86ac-b1555efd20cd,United States,ios,Italian,18-24,2025-11-18
1458f75b-6433-44ab-b3dd-08cfef9a95f6,Brazil,android,Hindi,<18,2025-08-31
b3987e82-f6c4-44ec-bf5d-3b89c76187aa,Mexico,android,French,45+,2025-08-17
ab8f64d3-a303-437d-9b15-e97ce8ac5e06,Philippines,web,Hindi,<18,2025-11-07
2f6e4769-7a79-4cd9-bb35-23d1a57001c5,Indonesia,android,Spanish,35-44,2025-08-23
2ce9b673-c4aa-435a-8e6d-c613e14fded5,Philippines,ios,Italian,<18,2025-09-16
659e4d2d-fa28-4fdf-ac45-91256de62c77,Germany,ios,Portuguese,45+,2025-10-11
cd5f7c3a-95cb-4ffe-8299-0b643ae971be,India,android,Russian,18-24,2025-10-12
bf26f6bb-b528-4680-91cb-d97c672a6828,Indonesia,web,Spanish,<18,2025-11-28
747d0145-d285-4989-a0b8-013035fb4195,Germany,web,Korean,35-44,2025-10-22
e847fadb-9dd2-43ca-919c-725fc4c957fc,Mexico,ios,Korean,45+,2025-10-20
c8bf0797-bf3b-4f3e-8083-072f2413662a,Mexico,android,Spanish,25-34,2025-09-23
76e073c4-d735-4f6b-818e-3b201e717e77,Brazil,ios,Japanese,18-24,2025-08-22
1ca52465-2fea-4de5-9357-9683a3a73827,France,ios,Chinese,18-24,2025-09-13
60393fbc-5c6e-4ef9-b662-1ac25096c8c9,Brazil,ios,French,18-24,2025-11-06
a1cc0094-55b4-4ca4-9858-c46711d9344a,United States,web,Chinese,45+,2025-12-02
518d3dbd-2224-45d5-9e85-f71d6c4ed561,Philippines,android,Russian,<18,2025-09-13
ca70e809-b27a-4fbe-ae87-dd3da89bdc00,Spain,android,Korean,<18,2025-11-08
b7583c98-1289-4c94-9ef7-f447b3880fe7,Mexico,web,Korean,<18,2025-09-06
a0a6c833-94c1-4b4b-b907-d5576d963297,Spain,ios,Spanish,<18,2025-10-28
ae887ebc-e549-4025-b985-56f40b5a909f,India,ios,Korean,18-24,2025-11-01
69cfc15f-9a3b-4ca8-8a5e-eeab3c1472e9,UK,web,Japanese,25-34,2025-08-24
f0767448-1473-4ab3-bb9a-90bd253afe65,Indonesia,android,Chinese,18-24,2025-11-25
f555200f-6d56-408a-ad8b-fec3d1361421,India,web,Korean,25-34,2025-10-25
a3860579-ab75-4ed1-a7ee-cbd50914e87c,Mexico,android,German,25-34,2025-10-26
737fb960-861d-4bce-ac01-eea3985e1d01,Germany,android,Portuguese,<18,2025-09-30
f3fdbeae-1d33-4837-add4-10c2f318d6db,Philippines,android,German,35-44,2025-09-24
beb5da71-d12e-4806-bd71-e93ccbcb4da7,Spain,ios,Spanish,45+,2025-10-23
f635e5b1-d829-4167-a5f5-6ce9651176b6,Brazil,ios,Russian,35-44,2025-08-27
58f0d9ac-31de-4711-a957-69cf47b26b1c,UK,web,Portuguese,25-34,2025-12-03
9e72a4c2-bec7-4d1d-badd-a91ed9982488,France,web,Italian,35-44,2025-11-19
f808b89a-bc05-4439-a799-07c531f243bb,India,ios,German,25-34,2025-09-07
2c416089-bc75-468e-8ce3-3c4f09bce4cb,France,web,Japanese,18-24,2025-10-22
e2215835-3b72-4a83-ac68-fb95b8cc1ba3,Spain,ios,French,18-24,2025-10-21
a198254d-84af-47fd-9524-384ad600f389,Spain,ios,Russian,<18,2025-10-14
4efb0315-c03f-4ff0-8594-e8560ba379bd,Indonesia,android,Russian,45+,2025-09-02
25ac3e29-f522-4eff-9e35-af6c92d6aa42,Germany,android,Japanese,18-24,2025-09-22
816c25e6-0ab0-4c4d-b9fe-b3e241f95875,Germany,ios,Japanese,45+,2025-09-16
ce3383f9-f632-4a1e-946f-457e1fd3e152,United States,android,German,<18,2025-11-30
589f36ae-049f-4442-96fe-4134243843bd,Brazil,ios,Portuguese,45+,2025-08-19
f31a83b2-5f0b-4368-bab2-1d0a149e6cc3,Mexico,android,Spanish,18-24,2025-11-11
0aa32f6e-6a3d-436b-81bb-347ae3e01c73,Mexico,web,Korean,18-24,2025-11-09
279cfae4-bb7d-4eea-b209-275f8761f893,Spain,web,Russian,35-44,2025-10-22
c939b75e-9e30-4b2c-b912-5ac59eb1fbf9,India,ios,German,35-44,2025-08-19
cb617283-9aec-4f35-bff7-2c03b64a07a6,Philippines,ios,German,35-44,2025-10-21
21850830-2412-4e96-ae40-46e8f4530cd7,Mexico,android,German,45+,2025-08-07
efc2a9bc-379e-4650-89bd-b286b497c24f,Mexico,android,Hindi,18-24,2025-09-08
4b475688-c534-4764-bcdb-c29d5969233e,India,ios,Chinese,<18,2025-10-03
6ae316ef-66b3-46af-a0e2-9dedb621a056,Brazil,web,French,25-34,2025-08-08
d59c73a4-09a7-41fe-a62a-3aece7f6dbad,UK,web,Spanish,18-24,2025-10-04
c9b669b3-7596-49ef-bba4-9e0923a546d6,Germany,ios,Italian,35-44,2025-08-23
83674507-34cf-41f1-9ef9-f9f36441c158,Indonesia,web,Chinese,35-44,2025-11-29
ce5a6a59-4e39-43fe-a725-e0bf6d5d58d4,Indonesia,ios,German,45+,2025-09-12
a6564516-ad58-48c3-840d-4af654d7f888,Indonesia,android,Portuguese,35-44,2025-11-16
65070079-9c4e-4229-a7b6-6340245d8f7f,India,web,German,45+,2025-10-03
d5aece6a-b2e9-4629-8e2f-a78c3660a3f4,Indonesia,web,Portuguese,<18,2025-11-14
3ecf3ad2-c467-461d-9c0a-f3c1cc4edf77,Spain,android,Japanese,35-44,2025-09-14
61dd6a7a-5951-4098-b77a-572ac1f2de0a,United States,android,Hindi,45+,2025-10-06
e503495a-1100-4145-a050-bc3abb2b001c,India,web,Russian,35-44,2025-08-11
5142525c-2317-4109-8824-6b6a953ed99b,India,web,Spanish,45+,2025-08-15
b7d5e355-cb9f-4862-8d5c-11f421ab292b,Germany,ios,Spanish,18-24,2025-09-26
451d3a51-52e3-44c2-8bfa-e891a29cc515,Indonesia,ios,Italian,45+,2025-08-11
95ddd8d7-56c5-47af-95ac-bb6c5a460f5e,France,web,Korean,25-34,2025-10-22
d2142707-8759-4d29-b33f-9e7638c8676e,UK,ios,Italian,<18,2025-10-05
cd69e149-868d-430b-b2e8-f2b27e4fc1d9,United States,android,Japanese,18-24,2025-08-25
1b5c0c4a-d912-4323-b9bd-a33d4bdde300,India,ios,Chinese,<18,2025-08-21
06a255a9-b7c5-4ced-a6d4-72a8d94d4b16,United States,ios,Italian,18-24,2025-10-12
14161a4f-d2ca-42e4-87c7-40a590f499c5,India,web,Spanish,35-44,2025-08-07
0cd290c3-8416-44eb-97db-397519b05641,Brazil,ios,Hindi,45+,2025-08-30
9e9ae671-7ba3-4569-8e46-e473fcaf4da1,Germany,web,Japanese,35-44,2025-11-26
dfdcaa38-2d91-4879-aed9-70686bd66425,Spain,web,Russian,<18,2025-08-19
3f3a3fab-424e-4416-b41c-65b9e0dd9994,Brazil,web,Italian,<18,2025-09-28
38cf54d5-bcae-4548-a87c-6b437e87e6a0,Philippines,android,Portuguese,18-24,2025-10-26
a64a79a5-a00d-4197-9f37-194932055c4a,Indonesia,ios,Hindi,<18,2025-09-22
9738733f-cf2d-4b2b-9da3-a7b5019893ae,Philippines,ios,French,45+,2025-09-02
6716fb85-4a06-4baa-b63e-e4150ab5d4b2,UK,ios,Spanish,<18,2025-09-08
a2a7d998-96b8-4f6b-a721-bef24a2179dd,France,web,German,35-44,2025-10-24
e1125705-a28f-4c3e-b4a5-ff4497a2f1d8,Spain,android,Russian,45+,2025-09-23
a3492f43-53a5-4eb6-9457-309d872da696,Brazil,web,Spanish,<18,2025-09-26
69b31739-c222-4ebe-a10a-60832eba6707,United States,ios,Japanese,25-34,2025-12-01
6594f52a-1c31-4ab3-9c46-8fabb5fe35a6,United States,web,Portuguese,25-34,2025-11-07
76f576b8-8c1b-45e0-8cd9-e961e4039249,UK,web,Italian,35-44,2025-09-21
1afe11e5-c037-492a-9318-f7aadb2136d2,India,ios,Japanese,18-24,2025-09-07
c2bbcccd-2a7d-41ea-a642-b1fc83504d3f,United States,web,Hindi,18-24,2025-10-22
73e0e3d9-c7b5-4e69-9159-950eab28ea65,Indonesia,web,Portuguese,<18,2025-08-23
4a0a8af1-3448-4b6c-a49e-2e1af6a6637b,France,android,German,45+,2025-08-08
fbbb44b7-b9b3-4e0f-9db1-bf7f1c85e895,Germany,web,Korean,18-24,2025-08-12
8f6294c6-abf4-4d91-a365-d6b7f8e505bb,Indonesia,android,Italian,25-34,2025-08-24
c6153bcf-de9b-470b-91a5-2def3bcbf9a8,France,ios,Russian,18-24,2025-10-19
c7c9851e-e831-4476-8582-2dc8772b897b,UK,android,Spanish,25-34,2025-11-25
77c6ee11-6bdd-46b3-a5ef-fe43cad3ac53,Indonesia,web,Portuguese,18-24,2025-11-14
b62354fb-9c25-49f6-89c5-5902ea892f42,Germany,ios,Italian,35-44,2025-10-29
97b5d88e-209f-417c-bc23-8a3c7e80b9d5,Germany,web,Russian,45+,2025-08-18
937f9d11-9da8-4095-a873-68bdf41e77d3,Mexico,web,Chinese,<18,2025-11-30
b5244933-1791-42bd-8bf8-9a2c5e6714e6,India,android,Japanese,25-34,2025-10-21
9769885c-cedf-4fee-be9b-afcb132753c5,UK,web,Spanish,18-24,2025-10-16
52359526-1402-438c-a8f9-075f09a61a6e,Indonesia,android,French,<18,2025-09-14
839e12b5-891a-4ef4-9e5e-d3386c86fcb5,Spain,ios,Chinese,25-34,2025-09-26
aa5e804f-a6ac-46c7-af36-f7b8daf9bc14,Spain,ios,Russian,25-34,2025-08-18
e8fa3d10-d9b9-4710-8b79-8e6698abff5f,UK,web,Chinese,35-44,2025-11-12
ed99bf39-eb56-4076-86d8-1e38abbd5548,Indonesia,android,Italian,18-24,2025-09-21
fe9071de-60f1-4f0b-97c0-3c2bf2c15e4e,Brazil,web,Portuguese,<18,2025-09-17
3e47fd94-d490-4600-b9ec-ea30e20ec474,Brazil,web,French,18-24,2025-10-15
db02589f-6695-4c92-83d2-65581920f552,India,web,Korean,18-24,2025-11-10
d5461df6-523d-4cea-94c1-f5f4cdaf39f8,Indonesia,web,Portuguese,45+,2025-09-18
bae945be-929f-41b5-b4b0-cf002aa836fc,Germany,android,Korean,25-34,2025-11-19
6d673871-93bb-4361-aa8f-62234082fae0,United States,web,Russian,25-34,2025-08-15
5bd552e3-920b-401f-b06f-c183264805fb,Spain,ios,German,45+,2025-08-25
0bbaa6d9-f8f5-4c8a-9c3d-c4fc12430054,Indonesia,android,Portuguese,45+,2025-08-29
2004fef5-8b9b-4842-85ee-04c7e29257c6,Indonesia,web,Russian,18-24,2025-10-25
6cc35f7a-192e-45cf-8155-05f08b51d6cb,United States,android,Italian,25-34,2025-09-04
3901e215-cd44-40a1-93e9-2fb109170b30,United States,web,Korean,<18,2025-08-16
7eb5df44-b4e0-4e53-9f78-f95653fdeab7,France,ios,Russian,35-44,2025-10-24
d52c0deb-156d-4edf-9b9e-e361233b0de4,Mexico,ios,Spanish,45+,2025-09-04
82fdd5f7-8576-429f-93a1-cfec992f155d,India,ios,Korean,<18,2025-11-29
5f906d1e-d074-4fd9-8f91-a55f36737661,Spain,android,Italian,<18,2025-10-30
3039f459-92d7-4644-b68a-d5140c8c68e6,United States,ios,Spanish,18-24,2025-10-12
43142853-9029-43f9-b2fb-14693ec43031,Brazil,web,Russian,45+,2025-11-22
d498d0a4-f164-406d-94c7-268914d4506b,UK,web,Chinese,<18,2025-10-01
ba9da5de-d35f-4d68-9867-39af64d41dfc,Brazil,web,Hindi,35-44,2025-08-13
c737cc2e-2464-4a63-b2cb-312a61e5f0ab,France,android,Portuguese,<18,2025-11-03
c955f1cb-5a2c-4e5d-86be-4b43e6f93bf4,France,android,French,35-44,2025-10-17
78e0a7f2-ab08-40a5-866e-b5c90b300b82,United States,ios,Italian,35-44,2025-10-07
55caf713-49ea-4a17-bae0-48f230a345c3,France,android,German,35-44,2025-08-19
d267be3a-e200-47ec-ae25-87f7ff2f8f85,Germany,web,French,45+,2025-10-26
9c3e1962-949b-46c3-a18a-aa92a0960496,Philippines,web,Russian,35-44,2025-11-06
8d58083e-5585-49b8-a625-7daa4b4e526a,Indonesia,web,Spanish,45+,2025-09-27
447023fe-3813-4a3b-84c1-21a5edfa368c,Indonesia,android,Korean,<18,2025-10-26
de67ff51-7872-4cb1-a446-8b8807013e85,United States,web,French,35-44,2025-11-11
9bbd9c5d-d5b9-4b03-b077-b3f4ffd90042,France,ios,Spanish,25-34,2025-11-19
43276ef7-1514-4eb1-ab6d-8f5e3aacbb53,UK,android,Hindi,<18,2025-10-17
b514dba3-5021-4475-84a4-cbeb94c12d29,Germany,web,Korean,25-34,2025-08-25
fcc48937-b2e9-4bac-94f2-d9c74f298bd0,India,web,Portuguese,25-34,2025-11-29
928220b8-ec99-47e5-b7c4-016c31be78c2,France,android,Chinese,18-24,2025-08-26
c89fc0e5-843b-4a34-971c-b70eeae3ff47,Germany,android,Hindi,45+,2025-11-08
d7007763-4414-4e7d-b42a-48920b14e764,Mexico,ios,Korean,18-24,2025-08-09
521a0f6b-cecf-4951-8b2b-18e0e2526d69,India,android,Hindi,45+,2025-11-22
7e3519f1-26a1-43cc-9301-79a9d8be9182,Indonesia,web,Portuguese,18-24,2025-10-08
65e36b34-d683-46d9-b33b-9659a987b1a3,Mexico,ios,Spanish,<18,2025-09-30
a532c422-bae9-4088-8142-727aa5555cb0,United States,web,Korean,25-34,2025-11-30
360db0e9-83e9-4dd3-b4f0-18fe2b8bb951,Spain,web,Russian,<18,2025-08-23
466a5661-42f4-4a40-a5af-830924be3791,United States,web,Italian,45+,2025-10-03
ae10debc-4065-476c-b671-22dc53638a84,UK,android,French,25-34,2025-08-10
e3c6c100-9424-488d-89fc-2603f0d6e9e5,Germany,android,Chinese,25-34,2025-09-30
87d8b18f-f544-4646-a521-0dbae9080615,Spain,web,Japanese,45+,2025-11-14
ba54b438-081d-4c60-94fb-8bfc5cc41664,India,android,German,<18,2025-11-09
fae386ab-3847-496b-9c43-4bfeadcf0de3,India,web,Spanish,25-34,2025-10-21
e8a03e27-328a-4bb4-8714-93396a69d753,Mexico,android,Italian,<18,2025-08-07
54d78f63-7b54-4c51-860f-b8d222cc2379,UK,android,German,<18,2025-10-03
85bc9e3c-6007-4fc9-833a-bdbbd76a9505,Indonesia,android,Japanese,<18,2025-09-01
075a4c12-b4e4-4444-8795-321786ec4ab9,France,ios,Korean,25-34,2025-08-14
15370259-b101-4024-8cf9-ea97565e49fa,France,android,Hindi,35-44,2025-09-27
008802b5-1a98-4e21-b1d0-2b7e8ca4ccf7,Spain,ios,Italian,18-24,2025-10-25
5a73a449-d01d-4032-9611-55f93c1d192d,UK,ios,Chinese,45+,2025-08-26
7ee1e808-4e6e-4f88-83ca-18efcd73f282,UK,ios,Portuguese,<18,2025-10-23
bbc50e3d-e1c6-42a2-b248-2b926eb683a0,India,web,Russian,25-34,2025-11-15
a1e37a6a-0da7-49af-9dfe-0b8bee6b0257,Indonesia,android,French,45+,2025-08-27
9455621a-eba2-4da4-851d-77359a216518,Germany,web,Hindi,35-44,2025-08-14
0fff1519-7bfc-4838-a38a-c403c0751349,Indonesia,ios,Spanish,35-44,2025-11-21
d650d6d4-1bc7-4b07-b8cc-1e08788e4c7e,Brazil,android,German,25-34,2025-08-20
cfd8971e-6586-492b-b964-3393c90f294b,UK,web,Spanish,<18,2025-08-05
090481f2-e12c-4609-a670-fc4aa2ff57ce,United States,ios,Spanish,35-44,2025-09-28
281688d6-19a3-456a-8619-2e292c8a4059,Philippines,web,Italian,35-44,2025-09-08
2666d522-7054-42ff-9a98-d696bf3abc75,UK,web,Portuguese,35-44,2025-11-17
2a835276-3544-4d7c-bfb9-12eeb5389be1,Spain,android,German,25-34,2025-11-07
01a16443-c895-4b2f-9fea-ba545f889d82,United States,android,German,45+,2025-09-02
5680d9d6-81c7-4438-bcbc-c1474255b2e7,Spain,web,German,18-24,2025-11-29
81e6f429-6037-42ae-9bd2-b13ba5834494,Mexico,android,Spanish,25-34,2025-10-06
68a215a0-56e9-420a-b0c6-bfea386eb0ea,Philippines,android,Italian,<18,2025-10-15
3f8f77c8-e742-4039-8261-9b1a406d6e01,Philippines,web,Spanish,25-34,2025-09-03
ca91be23-5d37-4c22-9603-a4c34dd0e8c7,India,android,Russian,25-34,2025-08-15
d2d18006-650e-46fe-9136-36622c925845,UK,android,Russian,18-24,2025-09-28
7e9e6696-aeac-494f-bf8d-72b81b2f7983,India,ios,German,18-24,2025-11-19
abe8da69-0e14-429b-9f22-2fc0d182d802,France,android,Portuguese,18-24,2025-12-03
157ed7b6-e206-490c-aab4-284b86615766,Spain,ios,Portuguese,45+,2025-10-25
173e247b-cf1d-4396-889d-a7b7847827bc,Brazil,web,German,25-34,2025-08-06
29f44dd2-0e0a-4bec-bdec-a68cd1aec308,Brazil,ios,Korean,<18,2025-11-28
2d42bc1f-aea9-4ce9-a467-2f3d723eacfa,France,web,Chinese,18-24,2025-09-07
10070d3a-ff36-401b-a9e5-ace36ecc2cd8,Mexico,android,German,18-24,2025-08-17
13d2dfbd-50ba-4e3d-948b-02baf1e7cd2b,Brazil,android,Italian,25-34,2025-09-18
45e2fb48-d165-4e84-bab2-8e1c75f7d695,Spain,ios,Italian,<18,2025-08-14
2f65a6f8-6194-4344-8609-2c94432925f3,Brazil,web,Italian,18-24,2025-11-22
8b651ab9-f5f9-4d41-b144-9e9d0b3a2dc4,France,android,German,25-34,2025-10-22
e899a467-fcf5-4036-87cb-735adcdaea5f,United States,ios,Italian,35-44,2025-10-05
328b64b5-7760-4c36-9b8d-28eacf0ccd7d,India,ios,Italian,45+,2025-08-12
876d3a46-7650-4f88-ba23-f02b7e50d23a,Germany,ios,Japanese,25-34,2025-11-28
cb50f948-60e7-4b6e-96d8-987b14c214bc,Spain,android,Japanese,18-24,2025-11-20
620d9728-a9dd-4d96-8b34-d9ae8b291da7,India,web,French,<18,2025-09-28
e436d7a5-d963-4d3f-ba5d-44daca3b9d12,Philippines,android,Korean,35-44,2025-08-27
63ec8f47-7c10-4adb-9295-cae07a2ab0a0,Indonesia,android,Hindi,<18,2025-09-10
658ef688-73e3-4fab-b095-c7fe045aa943,Brazil,web,Spanish,<18,2025-08-30
19b51812-9804-4922-bf9c-f900ea809cfe,Brazil,ios,Italian,<18,2025-10-25
01a1ddf2-5164-4906-9c08-8e00f3987be5,Mexico,android,French,25-34,2025-12-01
39859892-ddf3-4cfb-9227-3898cfc58935,India,ios,Russian,25-34,2025-09-21
607b34fd-d2d4-498a-9682-eb81a618bcaf,Indonesia,ios,Portuguese,45+,2025-08-28
b5021164-e92b-453f-9559-1bd0bcfa17ea,Brazil,web,Hindi,35-44,2025-10-25
0bb91cd8-2f9a-4b9a-8d99-be319651b01a,Philippines,web,French,<18,2025-09-13
ffebe253-eecc-42dc-bc98-486e6a40cd80,Mexico,web,Portuguese,18-24,2025-08-11
09122250-a110-453b-9631-cd1eca33b3cb,India,ios,German,<18,2025-11-07
1f157666-0b2e-430e-9ea3-e1cfcf15f769,Mexico,ios,Korean,35-44,2025-10-23
88096075-ec5d-4b6f-84ca-2d99dabfacfd,India,android,Japanese,<18,2025-11-08
7b6681b6-1ba3-43b8-8981-5a42fc487dbd,UK,ios,German,25-34,2025-11-09
2fe81ad7-5bf2-4cd9-8402-2ac20132d1d5,UK,web,German,25-34,2025-10-28
3b92c9c5-9711-4fde-a713-267f22d6b080,France,web,French,35-44,2025-10-29
bbff03dd-f9b1-4952-91d5-55af5f848f03,Spain,web,Korean,45+,2025-09-26
fe315d36-e64b-44e2-8cf6-2c97cb7b1641,Mexico,web,Chinese,<18,2025-10-24
7e59b26e-d30d-4979-8ba9-327525970957,France,ios,Italian,35-44,2025-08-27
f7b71158-04d9-4f04-ae89-c38d70e580b1,Mexico,web,Korean,18-24,2025-10-08
b8c5a9e0-2598-4496-8fb1-0f61209321a9,Brazil,android,French,18-24,2025-09-09
7765aad3-4e57-40be-8ca9-0d06b20f6e42,Germany,ios,Portuguese,45+,2025-11-18
66b89c71-a585-4464-915a-c68450744bd0,Mexico,web,Hindi,25-34,2025-10-30
2575f101-d228-464a-b971-f36c996f688d,Brazil,android,Portuguese,35-44,2025-11-14
c5a44dfd-deed-42a7-a529-febc2d6df629,Indonesia,web,German,<18,2025-11-13
1750e616-5d92-441a-bb4c-9444f0b0aa37,UK,ios,Russian,35-44,2025-10-29
96962e46-2036-4e45-ab75-09b8ef8732d4,France,ios,Russian,45+,2025-11-19
b7389c69-6239-42b0-ad66-c9e9ce5cf248,Germany,android,Russian,35-44,2025-12-02
aaac7639-649c-4b5f-b66c-aadc1ce5245b,Philippines,ios,Korean,45+,2025-09-15
100c6ab4-b8a7-4d1d-b2f7-6f946c590033,UK,android,Chinese,45+,2025-09-23
53b13a13-aef1-46b6-a7ef-0d87afa2dd16,France,web,Chinese,45+,2025-09-29
bc64d129-7f4d-4746-88fe-adb251fd5877,Germany,ios,Chinese,35-44,2025-11-20
2581b73a-d322-4b00-a2e0-c49ffe775f6b,Philippines,web,Korean,18-24,2025-11-07
6f61bb78-76ec-495f-8922-54db58f9bd05,United States,web,Spanish,<18,2025-09-25
27fb5430-eb75-4c9a-ab9b-438a63090606,Brazil,ios,Chinese,45+,2025-10-20
0269b20d-49d2-44ac-b2db-568b69f5266d,United States,web,French,25-34,2025-09-24
2cfe85e8-1201-49cb-afcc-879d289434ef,Brazil,android,Japanese,45+,2025-10-24
a3177f7c-5c3e-439c-8aa4-a62cf666b003,India,android,Spanish,35-44,2025-10-30
d41150bb-c20f-4779-90b3-bf736e9d77f3,Spain,android,Portuguese,45+,2025-11-15
f0fe3fe0-04af-40ae-a88b-9b8498b1e62b,Germany,ios,Russian,25-34,2025-08-05
4634a1fb-d560-4775-9765-5980ef50218d,United States,web,Spanish,18-24,2025-09-04
ae132fd1-42b7-4fd0-9327-aa21112f5197,Spain,web,Italian,35-44,2025-08-23
23121818-c533-43c1-a6af-acf3673f6358,Germany,web,Korean,35-44,2025-10-28
e02b9d44-d0a9-41eb-aaf5-3766d9d661a2,France,web,Spanish,35-44,2025-09-21
130f1aa9-b0d7-44ae-8a3c-5f5492c3215b,India,android,Korean,25-34,2025-11-02
4e884aba-2f5b-4c93-802e-0879ad21ba15,France,ios,Japanese,35-44,2025-11-12
4cc4668a-a628-47d1-8160-3e73d15d0638,Brazil,android,German,18-24,2025-11-24
272138d3-0d84-447c-a9e0-15b20cc922eb,Spain,android,Chinese,<18,2025-10-25
87b7b76a-0340-42eb-bc58-26017f99814b,Germany,ios,Portuguese,<18,2025-09-16
c8d00680-0eba-4634-bd93-5057c7e96b58,Mexico,ios,Hindi,45+,2025-08-11
192a5309-c479-49f7-8e1b-2bddaebf9765,Spain,android,Korean,<18,2025-10-21
f740f1f5-4bf8-4f1f-b401-510033138cb9,Indonesia,web,Italian,25-34,2025-09-25
1fb26465-efa7-462d-8400-55dbc81790bd,Philippines,ios,French,<18,2025-10-08
f7724783-ecfc-4890-ac52-b37bc27d539f,United States,ios,German,25-34,2025-11-27
4c95713c-7536-450a-84b4-5058399892bd,Germany,android,German,25-34,2025-11-17
e199b175-388d-4540-9fee-6686b1e47213,UK,web,Japanese,45+,2025-11-30
4a11d6a4-163b-4ae9-8fd8-3ff725df167f,UK,ios,Russian,<18,2025-10-04
833d206f-1ef6-4b2a-b6cd-956591a4f096,Philippines,android,Hindi,45+,2025-08-10
189eba3b-aa6d-4a0a-974f-2aea3af5b691,Brazil,ios,Russian,35-44,2025-09-08
bf675b61-9259-45ec-a763-7c80bc456588,Spain,web,Portuguese,18-24,2025-11-27
e510f00f-52da-4438-b512-19e3bc3461bf,Spain,android,German,<18,2025-11-20
982f7d91-aeef-4cea-a043-da2b60a03576,UK,android,Hindi,35-44,2025-10-15
5e22e434-8f40-4b70-a932-b1787c6843b1,Spain,web,Japanese,35-44,2025-11-27
8d097914-f15e-4403-9fa8-8131ff2f0f97,Philippines,android,Russian,45+,2025-11-22
aa05262a-5638-40d1-8327-2aa21abe9c08,Spain,web,Chinese,45+,2025-10-10
1639e05a-98e4-4b5c-98ae-cd69b61b26e8,Brazil,android,Hindi,18-24,2025-10-14
7aa2b37b-3466-4962-95c8-14c655db29b4,United States,web,Hindi,18-24,2025-11-11
e8978653-f515-46e8-934d-2fa23a5f4aaa,Indonesia,ios,Korean,18-24,2025-09-04
7150d2eb-c686-4134-8b7c-ddfcee13ed4a,United States,ios,Chinese,18-24,2025-09-18
93358337-a465-4b12-bd2d-16833b9de65b,Indonesia,ios,Spanish,45+,2025-08-11
f1abccf8-7d5d-4e33-b755-c1c741623684,Mexico,android,Hindi,25-34,2025-09-19
ec1c0a3b-7c6e-4cfd-95df-1ec37c3265eb,United States,web,German,45+,2025-09-14
37e69780-6321-4ba1-99a2-bfbeeac7c249,Philippines,web,Japanese,25-34,2025-08-18
6457d3c7-94b2-4ff8-acce-e0005eff40fd,India,ios,Portuguese,45+,2025-09-06
2470520d-7a83-4a17-bd26-41cb7b1390c2,Mexico,ios,Italian,45+,2025-09-05
07ce9802-27c8-4482-a3ba-ef575bd4ddaa,Indonesia,ios,Chinese,18-24,2025-10-07
9980d601-0267-46d7-a898-ad98aa4aa8f7,Indonesia,web,French,25-34,2025-09-16
cfc79753-bc2b-4cdd-a74d-3775b7b372b8,Mexico,ios,Italian,35-44,2025-10-19
796695b3-1716-47f1-86da-09581feed160,Indonesia,android,Italian,35-44,2025-10-25
bee46771-93cb-4d6d-b065-733a1b6a0b93,Germany,ios,German,35-44,2025-10-22
3eb1e2fc-cfa0-42d5-9aa8-9ca5b0638ea9,India,ios,Russian,18-24,2025-08-21
900cd687-8892-4370-af2a-0147c792ad42,Philippines,web,Italian,35-44,2025-11-08
358f8321-6d44-43cd-9c4e-fecd4cca8730,Germany,android,Japanese,45+,2025-09-03
2655b711-f2af-4449-9a36-bbff9d78b1f6,Indonesia,web,Italian,18-24,2025-08-28
91262af5-bf1b-4c39-a46e-834c5fbf28ff,United States,android,Russian,35-44,2025-09-09
2c52530e-8bdf-46b2-b760-a2da81991d40,Germany,android,Korean,18-24,2025-08-22
b964ba32-53bc-4381-8f8b-167394b4e799,United States,ios,Hindi,45+,2025-09-26
29c04bdd-8f39-4c39-a45e-2ccf95eaa9ab,Mexico,ios,Spanish,18-24,2025-11-23
5c18e1c8-ecad-433e-b755-815e62b16bed,Spain,web,German,35-44,2025-08-07
f6ae5198-db39-48e3-b86c-3bb2cbf7c298,France,web,Korean,18-24,2025-08-29
1c43fbf0-8ad9-43be-b991-04fd0ee12514,Indonesia,web,Japanese,<18,2025-08-28
ca7685c5-cb4b-4707-95d0-e45092d66e6a,France,android,Japanese,35-44,2025-10-05
4682c2c9-e990-4245-bdea-22d640a68f97,India,web,Russian,45+,2025-09-22
e46d37e8-2945-4f25-910f-aa27b64196d8,United States,android,Portuguese,25-34,2025-11-17
d4518156-20d9-4bde-8395-e28cdc37b78a,Germany,android,German,18-24,2025-11-22
22828c16-774e-4693-b9f1-3dfe0d3c293c,France,android,German,18-24,2025-08-21
16c0a5ab-60bb-4c37-b29e-76b14718639f,Brazil,android,Korean,35-44,2025-08-23
1f17920f-4426-462c-8345-b4c061ef37a6,Indonesia,android,Italian,35-44,2025-08-08
de5a6ba8-3f17-4082-8726-421259fa267e,France,ios,Hindi,<18,2025-09-05
7bb3d226-9389-4c0f-a9ec-65ded7c350e6,Germany,android,Italian,45+,2025-10-05
0a808238-5f81-44c3-a674-fa0f3f56ec14,Germany,android,Portuguese,18-24,2025-11-21
94e30b8e-ad37-4440-aaea-0a1dfe8f685f,India,ios,Chinese,18-24,2025-10-06
0bbfae61-53b6-4c3d-a0e8-748fe2cd7b43,UK,ios,Chinese,25-34,2025-10-25
5110d7ab-2c23-45e5-8301-b7c43280652a,Philippines,ios,French,18-24,2025-09-07
a5d9e9bf-1329-4ec3-b2f7-55f457cc8fd1,Brazil,web,Korean,18-24,2025-09-12
15f279a0-137f-47bb-b5ec-bf57d28722c0,France,web,Russian,<18,2025-09-04
5668348d-6999-46f8-b030-6e21644d22cd,Philippines,android,Portuguese,25-34,2025-08-27
8213d3b2-7544-493b-a555-7fa0841a6fb2,Brazil,android,Hindi,18-24,2025-10-05
72e8ad7a-448a-46fc-886f-ca7112a8dfe7,UK,android,German,18-24,2025-10-04
99d129a7-7dfc-4d45-b585-9dd14bd3b9a4,France,android,Japanese,45+,2025-11-04
06189a40-4695-4a68-97e6-1c6110cd04e8,Brazil,ios,Portuguese,18-24,2025-11-05
8a3359ce-632c-4374-8066-e2d253a55629,Philippines,web,Hindi,<18,2025-11-15
eb242c91-7721-4703-8fa0-2d4047ecc011,United States,ios,Portuguese,18-24,2025-08-15
ccfdeb6e-aa3e-42c3-9c6b-5febe4cf2e13,Germany,web,Italian,18-24,2025-08-11
0faf7e88-7e30-4fb5-9763-cd534ef4c09a,Spain,ios,French,35-44,2025-09-16
b92490cc-6aec-4168-a1c1-c1c1d6971d2b,Mexico,android,Hindi,18-24,2025-10-31
2219532f-b3b4-4e58-ba6e-5a2793d52c56,Indonesia,web,Italian,25-34,2025-08-09
41d30540-0505-4ec4-a0ce-6cd3cda07401,Spain,android,Korean,35-44,2025-10-18
8748c86b-13a7-4a0b-a353-53a7e0b0c223,France,web,Japanese,25-34,2025-10-14
fa8f88e8-bde4-4ebc-8775-57bec928dc71,France,web,Russian,25-34,2025-11-10
b3831259-91ca-450c-9032-68abac4bdf64,Brazil,android,French,<18,2025-09-05
b9194e88-b307-4609-9155-b2fc4d6b9146,Germany,android,Hindi,18-24,2025-08-08
f79889c5-8cb4-4ff5-a4c7-fcbddf791223,UK,android,Hindi,25-34,2025-09-09
40e6bd39-ce43-41aa-b48a-dbff3baa9be7,India,ios,Spanish,18-24,2025-10-22
65d5cc78-9b5e-4b28-8c17-9ae5d338926c,Brazil,web,Italian,18-24,2025-08-25
e2c8c9d1-ddda-4893-bed0-c30f5e711e59,India,web,German,<18,2025-08-15
c7f36b0c-eaab-4fb8-9048-05016df91d7c,Mexico,web,Korean,<18,2025-08-13
683d030d-11c6-4ef8-8d65-b1fb54a96aea,Philippines,android,Korean,25-34,2025-10-23
62d5a644-b22d-4184-bb96-36c16c261c15,Brazil,web,Hindi,25-34,2025-10-06
d0c50e87-02ea-4d8a-8e06-2bf5c6bad134,Mexico,web,Korean,35-44,2025-10-02
540d1222-9dae-4442-9313-a63927918bad,Indonesia,android,French,18-24,2025-11-30
79644751-45f7-4ac2-9fb1-8dc1a40fe615,Brazil,android,Russian,18-24,2025-11-25
3859b409-ce38-4f36-8822-c043af01f9e3,Germany,web,Chinese,<18,2025-10-04
8171ff92-fd9d-4f0a-a09c-4e44af52166f,Germany,ios,Russian,<18,2025-11-19
6e0116f0-dd3a-4df3-ae9e-0a535df20f35,France,android,Russian,25-34,2025-10-20
8eca2ff2-c20e-4438-9109-c878c16dbb9a,Indonesia,ios,Russian,35-44,2025-10-03
135bdb46-0591-4797-9a60-c26394470939,France,ios,Spanish,35-44,2025-10-05
db2eb2b2-fe37-4a0a-a77b-b683aad82e79,India,ios,German,<18,2025-08-17
ff2b0a87-329c-4cd4-8de8-369956109c31,Spain,ios,Chinese,<18,2025-11-12
ce387573-61d4-46c7-a2d5-2f2cda8f5b33,UK,android,Chinese,35-44,2025-10-28
b4e713fb-10c2-4c63-b52d-58c6443e3bcb,Indonesia,web,Russian,35-44,2025-08-27
39dc0f33-c003-4642-ac2f-622b6d2c206b,Philippines,web,Chinese,25-34,2025-10-20
02319a6f-83a0-4505-b82a-cf18e8769557,UK,android,Hindi,35-44,2025-09-17
66360e9a-21bd-48b2-8927-7a0095102d0c,UK,android,French,18-24,2025-09-21
35fdb46b-beb1-4111-b010-80f2d14a372a,United States,ios,German,35-44,2025-11-17
8a1c1ec7-6637-4243-9ef6-bef384542200,Brazil,ios,Korean,45+,2025-09-29
d37bf292-7df9-4e99-a210-de469a7369c3,Philippines,android,French,35-44,2025-11-20
2deaa99c-0580-4b04-a66c-bc58a0c78140,Indonesia,web,Hindi,<18,2025-10-13
40a4da85-c712-46fe-bd02-51724be84535,France,ios,Spanish,<18,2025-08-21
95b36e66-b406-4ae7-bcc2-e42ad044bf74,India,android,German,45+,2025-09-03
caa858ac-0874-42ee-8766-2af0b552059b,Brazil,android,Spanish,18-24,2025-08-24
17b78f62-57a3-4ee6-a5fb-2239bee002a1,United States,android,Portuguese,35-44,2025-11-20
65bce09c-32a1-4e86-8eb3-f913d1fd1070,India,ios,Japanese,35-44,2025-10-23
a3e7522b-cb80-4776-9b66-d05b2c3043cb,Indonesia,android,Spanish,45+,2025-09-23
67a7b742-cff9-439e-a616-366860261e83,Spain,web,Italian,25-34,2025-09-11
b4931684-997a-47f0-bfac-d09026b03c7e,UK,android,Japanese,25-34,2025-11-24
90cd94f2-cb23-4679-affb-0b1d6d1b1f73,United States,ios,Russian,18-24,2025-08-24
6ce3afc2-fc94-4d5e-a4c0-864b933da4a7,India,web,Russian,35-44,2025-10-26
bd0d6218-b200-4a4a-9962-7c5c1a7b2251,France,web,French,35-44,2025-09-26
86612a01-fea2-4168-bdc7-6adce36d08f2,United States,android,Hindi,35-44,2025-10-05
9cb4f228-5289-45ae-9218-28c54a68b8bd,India,android,Chinese,<18,2025-10-13
fe8fbeb8-e0ef-407c-96c6-54da2d0e8f16,United States,web,Japanese,25-34,2025-09-19
1be1bf0c-9cda-4824-b321-534b743e5ab2,France,android,Korean,45+,2025-10-12
72aff435-4f3e-49a9-ba6c-5f3bad9d33ef,France,ios,German,<18,2025-11-03
4ac77865-ec1d-4e4d-ba4a-05853e400621,Philippines,web,Portuguese,<18,2025-09-15
2b4b6a54-e58a-40fa-9664-5339611084f9,Germany,android,Hindi,25-34,2025-11-02
6be637b0-8eed-4cd6-9e36-8fd428b342cf,UK,web,Hindi,35-44,2025-09-24
136ac39a-d00d-4ac1-927b-211f51652d6b,Brazil,android,Portuguese,18-24,2025-11-13
73165c18-4af5-4189-974c-5c06da826da6,Brazil,android,Korean,45+,2025-10-03
7164a6a3-de70-4f8a-a284-f5eacee9f214,Indonesia,ios,Spanish,25-34,2025-10-15
ce13e3dd-8e6c-4802-8338-0647e05d9d16,Mexico,android,Korean,18-24,2025-11-25
4c1226ff-4254-4fcc-8da9-8a8c82da3214,Indonesia,android,Korean,25-34,2025-10-21
4641e8b1-cd9b-4be0-8aab-c2a741e94c4f,Mexico,android,Japanese,25-34,2025-11-07
5f3e2c36-97d3-45ba-8f2a-e3b598ba9b58,United States,ios,Italian,25-34,2025-08-21
adadbe4c-1577-4d7c-bf98-84744d84d017,Mexico,android,German,25-34,2025-09-06
7683e66c-dc1b-4daa-b96b-5f66188b0b12,Germany,android,Hindi,35-44,2025-09-19
e6e37f66-5b22-4d13-bf57-625193daae8a,Germany,android,French,<18,2025-10-09
ce4fa9e3-ab10-478d-909f-c666ca873b82,UK,web,Chinese,25-34,2025-08-25
1f3bda1b-0e09-42c9-a69a-30be0bf87028,India,ios,Korean,18-24,2025-10-09
4bba4b31-c18f-42b3-931e-8751cdc509c0,Brazil,web,Portuguese,18-24,2025-09-22
b3987c9d-55aa-4267-8e8f-0f380d0245b4,UK,ios,Korean,18-24,2025-08-25
6cdd31b5-30ee-4502-a9f3-3d59d9e35815,Germany,ios,Portuguese,<18,2025-10-21
72a35a96-53d9-4116-8cb3-b403767706f5,India,web,German,<18,2025-09-25
21b1e24d-c3fd-4398-9cdc-a23a1a3a51d4,Indonesia,ios,Russian,18-24,2025-09-06
39304413-df50-4050-bf44-f6a0f20a1551,Brazil,ios,German,35-44,2025-11-03
7f897f6d-a4ef-46c9-a2bd-e894561e4a69,Philippines,web,French,<18,2025-11-11
0f964516-5d97-428d-8972-ee5d4b341779,Brazil,android,Italian,<18,2025-09-10
cd1f5278-a5e9-46b1-8259-3fc6584de870,United States,ios,Japanese,35-44,2025-09-09
71d01d8a-6c36-482c-bfd6-24a5ecf32b99,Spain,web,Portuguese,25-34,2025-11-24
697795c1-a026-41b7-9b86-6e30d70d5b2d,Brazil,ios,Italian,<18,2025-08-31
8c0637b0-e8da-4c19-89cc-251d22e1a273,Germany,web,Portuguese,18-24,2025-08-06
110d4824-1b5d-4f7c-bdf5-58639e28cc80,United States,android,Japanese,18-24,2025-09-03
872e6d52-af4e-4622-9279-cab47bf88e6a,France,ios,German,35-44,2025-09-21
09ff2a6d-0a2d-48cf-9f6f-2b8bd993fff6,Mexico,android,Spanish,18-24,2025-08-18
543429b3-7813-427d-9f0c-ff1590f75af0,Indonesia,android,Italian,45+,2025-10-02
1a4bbbe3-eed4-442f-a2df-62a3b7f6df1a,Philippines,web,Portuguese,18-24,2025-11-19
18c5b434-1edf-4b87-8d0c-77a558de1777,Indonesia,ios,Italian,35-44,2025-09-19
961793d3-7c35-4285-acb5-496664013a67,France,ios,Italian,35-44,2025-09-18
935d9bd0-5bb2-4e9b-866e-29e127adbd09,Spain,ios,Portuguese,35-44,2025-10-05
165baee4-0955-4835-bbf1-90b2743e0115,Brazil,ios,Japanese,45+,2025-10-23
ed18243d-04a0-47b2-94a7-139c838f9f0b,UK,ios,Japanese,<18,2025-09-23
7e46b9bd-4cf5-461c-9a1f-63e754ca1120,United States,web,Chinese,25-34,2025-11-21
5def9f2a-836f-46c3-84a0-0dc768b23bf8,Philippines,ios,Chinese,18-24,2025-08-20
3968519f-4426-4f39-a6f9-bc91e3f2a2f1,France,android,German,<18,2025-10-08
00fe5689-4443-4e9a-a3ad-a9b6edd35467,Spain,android,Hindi,35-44,2025-11-11
f7fdc390-99bf-401f-9473-977c79d8ec67,Indonesia,ios,Italian,<18,2025-10-25
6d98f152-5afa-4d5a-b811-d6cf72db470a,France,web,Italian,<18,2025-10-13
ac3c1eda-d230-4935-bcd5-d5a52325cb48,Philippines,web,German,45+,2025-11-25
ae99c4e1-7734-4166-98eb-a2e2a7aabfc5,Philippines,ios,French,35-44,2025-09-18
088b40d7-17c4-48ec-bcf5-3322ced50d36,Spain,android,German,35-44,2025-11-20
08df405b-adba-473f-b227-0cce622125b1,Indonesia,ios,Hindi,18-24,2025-09-07
ff7dbb7e-87e9-41c6-989d-0660a6ebdf9b,Germany,ios,German,18-24,2025-08-21
89023715-eb8a-4ac1-8e56-d6d3973bbcd7,Philippines,ios,French,18-24,2025-09-18
01ede8d3-0755-40ea-9a55-5753fcfcfade,United States,web,Japanese,18-24,2025-08-27
ee076fe4-8036-466e-b41b-b55d9a867570,United States,web,Italian,<18,2025-08-21
8fe970ba-a70c-4b72-99b6-ab4ad1b6abe3,Mexico,android,Hindi,<18,2025-10-16
27eb3e14-ae69-4bd0-92a2-5ead05c9c19d,Indonesia,android,Spanish,18-24,2025-10-23
c8b706b8-34f7-49ce-bbfc-184386177ddf,France,ios,Chinese,18-24,2025-10-01
b656942b-c228-41c1-80ad-6cd495164f5b,United States,android,Russian,18-24,2025-09-12
d4f12bf3-e032-43d5-84e2-2cc4241c9e1d,Spain,ios,German,25-34,2025-09-10
bc9a1c12-340b-4190-83e7-1db79cba4ff1,France,android,Portuguese,18-24,2025-11-26
fc0686c6-1eac-4e4d-8b2b-af3d6bb04c1c,Indonesia,ios,Japanese,25-34,2025-11-22
defb31a0-8f1c-4236-9f43-50587a547ce7,Spain,web,Italian,18-24,2025-11-06
6e5a5a8e-5be1-46ad-8c0b-ab1a55655b9e,Brazil,ios,Russian,35-44,2025-08-21
c6d37285-9785-4f2a-9cf0-5d30c70d6e5b,India,web,Portuguese,45+,2025-11-16
06473382-d1f4-4df9-8eab-5923c43d234d,United States,web,French,<18,2025-08-12
2a22ec6d-421f-4be9-8d61-fe09d33f5af3,United States,android,German,35-44,2025-09-20
06387039-b7af-49fb-9faa-c5cb3e15922a,Mexico,android,Chinese,45+,2025-08-10
a209b061-60ff-4f54-bab5-e37fbf94fdbc,Germany,web,Chinese,25-34,2025-08-29
c97a2702-417a-4388-a2bd-11f3eef0bbcf,Mexico,ios,Spanish,<18,2025-09-13
9eeb1e42-970b-42f9-9558-3f144161bcda,Indonesia,ios,Russian,25-34,2025-08-22
00c921fc-fd0f-4f29-9bb1-0dcfecccb22f,Mexico,android,Chinese,25-34,2025-12-03
5dac0fd4-b13a-46bf-b9d7-d6345fa35493,Germany,ios,French,<18,2025-08-29
f69d189d-4de4-4f84-89b7-f74c693aaafe,Germany,ios,Russian,45+,2025-11-15
b5599b56-3394-4ecf-8ccd-a6335fd35c36,Philippines,ios,Russian,<18,2025-09-10
48ae427e-f3c0-45c5-9e2e-c0accf46e62b,Philippines,web,Chinese,18-24,2025-11-14
e9cb5db9-fbbc-4228-a2e7-26704a0aabed,India,web,Russian,25-34,2025-10-07
73ad90b2-8271-41be-a178-2d0c86051199,Spain,ios,Italian,18-24,2025-09-26
605fb41e-3ab2-4529-a15e-707263f1dcec,Brazil,android,Spanish,<18,2025-10-27
4d190f3d-7da1-4569-abfb-e77085e0250c,Germany,ios,Chinese,<18,2025-10-15
5a01b477-d176-407f-a694-8d246a150975,Brazil,android,Italian,45+,2025-09-16
75a31921-b51b-41d3-8199-36a3a5113fe1,United States,web,Spanish,25-34,2025-09-21
0fdad0f8-20f6-4255-857b-820079ae72be,UK,ios,Japanese,35-44,2025-10-07
c8d07bd0-c32e-479c-a603-e4fe60c72e70,India,ios,Spanish,<18,2025-11-08
34c64f35-b92d-4259-9b17-16f92212ddb1,Indonesia,android,Korean,35-44,2025-11-07
99253591-ae83-4c66-8eb7-a3e7471e69bb,France,android,Russian,25-34,2025-09-07
275c10a3-b9e3-40d8-8d8f-462d3466c833,Brazil,ios,French,18-24,2025-08-13
5bed83ae-efa3-4e98-b50c-99926d8bf298,Mexico,ios,Chinese,25-34,2025-10-24
d60e997b-9152-4379-a4d1-37f0f84ef873,Germany,android,Japanese,45+,2025-10-26
a418adb5-8cf3-4ae1-8196-11dbd9278cf5,Brazil,web,Korean,35-44,2025-09-22
b9320914-ec09-43dd-81b6-d86670fddb6b,France,android,French,35-44,2025-08-24
4818ade0-b632-45ab-8b31-940f992f8d91,Germany,ios,German,18-24,2025-08-09
62f6d0f5-dc2f-4e30-8d43-486476ce26c9,Indonesia,web,French,18-24,2025-09-08
a56e7876-d0f0-43f0-8dd5-0a7d50d5bbb4,UK,web,Russian,<18,2025-10-26
38a45415-c640-4876-9227-c7c398d57161,Mexico,web,Italian,25-34,2025-08-08
37097689-78dd-4960-97a2-4405475e87a6,Brazil,web,Spanish,45+,2025-08-05
323e87bd-a8be-40a4-b12b-518961706bf2,Philippines,ios,German,<18,2025-08-06
4eb1baf7-67f8-4b41-b648-6c171dffe8f8,India,web,Spanish,25-34,2025-10-09
874ee9a0-902b-4a90-9d10-1301abf14d25,Brazil,android,Russian,18-24,2025-09-03
095383c1-70d3-41c4-885b-9aa0cc696a6e,Brazil,android,Chinese,45+,2025-08-08
610a33ff-3a64-4ecc-aabe-97c4c3dbbda1,France,android,Japanese,18-24,2025-10-20
efc5a64b-1821-48dc-83ab-a400de6487de,France,ios,German,18-24,2025-11-22
4aa4500c-9e96-42ee-9391-6cd714e128a0,India,web,Chinese,35-44,2025-09-20
b55acb8d-4bd9-477f-a244-779bbb0ed2ac,Brazil,android,Korean,25-34,2025-12-02
5ace09e4-8ec9-4e8a-96d7-1020246dd6ea,Spain,android,Chinese,<18,2025-09-16
fd06678d-4ba9-4cb1-9186-ad32fdb73b10,Indonesia,android,Portuguese,35-44,2025-09-29
50e1e82e-0f3d-407f-805f-c822af25d41b,France,web,German,25-34,2025-10-13
61be1e79-0f99-4df9-90e3-b9fbacc4c0c6,France,android,Chinese,25-34,2025-08-17
cdf6ada9-4232-411f-a1df-18ef0625d463,Spain,web,Italian,25-34,2025-11-17
f4735929-cda5-4686-bb24-9a4cdc21c469,Germany,web,Italian,45+,2025-08-16
09178adb-4990-446c-8a3c-8f6e38605af2,Brazil,web,Korean,35-44,2025-10-27
8db6e167-2b1a-4b2e-a781-9a321d6685a3,India,ios,Spanish,<18,2025-11-26
a1787b44-ca3a-4c05-8573-6314a516026d,France,ios,Hindi,35-44,2025-10-17
6a8dba15-b986-4060-9743-6081db09d039,India,web,Chinese,18-24,2025-08-10
d89862c3-12fd-48d5-9558-a464fda8db91,India,web,Russian,25-34,2025-09-24
2869e36b-faf9-4775-8dc9-11619a722f69,Indonesia,ios,German,18-24,2025-11-27
ac5a0086-a3d0-4214-9e75-327d0325c5ed,Philippines,ios,Chinese,35-44,2025-12-03
efcf07fd-6b66-49a2-a0b0-ca33c4238e4c,France,web,Spanish,<18,2025-09-04
59214588-f641-4de6-9520-ac412677f841,Mexico,ios,Chinese,18-24,2025-09-23
a1e64c15-9506-483f-bc08-ce2607940e27,Germany,android,Hindi,18-24,2025-08-20
1798b6e4-3c19-4dd5-a891-41d7d994a797,India,web,Japanese,45+,2025-10-19
978dc078-ae42-45f4-b360-4813d6c059a6,France,web,Hindi,35-44,2025-11-19
efd07322-ba06-4fe8-9e57-c3a4c7c3de91,Germany,ios,Russian,18-24,2025-08-15
780472cf-0286-4e99-ba36-9b43bd492bee,Mexico,android,Hindi,35-44,2025-10-28
37ab9276-3f68-46f9-9390-89cf4777ae1b,France,ios,Russian,<18,2025-08-15
07939d8f-42ab-49b8-9da1-e0da26a25ed3,Brazil,android,Spanish,18-24,2025-11-30
0b2eec67-80c1-4dd9-a445-55e30713c427,India,android,German,<18,2025-11-03
b383ae91-a1d6-4898-97e6-04e20bee3712,Mexico,web,Hindi,18-24,2025-10-09
894b4839-de20-4310-9f7b-0e26f0c32c7c,Brazil,android,Italian,25-34,2025-09-05
1e80d014-84e0-4be4-91b1-e1b847aba462,India,web,Korean,45+,2025-09-19
68977d57-1d0f-48d6-a14c-b2301b3ec252,United States,android,Hindi,45+,2025-10-14
088ae0bd-f6bf-46ef-8e54-e413bfb0a61c,UK,web,German,45+,2025-09-14
7e201d34-4b01-4a8c-a92e-d851d6d356a3,Spain,android,Spanish,<18,2025-10-24
8f87cfb8-4f0c-4151-9635-87b43db04bfb,India,ios,Italian,35-44,2025-09-03
199c23e3-d5b3-46f2-afc8-2ffdc908e1d4,Mexico,android,Russian,45+,2025-10-16
38f18ed3-5312-4660-8fed-373b3ca43b6f,Mexico,ios,Italian,18-24,2025-10-13
955c4fb8-49aa-45db-a8b0-d80cab2408fc,UK,android,Hindi,18-24,2025-10-16
4caaa7e7-b29e-4f51-b35d-4632868d1d5e,France,android,Spanish,25-34,2025-10-09
7dcce560-e721-4d01-9b15-6c559ca1801a,Spain,web,Russian,<18,2025-09-25
126451e1-557b-468e-bd47-77aa4d94fb77,Germany,android,French,18-24,2025-11-06
3d003cd9-e753-4fe4-935d-c72a74442e1a,India,android,Portuguese,18-24,2025-09-10
ca022016-d25b-4429-8759-16251bfc3de2,France,android,Chinese,25-34,2025-11-11
bbd3a6aa-cb10-482c-98c1-baec010586f5,Brazil,ios,Japanese,25-34,2025-10-04
8278dc94-0163-473d-9d22-1bebb25f3299,Germany,web,German,35-44,2025-11-16
23cb9f9e-8148-4407-b260-ee3c4af94a0d,Spain,web,German,35-44,2025-11-09
5403a1db-fc0d-4310-9534-3bb4c6cde4cd,France,android,German,35-44,2025-09-23
87ca9be5-3bbd-4113-af8f-5b151d42c1ec,Philippines,android,French,18-24,2025-10-15
38aa1586-f564-4e25-a0ae-8458bd32e681,Germany,ios,Spanish,25-34,2025-08-18
ac401542-a04e-4827-8554-bb38d6a0ccb2,Indonesia,android,Italian,<18,2025-08-07
ef269876-00bc-445b-aace-5f7e4b978490,Indonesia,web,Russian,35-44,2025-10-18
9c9568a5-45d2-424d-99c4-50b3191a7f54,India,web,Italian,45+,2025-08-18
f57e6b24-cf6d-4239-89b1-c7ca5c45abbc,India,ios,Italian,18-24,2025-10-11
44949856-1da1-40d8-8f21-7f61f36f433f,India,ios,Japanese,<18,2025-11-14
f04324a3-f1e0-4330-ae69-6c3b90ffc9cf,Spain,web,German,18-24,2025-10-28
c0cba6ac-f5ab-499d-89de-5fb318abe7c2,Philippines,ios,German,35-44,2025-08-14
875ae16d-3962-4c36-87d5-e3f73e4315dd,France,android,French,18-24,2025-09-09
f19408d0-3dce-4e1e-a782-92d7d3677bcd,Brazil,android,Italian,35-44,2025-11-17
21fa05aa-8e02-4877-999a-ea4b270ecf3d,United States,ios,Japanese,18-24,2025-11-16
de6c28b9-51f9-4b91-8af3-5f2f79f8c51b,Mexico,web,Portuguese,35-44,2025-12-02
4d7c084b-87d2-4ad1-a67d-4b3d40a9b507,Brazil,ios,French,25-34,2025-11-24
61f3977e-c600-4869-8cd0-5f4317bf6f2e,France,web,French,25-34,2025-09-12
3490c1bd-1c00-43bd-b741-9a76b73a793e,Philippines,ios,Chinese,25-34,2025-12-01
bb574d96-b7aa-4c3d-815b-cbb8def2aa3a,Spain,ios,Portuguese,25-34,2025-11-15
00b2f96a-6f4d-4d6e-81d1-040b35ca2c8f,Germany,ios,German,25-34,2025-09-02
7afd995d-d9d9-4b7c-9e24-c08f5cfc8ce7,Brazil,android,Italian,45+,2025-08-12
22219227-7825-4767-8eb0-c4cfc6073394,Germany,android,German,18-24,2025-10-02
60cdc03d-7b12-4281-9a21-a92a2966c108,United States,web,French,25-34,2025-09-10
eae429d0-3c00-4df0-a644-d2b41014ada7,France,ios,German,45+,2025-10-09
9dd75386-440b-4558-9033-6a276738860d,Philippines,android,Spanish,45+,2025-11-16
7ee7326d-af51-4d1e-9119-4104565fd309,France,ios,Hindi,18-24,2025-11-23
a52c2435-0b5a-4b2b-bd27-a027b489b83d,Mexico,web,Portuguese,18-24,2025-11-16
4c11bcd5-3b8e-4fce-9b69-ebabe5d6fffc,Spain,android,Italian,35-44,2025-09-12
5506947d-3457-4cc7-a6fc-b99e9c749983,Mexico,web,Portuguese,35-44,2025-08-22
78168cb2-3a55-434e-951d-c8da880a6feb,France,android,Chinese,25-34,2025-10-11
72e1c924-a694-4b7c-b7c2-4791c1c726ff,Mexico,ios,German,<18,2025-08-15
14e887ea-6ff3-44ff-ab33-05a417b269bf,UK,web,German,35-44,2025-10-06
6bfa49fa-1ef2-4679-9387-3d832225664f,France,android,Italian,<18,2025-08-11
9d9c8368-b030-40f1-8d59-910c9c4784e4,Philippines,android,Italian,35-44,2025-08-25
1af2eade-e53b-40d0-b5da-f6b3d1ff852f,Brazil,ios,Spanish,45+,2025-09-05
e2e1516e-0b23-4a42-944b-183fccecbada,Philippines,web,Japanese,45+,2025-09-17
08d54fdd-0936-4b42-8f47-85591334f043,UK,web,Korean,45+,2025-08-06
